datetime,day_type,stop_id,station_name,lines,hourly_entries,avg_daily_all,avg_daily_weekday,avg_daily_weekend,days_counted
2025-02-16 00:00:00,weekend,place-aport,Airport,Blue Line,74.0,6078.3,6569.2,4836.4,360
2025-02-16 00:00:00,weekend,place-alfcl,Alewife,Red Line,9.0,5780.6,6616.4,3687.0,361
2025-02-16 00:00:00,weekend,place-andrw,Andrew,Red Line,17.0,3255.3,3702.9,2134.3,361
2025-02-16 00:00:00,weekend,place-aqucl,Aquarium,Blue Line,103.0,3333.0,3432.4,3084.2,361
2025-02-16 00:00:00,weekend,place-armnl,Arlington,Green Line,54.0,3907.7,3974.4,3739.3,349
2025-02-16 00:00:00,weekend,place-asmnl,Ashmont,Red Line,1.0,3756.3,4380.3,2193.5,361
2025-02-16 00:00:00,weekend,place-bbsta,Back Bay,Orange Line,154.0,10028.9,11471.0,6270.6,357
2025-02-16 00:00:00,weekend,place-bmmnl,Beachmont,Blue Line,7.0,2348.0,2653.2,1560.5,358
2025-02-16 00:00:00,weekend,place-bomnl,Bowdoin,Blue Line,14.0,1406.3,1701.8,666.0,361
2025-02-16 00:00:00,weekend,place-boyls,Boylston,Green Line,103.0,3859.1,3732.2,4181.6,347
2025-02-16 00:00:00,weekend,place-brntn,Braintree,Red Line,5.0,2316.0,2671.8,1416.0,360
2025-02-16 00:00:00,weekend,place-brdwy,Broadway,Red Line,37.0,3513.1,3928.7,2393.2,351
2025-02-16 00:00:00,weekend,place-cntsq,Central,Red Line,102.0,8250.8,8876.6,6683.3,361
2025-02-16 00:00:00,weekend,place-chmnl,Charles/MGH,Red Line,17.0,5543.2,6654.1,2760.4,361
2025-02-16 00:00:00,weekend,place-chncl,Chinatown,Orange Line,55.0,3955.4,4305.4,3078.5,361
2025-02-16 00:00:00,weekend,place-coecl,Copley,Green Line,162.0,7980.6,7980.3,7981.3,350
2025-02-16 00:00:00,weekend,place-crtst,Courthouse,Silver Line,38.0,2253.6,2567.2,1468.3,361
2025-02-16 00:00:00,weekend,place-davis,Davis,Red Line,21.0,4866.6,5296.7,3789.1,361
2025-02-16 00:00:00,weekend,place-dwnxg,Downtown Crossing,"Orange Line, Red Line",59.0,10888.3,12269.6,7428.3,361
2025-02-16 00:00:00,weekend,place-fldcr,Fields Corner,Red Line,4.0,2377.4,2697.5,1575.7,361
2025-02-16 00:00:00,weekend,place-forhl,Forest Hills,Orange Line,16.0,6328.0,7469.5,3468.6,361
2025-02-16 00:00:00,weekend,place-gover,Government Center,"Blue Line, Green Line",131.0,4821.1,5170.1,3947.0,361
2025-02-16 00:00:00,weekend,place-harsq,Harvard,Red Line,94.0,10860.0,11361.2,9604.7,361
2025-02-16 00:00:00,weekend,place-haecl,Haymarket,"Green Line, Orange Line",78.0,6453.5,6748.3,5715.2,361
2025-02-16 00:00:00,weekend,place-hymnl,Hynes Convention Center,Green Line,84.0,5288.6,5220.1,5460.7,355
2025-02-16 00:00:00,weekend,place-jfk,JFK/UMass,Red Line,9.0,4084.5,4808.4,2173.9,353
2025-02-16 00:00:00,weekend,place-jaksn,Jackson Square,Orange Line,8.0,2846.1,3326.1,1631.9,360
2025-02-16 00:00:00,weekend,place-knncl,Kendall/MIT,Red Line,49.0,8412.3,9925.9,4498.5,355
2025-02-16 00:00:00,weekend,place-kencl,Kenmore,Green Line,66.0,4439.8,4535.1,4203.1,352
2025-02-16 00:00:00,weekend,place-mlmnl,Malden Center,Orange Line,1.0,5719.4,6595.3,3525.2,361
2025-02-16 00:00:00,weekend,place-mvbcl,Maverick,Blue Line,26.0,7320.1,8106.1,5351.5,361
2025-02-16 00:00:00,weekend,place-nqncy,North Quincy,Red Line,1.0,2886.8,3386.6,1634.9,361
2025-02-16 00:00:00,weekend,place-north,North Station,"Green Line, Orange Line",115.0,11662.5,13084.0,8031.2,359
2025-02-16 00:00:00,weekend,place-ogmnl,Oak Grove,Orange Line,1.0,3496.9,4070.8,2045.5,360
2025-02-16 00:00:00,weekend,place-orhte,Orient Heights,Blue Line,9.0,3047.0,3426.0,2079.0,359
2025-02-16 00:00:00,weekend,place-pktrm,Park Street,"Green Line, Red Line",179.0,8842.8,9190.0,7973.2,361
2025-02-16 00:00:00,weekend,place-portr,Porter,Red Line,18.0,4190.9,4505.7,3402.5,361
2025-02-16 00:00:00,weekend,place-prmnl,Prudential,Green Line,21.0,2182.0,2137.6,2292.7,353
2025-02-16 00:00:00,weekend,place-qamnl,Quincy Adams,Red Line,2.0,1560.4,1835.5,867.2,359
2025-02-16 00:00:00,weekend,place-qnctr,Quincy Center,Red Line,9.0,3374.7,3868.8,2094.1,352
2025-02-16 00:00:00,weekend,place-rbmnl,Revere Beach,Blue Line,6.0,2267.8,2518.2,1633.2,357
2025-02-16 00:00:00,weekend,place-rcmnl,Roxbury Crossing,Orange Line,13.0,2916.6,3388.0,1712.4,359
2025-02-16 00:00:00,weekend,place-rugg,Ruggles,Orange Line,26.0,5463.2,6671.9,2435.5,361
2025-02-16 00:00:00,weekend,place-shmnl,Savin Hill,Red Line,16.0,1248.0,1417.1,824.3,361
2025-02-16 00:00:00,weekend,place-spmnl,Science Park,Green Line,3.0,733.3,762.6,660.0,361
2025-02-16 00:00:00,weekend,place-sstat,South Station,"Red Line, Silver Line",57.0,11868.8,13721.2,7126.5,356
2025-02-16 00:00:00,weekend,place-state,State Street,"Blue Line, Orange Line",89.0,7246.9,8717.0,3578.8,360
2025-02-16 00:00:00,weekend,place-sbmnl,Stony Brook,Orange Line,3.0,1897.8,2150.5,1257.4,357
2025-02-16 00:00:00,weekend,place-sdmnl,Suffolk Downs,Blue Line,2.0,501.1,568.7,323.9,355
2025-02-16 00:00:00,weekend,place-symcl,Symphony,Green Line,19.0,946.3,920.8,1010.2,327
2025-02-16 00:00:00,weekend,place-tumnl,Tufts Medical Center,Orange Line,41.0,3777.8,4535.5,1880.0,361
2025-02-16 00:00:00,weekend,place-unsqu,Union Square,Green Line,4.17,135.3,144.6,111.3,347
2025-02-16 00:00:00,weekend,place-wlsta,Wollaston,Red Line,4.0,1734.5,2020.8,1017.4,361
2025-02-16 00:00:00,weekend,place-wondl,Wonderland,Blue Line,20.0,3759.9,4264.2,2469.0,356
2025-02-16 00:00:00,weekend,place-wimnl,Wood Island,Blue Line,7.0,1318.7,1467.7,932.0,356
2025-02-16 00:00:00,weekend,place-wtcst,World Trade Center,Silver Line,13.0,1200.2,1316.5,909.0,361
2025-02-16 01:00:00,weekend,place-aport,Airport,Blue Line,6.0,6078.3,6569.2,4836.4,360
2025-02-16 01:00:00,weekend,place-alfcl,Alewife,Red Line,1.0,5780.6,6616.4,3687.0,361
2025-02-16 01:00:00,weekend,place-aqucl,Aquarium,Blue Line,4.0,3333.0,3432.4,3084.2,361
2025-02-16 01:00:00,weekend,place-armnl,Arlington,Green Line,6.0,3907.7,3974.4,3739.3,349
2025-02-16 01:00:00,weekend,place-bbsta,Back Bay,Orange Line,3.0,10028.9,11471.0,6270.6,357
2025-02-16 01:00:00,weekend,place-bmmnl,Beachmont,Blue Line,2.0,2348.0,2653.2,1560.5,358
2025-02-16 01:00:00,weekend,place-boyls,Boylston,Green Line,18.0,3859.1,3732.2,4181.6,347
2025-02-16 01:00:00,weekend,place-brntn,Braintree,Red Line,1.0,2316.0,2671.8,1416.0,360
2025-02-16 01:00:00,weekend,place-brdwy,Broadway,Red Line,1.0,3513.1,3928.7,2393.2,351
2025-02-16 01:00:00,weekend,place-cntsq,Central,Red Line,6.0,8250.8,8876.6,6683.3,361
2025-02-16 01:00:00,weekend,place-chmnl,Charles/MGH,Red Line,1.0,5543.2,6654.1,2760.4,361
2025-02-16 01:00:00,weekend,place-chncl,Chinatown,Orange Line,1.0,3955.4,4305.4,3078.5,361
2025-02-16 01:00:00,weekend,place-coecl,Copley,Green Line,14.0,7980.6,7980.3,7981.3,350
2025-02-16 01:00:00,weekend,place-crtst,Courthouse,Silver Line,1.0,2253.6,2567.2,1468.3,361
2025-02-16 01:00:00,weekend,place-dwnxg,Downtown Crossing,"Orange Line, Red Line",2.0,10888.3,12269.6,7428.3,361
2025-02-16 01:00:00,weekend,place-fldcr,Fields Corner,Red Line,5.0,2377.4,2697.5,1575.7,361
2025-02-16 01:00:00,weekend,place-forhl,Forest Hills,Orange Line,8.0,6328.0,7469.5,3468.6,361
2025-02-16 01:00:00,weekend,place-gover,Government Center,"Blue Line, Green Line",6.0,4821.1,5170.1,3947.0,361
2025-02-16 01:00:00,weekend,place-grnst,Green Street,Orange Line,1.0,1799.9,2077.1,1101.4,359
2025-02-16 01:00:00,weekend,place-harsq,Harvard,Red Line,5.0,10860.0,11361.2,9604.7,361
2025-02-16 01:00:00,weekend,place-haecl,Haymarket,"Green Line, Orange Line",9.0,6453.5,6748.3,5715.2,361
2025-02-16 01:00:00,weekend,place-hymnl,Hynes Convention Center,Green Line,14.0,5288.6,5220.1,5460.7,355
2025-02-16 01:00:00,weekend,place-jfk,JFK/UMass,Red Line,1.0,4084.5,4808.4,2173.9,353
2025-02-16 01:00:00,weekend,place-jaksn,Jackson Square,Orange Line,1.0,2846.1,3326.1,1631.9,360
2025-02-16 01:00:00,weekend,place-knncl,Kendall/MIT,Red Line,4.0,8412.3,9925.9,4498.5,355
2025-02-16 01:00:00,weekend,place-kencl,Kenmore,Green Line,2.0,4439.8,4535.1,4203.1,352
2025-02-16 01:00:00,weekend,place-mvbcl,Maverick,Blue Line,3.0,7320.1,8106.1,5351.5,361
2025-02-16 01:00:00,weekend,place-nqncy,North Quincy,Red Line,6.0,2886.8,3386.6,1634.9,361
2025-02-16 01:00:00,weekend,place-north,North Station,"Green Line, Orange Line",8.0,11662.5,13084.0,8031.2,359
2025-02-16 01:00:00,weekend,place-ogmnl,Oak Grove,Orange Line,1.0,3496.9,4070.8,2045.5,360
2025-02-16 01:00:00,weekend,place-pktrm,Park Street,"Green Line, Red Line",31.0,8842.8,9190.0,7973.2,361
2025-02-16 01:00:00,weekend,place-portr,Porter,Red Line,2.0,4190.9,4505.7,3402.5,361
2025-02-16 01:00:00,weekend,place-prmnl,Prudential,Green Line,1.0,2182.0,2137.6,2292.7,353
2025-02-16 01:00:00,weekend,place-rbmnl,Revere Beach,Blue Line,3.0,2267.8,2518.2,1633.2,357
2025-02-16 01:00:00,weekend,place-rcmnl,Roxbury Crossing,Orange Line,1.0,2916.6,3388.0,1712.4,359
2025-02-16 01:00:00,weekend,place-rugg,Ruggles,Orange Line,1.0,5463.2,6671.9,2435.5,361
2025-02-16 01:00:00,weekend,place-shmnl,Savin Hill,Red Line,1.0,1248.0,1417.1,824.3,361
2025-02-16 01:00:00,weekend,place-spmnl,Science Park,Green Line,1.0,733.3,762.6,660.0,361
2025-02-16 01:00:00,weekend,place-smmnl,Shawmut,Red Line,1.0,1085.6,1267.3,630.5,361
2025-02-16 01:00:00,weekend,place-sstat,South Station,"Red Line, Silver Line",3.0,11868.8,13721.2,7126.5,356
2025-02-16 01:00:00,weekend,place-state,State Street,"Blue Line, Orange Line",10.0,7246.9,8717.0,3578.8,360
2025-02-16 01:00:00,weekend,place-symcl,Symphony,Green Line,4.0,946.3,920.8,1010.2,327
2025-02-16 01:00:00,weekend,place-tumnl,Tufts Medical Center,Orange Line,1.0,3777.8,4535.5,1880.0,361
2025-02-16 01:00:00,weekend,place-wimnl,Wood Island,Blue Line,3.0,1318.7,1467.7,932.0,356
2025-02-16 02:00:00,weekend,place-forhl,Forest Hills,Orange Line,2.0,6328.0,7469.5,3468.6,361
2025-02-16 02:00:00,weekend,place-mvbcl,Maverick,Blue Line,3.0,7320.1,8106.1,5351.5,361
2025-02-16 02:00:00,weekend,place-north,North Station,"Green Line, Orange Line",2.0,11662.5,13084.0,8031.2,359
2025-02-16 02:00:00,weekend,place-rugg,Ruggles,Orange Line,1.0,5463.2,6671.9,2435.5,361
2025-02-16 02:00:00,weekend,place-state,State Street,"Blue Line, Orange Line",2.0,7246.9,8717.0,3578.8,360
2025-02-16 02:00:00,weekend,place-wlsta,Wollaston,Red Line,2.0,1734.5,2020.8,1017.4,361
2025-02-16 02:00:00,weekend,place-wimnl,Wood Island,Blue Line,1.0,1318.7,1467.7,932.0,356
2025-02-16 03:00:00,weekend,place-brntn,Braintree,Red Line,1.0,2316.0,2671.8,1416.0,360
2025-02-16 03:00:00,weekend,place-chmnl,Charles/MGH,Red Line,1.0,5543.2,6654.1,2760.4,361
2025-02-16 03:00:00,weekend,place-jfk,JFK/UMass,Red Line,1.0,4084.5,4808.4,2173.9,353
2025-02-16 03:00:00,weekend,place-north,North Station,"Green Line, Orange Line",1.0,11662.5,13084.0,8031.2,359
2025-02-16 03:00:00,weekend,place-state,State Street,"Blue Line, Orange Line",1.0,7246.9,8717.0,3578.8,360
2025-02-16 04:00:00,weekend,place-aport,Airport,Blue Line,2.0,6078.3,6569.2,4836.4,360
2025-02-16 04:00:00,weekend,place-asmnl,Ashmont,Red Line,1.0,3756.3,4380.3,2193.5,361
2025-02-16 04:00:00,weekend,place-brntn,Braintree,Red Line,1.0,2316.0,2671.8,1416.0,360
2025-02-16 04:00:00,weekend,place-cntsq,Central,Red Line,2.0,8250.8,8876.6,6683.3,361
2025-02-16 04:00:00,weekend,place-forhl,Forest Hills,Orange Line,3.0,6328.0,7469.5,3468.6,361
2025-02-16 04:00:00,weekend,place-gover,Government Center,"Blue Line, Green Line",1.0,4821.1,5170.1,3947.0,361
2025-02-16 04:00:00,weekend,place-haecl,Haymarket,"Green Line, Orange Line",2.0,6453.5,6748.3,5715.2,361
2025-02-16 04:00:00,weekend,place-jfk,JFK/UMass,Red Line,2.0,4084.5,4808.4,2173.9,353
2025-02-16 04:00:00,weekend,place-matt,Mattapan Line,Mattapan Line,1.15,2785.5,3271.4,1568.2,361
2025-02-16 04:00:00,weekend,place-rugg,Ruggles,Orange Line,1.0,5463.2,6671.9,2435.5,361
2025-02-16 05:00:00,weekend,place-aport,Airport,Blue Line,22.0,6078.3,6569.2,4836.4,360
2025-02-16 05:00:00,weekend,place-alfcl,Alewife,Red Line,17.0,5780.6,6616.4,3687.0,361
2025-02-16 05:00:00,weekend,place-andrw,Andrew,Red Line,6.0,3255.3,3702.9,2134.3,361
2025-02-16 05:00:00,weekend,place-aqucl,Aquarium,Blue Line,4.0,3333.0,3432.4,3084.2,361
2025-02-16 05:00:00,weekend,place-armnl,Arlington,Green Line,5.0,3907.7,3974.4,3739.3,349
2025-02-16 05:00:00,weekend,place-asmnl,Ashmont,Red Line,26.0,3756.3,4380.3,2193.5,361
2025-02-16 05:00:00,weekend,place-bbsta,Back Bay,Orange Line,1.0,10028.9,11471.0,6270.6,357
2025-02-16 05:00:00,weekend,place-bmmnl,Beachmont,Blue Line,24.0,2348.0,2653.2,1560.5,358
2025-02-16 05:00:00,weekend,place-boyls,Boylston,Green Line,1.0,3859.1,3732.2,4181.6,347
2025-02-16 05:00:00,weekend,place-brntn,Braintree,Red Line,8.0,2316.0,2671.8,1416.0,360
2025-02-16 05:00:00,weekend,place-brdwy,Broadway,Red Line,3.0,3513.1,3928.7,2393.2,351
2025-02-16 05:00:00,weekend,place-cntsq,Central,Red Line,9.0,8250.8,8876.6,6683.3,361
2025-02-16 05:00:00,weekend,place-coecl,Copley,Green Line,7.0,7980.6,7980.3,7981.3,350
2025-02-16 05:00:00,weekend,place-davis,Davis,Red Line,4.0,4866.6,5296.7,3789.1,361
2025-02-16 05:00:00,weekend,place-dwnxg,Downtown Crossing,"Orange Line, Red Line",1.0,10888.3,12269.6,7428.3,361
2025-02-16 05:00:00,weekend,place-esomr,East Somerville,Green Line,4.17,70.5,75.8,56.8,350
2025-02-16 05:00:00,weekend,place-fldcr,Fields Corner,Red Line,22.0,2377.4,2697.5,1575.7,361
2025-02-16 05:00:00,weekend,place-forhl,Forest Hills,Orange Line,59.0,6328.0,7469.5,3468.6,361
2025-02-16 05:00:00,weekend,place-gover,Government Center,"Blue Line, Green Line",6.0,4821.1,5170.1,3947.0,361
2025-02-16 05:00:00,weekend,place-grnst,Green Street,Orange Line,3.0,1799.9,2077.1,1101.4,359
2025-02-16 05:00:00,weekend,place-harsq,Harvard,Red Line,6.0,10860.0,11361.2,9604.7,361
2025-02-16 05:00:00,weekend,place-haecl,Haymarket,"Green Line, Orange Line",56.0,6453.5,6748.3,5715.2,361
2025-02-16 05:00:00,weekend,place-hymnl,Hynes Convention Center,Green Line,5.0,5288.6,5220.1,5460.7,355
2025-02-16 05:00:00,weekend,place-jfk,JFK/UMass,Red Line,10.0,4084.5,4808.4,2173.9,353
2025-02-16 05:00:00,weekend,place-jaksn,Jackson Square,Orange Line,6.0,2846.1,3326.1,1631.9,360
2025-02-16 05:00:00,weekend,place-knncl,Kendall/MIT,Red Line,5.0,8412.3,9925.9,4498.5,355
2025-02-16 05:00:00,weekend,place-kencl,Kenmore,Green Line,4.0,4439.8,4535.1,4203.1,352
2025-02-16 05:00:00,weekend,place-masta,Massachusetts Avenue,Orange Line,3.0,3184.2,3658.5,1996.0,361
2025-02-16 05:00:00,weekend,place-matt,Mattapan Line,Mattapan Line,18.43,2785.5,3271.4,1568.2,361
2025-02-16 05:00:00,weekend,place-mvbcl,Maverick,Blue Line,14.0,7320.1,8106.1,5351.5,361
2025-02-16 05:00:00,weekend,place-mdftf,Medford/Tufts,Green Line,8.34,181.5,203.0,127.3,349
2025-02-16 05:00:00,weekend,place-nqncy,North Quincy,Red Line,14.0,2886.8,3386.6,1634.9,361
2025-02-16 05:00:00,weekend,place-north,North Station,"Green Line, Orange Line",20.0,11662.5,13084.0,8031.2,359
2025-02-16 05:00:00,weekend,place-orhte,Orient Heights,Blue Line,22.0,3047.0,3426.0,2079.0,359
2025-02-16 05:00:00,weekend,place-pktrm,Park Street,"Green Line, Red Line",6.0,8842.8,9190.0,7973.2,361
2025-02-16 05:00:00,weekend,place-portr,Porter,Red Line,7.0,4190.9,4505.7,3402.5,361
2025-02-16 05:00:00,weekend,place-prmnl,Prudential,Green Line,2.0,2182.0,2137.6,2292.7,353
2025-02-16 05:00:00,weekend,place-qamnl,Quincy Adams,Red Line,6.0,1560.4,1835.5,867.2,359
2025-02-16 05:00:00,weekend,place-qnctr,Quincy Center,Red Line,12.0,3374.7,3868.8,2094.1,352
2025-02-16 05:00:00,weekend,place-rbmnl,Revere Beach,Blue Line,39.0,2267.8,2518.2,1633.2,357
2025-02-16 05:00:00,weekend,place-river,Riverside,Green Line,5.0,899.9,901.1,896.9,360
2025-02-16 05:00:00,weekend,place-rcmnl,Roxbury Crossing,Orange Line,1.0,2916.6,3388.0,1712.4,359
2025-02-16 05:00:00,weekend,place-rugg,Ruggles,Orange Line,5.0,5463.2,6671.9,2435.5,361
2025-02-16 05:00:00,weekend,place-shmnl,Savin Hill,Red Line,9.0,1248.0,1417.1,824.3,361
2025-02-16 05:00:00,weekend,place-spmnl,Science Park,Green Line,1.0,733.3,762.6,660.0,361
2025-02-16 05:00:00,weekend,place-smmnl,Shawmut,Red Line,11.0,1085.6,1267.3,630.5,361
2025-02-16 05:00:00,weekend,place-sstat,South Station,"Red Line, Silver Line",10.0,11868.8,13721.2,7126.5,356
2025-02-16 05:00:00,weekend,place-state,State Street,"Blue Line, Orange Line",3.0,7246.9,8717.0,3578.8,360
2025-02-16 05:00:00,weekend,place-sbmnl,Stony Brook,Orange Line,6.0,1897.8,2150.5,1257.4,357
2025-02-16 05:00:00,weekend,place-symcl,Symphony,Green Line,2.0,946.3,920.8,1010.2,327
2025-02-16 05:00:00,weekend,place-tumnl,Tufts Medical Center,Orange Line,4.0,3777.8,4535.5,1880.0,361
2025-02-16 05:00:00,weekend,place-welln,Wellington,Orange Line,1.0,3899.1,4551.5,2215.9,358
2025-02-16 05:00:00,weekend,place-wlsta,Wollaston,Red Line,13.0,1734.5,2020.8,1017.4,361
2025-02-16 05:00:00,weekend,place-wondl,Wonderland,Blue Line,31.0,3759.9,4264.2,2469.0,356
2025-02-16 05:00:00,weekend,place-wimnl,Wood Island,Blue Line,5.0,1318.7,1467.7,932.0,356
2025-02-16 05:00:00,weekend,place-wtcst,World Trade Center,Silver Line,9.0,1200.2,1316.5,909.0,361
2025-02-16 06:00:00,weekend,place-aport,Airport,Blue Line,153.0,6078.3,6569.2,4836.4,360
2025-02-16 06:00:00,weekend,place-alfcl,Alewife,Red Line,26.0,5780.6,6616.4,3687.0,361
2025-02-16 06:00:00,weekend,place-andrw,Andrew,Red Line,36.0,3255.3,3702.9,2134.3,361
2025-02-16 06:00:00,weekend,place-aqucl,Aquarium,Blue Line,18.0,3333.0,3432.4,3084.2,361
2025-02-16 06:00:00,weekend,place-armnl,Arlington,Green Line,12.0,3907.7,3974.4,3739.3,349
2025-02-16 06:00:00,weekend,place-asmnl,Ashmont,Red Line,66.0,3756.3,4380.3,2193.5,361
2025-02-16 06:00:00,weekend,place-bbsta,Back Bay,Orange Line,35.0,10028.9,11471.0,6270.6,357
2025-02-16 06:00:00,weekend,place-bmmnl,Beachmont,Blue Line,78.0,2348.0,2653.2,1560.5,358
2025-02-16 06:00:00,weekend,place-bomnl,Bowdoin,Blue Line,3.0,1406.3,1701.8,666.0,361
2025-02-16 06:00:00,weekend,place-boyls,Boylston,Green Line,14.0,3859.1,3732.2,4181.6,347
2025-02-16 06:00:00,weekend,place-brntn,Braintree,Red Line,20.0,2316.0,2671.8,1416.0,360
2025-02-16 06:00:00,weekend,place-brdwy,Broadway,Red Line,38.0,3513.1,3928.7,2393.2,351
2025-02-16 06:00:00,weekend,place-cntsq,Central,Red Line,55.0,8250.8,8876.6,6683.3,361
2025-02-16 06:00:00,weekend,place-chmnl,Charles/MGH,Red Line,15.0,5543.2,6654.1,2760.4,361
2025-02-16 06:00:00,weekend,place-chncl,Chinatown,Orange Line,14.0,3955.4,4305.4,3078.5,361
2025-02-16 06:00:00,weekend,place-coecl,Copley,Green Line,44.0,7980.6,7980.3,7981.3,350
2025-02-16 06:00:00,weekend,place-crtst,Courthouse,Silver Line,4.0,2253.6,2567.2,1468.3,361
2025-02-16 06:00:00,weekend,place-davis,Davis,Red Line,30.0,4866.6,5296.7,3789.1,361
2025-02-16 06:00:00,weekend,place-dwnxg,Downtown Crossing,"Orange Line, Red Line",41.0,10888.3,12269.6,7428.3,361
2025-02-16 06:00:00,weekend,place-fldcr,Fields Corner,Red Line,69.0,2377.4,2697.5,1575.7,361
2025-02-16 06:00:00,weekend,place-forhl,Forest Hills,Orange Line,106.0,6328.0,7469.5,3468.6,361
2025-02-16 06:00:00,weekend,place-gilmn,Gilman Square,Green Line,12.5,264.1,286.5,207.2,351
2025-02-16 06:00:00,weekend,place-gover,Government Center,"Blue Line, Green Line",12.0,4821.1,5170.1,3947.0,361
2025-02-16 06:00:00,weekend,place-grnst,Green Street,Orange Line,22.0,1799.9,2077.1,1101.4,359
2025-02-16 06:00:00,weekend,place-harsq,Harvard,Red Line,52.0,10860.0,11361.2,9604.7,361
2025-02-16 06:00:00,weekend,place-haecl,Haymarket,"Green Line, Orange Line",85.0,6453.5,6748.3,5715.2,361
2025-02-16 06:00:00,weekend,place-hymnl,Hynes Convention Center,Green Line,22.0,5288.6,5220.1,5460.7,355
2025-02-16 06:00:00,weekend,place-jfk,JFK/UMass,Red Line,39.0,4084.5,4808.4,2173.9,353
2025-02-16 06:00:00,weekend,place-jaksn,Jackson Square,Orange Line,42.0,2846.1,3326.1,1631.9,360
2025-02-16 06:00:00,weekend,place-knncl,Kendall/MIT,Red Line,24.0,8412.3,9925.9,4498.5,355
2025-02-16 06:00:00,weekend,place-kencl,Kenmore,Green Line,27.0,4439.8,4535.1,4203.1,352
2025-02-16 06:00:00,weekend,place-lech,Lechmere,Green Line,8.34,245.6,265.3,196.0,359
2025-02-16 06:00:00,weekend,place-mgngl,Magoun Square,Green Line,4.17,128.3,138.1,103.5,349
2025-02-16 06:00:00,weekend,place-masta,Massachusetts Avenue,Orange Line,19.0,3184.2,3658.5,1996.0,361
2025-02-16 06:00:00,weekend,place-matt,Mattapan Line,Mattapan Line,42.62,2785.5,3271.4,1568.2,361
2025-02-16 06:00:00,weekend,place-mvbcl,Maverick,Blue Line,231.0,7320.1,8106.1,5351.5,361
2025-02-16 06:00:00,weekend,place-nqncy,North Quincy,Red Line,35.0,2886.8,3386.6,1634.9,361
2025-02-16 06:00:00,weekend,place-north,North Station,"Green Line, Orange Line",162.0,11662.5,13084.0,8031.2,359
2025-02-16 06:00:00,weekend,place-orhte,Orient Heights,Blue Line,83.0,3047.0,3426.0,2079.0,359
2025-02-16 06:00:00,weekend,place-pktrm,Park Street,"Green Line, Red Line",15.0,8842.8,9190.0,7973.2,361
2025-02-16 06:00:00,weekend,place-portr,Porter,Red Line,24.0,4190.9,4505.7,3402.5,361
2025-02-16 06:00:00,weekend,place-prmnl,Prudential,Green Line,13.0,2182.0,2137.6,2292.7,353
2025-02-16 06:00:00,weekend,place-qamnl,Quincy Adams,Red Line,19.0,1560.4,1835.5,867.2,359
2025-02-16 06:00:00,weekend,place-qnctr,Quincy Center,Red Line,40.0,3374.7,3868.8,2094.1,352
2025-02-16 06:00:00,weekend,place-rbmnl,Revere Beach,Blue Line,100.0,2267.8,2518.2,1633.2,357
2025-02-16 06:00:00,weekend,place-river,Riverside,Green Line,4.0,899.9,901.1,896.9,360
2025-02-16 06:00:00,weekend,place-rcmnl,Roxbury Crossing,Orange Line,16.0,2916.6,3388.0,1712.4,359
2025-02-16 06:00:00,weekend,place-rugg,Ruggles,Orange Line,71.0,5463.2,6671.9,2435.5,361
2025-02-16 06:00:00,weekend,place-shmnl,Savin Hill,Red Line,28.0,1248.0,1417.1,824.3,361
2025-02-16 06:00:00,weekend,place-spmnl,Science Park,Green Line,1.0,733.3,762.6,660.0,361
2025-02-16 06:00:00,weekend,place-smmnl,Shawmut,Red Line,24.0,1085.6,1267.3,630.5,361
2025-02-16 06:00:00,weekend,place-sstat,South Station,"Red Line, Silver Line",110.0,11868.8,13721.2,7126.5,356
2025-02-16 06:00:00,weekend,place-state,State Street,"Blue Line, Orange Line",15.0,7246.9,8717.0,3578.8,360
2025-02-16 06:00:00,weekend,place-sbmnl,Stony Brook,Orange Line,24.0,1897.8,2150.5,1257.4,357
2025-02-16 06:00:00,weekend,place-symcl,Symphony,Green Line,9.0,946.3,920.8,1010.2,327
2025-02-16 06:00:00,weekend,place-tumnl,Tufts Medical Center,Orange Line,15.0,3777.8,4535.5,1880.0,361
2025-02-16 06:00:00,weekend,place-wlsta,Wollaston,Red Line,23.0,1734.5,2020.8,1017.4,361
2025-02-16 06:00:00,weekend,place-wondl,Wonderland,Blue Line,106.0,3759.9,4264.2,2469.0,356
2025-02-16 06:00:00,weekend,place-wimnl,Wood Island,Blue Line,44.0,1318.7,1467.7,932.0,356
2025-02-16 06:00:00,weekend,place-wtcst,World Trade Center,Silver Line,6.0,1200.2,1316.5,909.0,361
2025-02-16 07:00:00,weekend,place-aport,Airport,Blue Line,149.0,6078.3,6569.2,4836.4,360
2025-02-16 07:00:00,weekend,place-alfcl,Alewife,Red Line,40.0,5780.6,6616.4,3687.0,361
2025-02-16 07:00:00,weekend,place-andrw,Andrew,Red Line,48.0,3255.3,3702.9,2134.3,361
2025-02-16 07:00:00,weekend,place-aqucl,Aquarium,Blue Line,23.0,3333.0,3432.4,3084.2,361
2025-02-16 07:00:00,weekend,place-armnl,Arlington,Green Line,23.0,3907.7,3974.4,3739.3,349
2025-02-16 07:00:00,weekend,place-asmnl,Ashmont,Red Line,50.0,3756.3,4380.3,2193.5,361
2025-02-16 07:00:00,weekend,place-astao,Assembly,Orange Line,2.0,2967.9,3119.5,2588.3,361
2025-02-16 07:00:00,weekend,place-bbsta,Back Bay,Orange Line,57.0,10028.9,11471.0,6270.6,357
2025-02-16 07:00:00,weekend,place-bmmnl,Beachmont,Blue Line,68.0,2348.0,2653.2,1560.5,358
2025-02-16 07:00:00,weekend,place-bomnl,Bowdoin,Blue Line,13.0,1406.3,1701.8,666.0,361
2025-02-16 07:00:00,weekend,place-boyls,Boylston,Green Line,16.0,3859.1,3732.2,4181.6,347
2025-02-16 07:00:00,weekend,place-brntn,Braintree,Red Line,18.0,2316.0,2671.8,1416.0,360
2025-02-16 07:00:00,weekend,place-brdwy,Broadway,Red Line,22.0,3513.1,3928.7,2393.2,351
2025-02-16 07:00:00,weekend,place-cntsq,Central,Red Line,66.0,8250.8,8876.6,6683.3,361
2025-02-16 07:00:00,weekend,place-chmnl,Charles/MGH,Red Line,105.0,5543.2,6654.1,2760.4,361
2025-02-16 07:00:00,weekend,place-chncl,Chinatown,Orange Line,21.0,3955.4,4305.4,3078.5,361
2025-02-16 07:00:00,weekend,place-coecl,Copley,Green Line,42.0,7980.6,7980.3,7981.3,350
2025-02-16 07:00:00,weekend,place-crtst,Courthouse,Silver Line,18.0,2253.6,2567.2,1468.3,361
2025-02-16 07:00:00,weekend,place-davis,Davis,Red Line,44.0,4866.6,5296.7,3789.1,361
2025-02-16 07:00:00,weekend,place-dwnxg,Downtown Crossing,"Orange Line, Red Line",44.0,10888.3,12269.6,7428.3,361
2025-02-16 07:00:00,weekend,place-esomr,East Somerville,Green Line,4.17,70.5,75.8,56.8,350
2025-02-16 07:00:00,weekend,place-fldcr,Fields Corner,Red Line,35.0,2377.4,2697.5,1575.7,361
2025-02-16 07:00:00,weekend,place-forhl,Forest Hills,Orange Line,113.0,6328.0,7469.5,3468.6,361
2025-02-16 07:00:00,weekend,place-gilmn,Gilman Square,Green Line,8.34,264.1,286.5,207.2,351
2025-02-16 07:00:00,weekend,place-gover,Government Center,"Blue Line, Green Line",26.0,4821.1,5170.1,3947.0,361
2025-02-16 07:00:00,weekend,place-grnst,Green Street,Orange Line,19.0,1799.9,2077.1,1101.4,359
2025-02-16 07:00:00,weekend,place-harsq,Harvard,Red Line,89.0,10860.0,11361.2,9604.7,361
2025-02-16 07:00:00,weekend,place-haecl,Haymarket,"Green Line, Orange Line",54.0,6453.5,6748.3,5715.2,361
2025-02-16 07:00:00,weekend,place-hymnl,Hynes Convention Center,Green Line,29.0,5288.6,5220.1,5460.7,355
2025-02-16 07:00:00,weekend,place-jfk,JFK/UMass,Red Line,37.0,4084.5,4808.4,2173.9,353
2025-02-16 07:00:00,weekend,place-jaksn,Jackson Square,Orange Line,45.0,2846.1,3326.1,1631.9,360
2025-02-16 07:00:00,weekend,place-knncl,Kendall/MIT,Red Line,28.0,8412.3,9925.9,4498.5,355
2025-02-16 07:00:00,weekend,place-kencl,Kenmore,Green Line,42.0,4439.8,4535.1,4203.1,352
2025-02-16 07:00:00,weekend,place-lech,Lechmere,Green Line,12.5,245.6,265.3,196.0,359
2025-02-16 07:00:00,weekend,place-mgngl,Magoun Square,Green Line,12.5,128.3,138.1,103.5,349
2025-02-16 07:00:00,weekend,place-mlmnl,Malden Center,Orange Line,1.0,5719.4,6595.3,3525.2,361
2025-02-16 07:00:00,weekend,place-masta,Massachusetts Avenue,Orange Line,25.0,3184.2,3658.5,1996.0,361
2025-02-16 07:00:00,weekend,place-matt,Mattapan Line,Mattapan Line,29.95,2785.5,3271.4,1568.2,361
2025-02-16 07:00:00,weekend,place-mvbcl,Maverick,Blue Line,215.0,7320.1,8106.1,5351.5,361
2025-02-16 07:00:00,weekend,place-nqncy,North Quincy,Red Line,36.0,2886.8,3386.6,1634.9,361
2025-02-16 07:00:00,weekend,place-north,North Station,"Green Line, Orange Line",251.0,11662.5,13084.0,8031.2,359
2025-02-16 07:00:00,weekend,place-orhte,Orient Heights,Blue Line,83.0,3047.0,3426.0,2079.0,359
2025-02-16 07:00:00,weekend,place-pktrm,Park Street,"Green Line, Red Line",39.0,8842.8,9190.0,7973.2,361
2025-02-16 07:00:00,weekend,place-portr,Porter,Red Line,38.0,4190.9,4505.7,3402.5,361
2025-02-16 07:00:00,weekend,place-prmnl,Prudential,Green Line,18.0,2182.0,2137.6,2292.7,353
2025-02-16 07:00:00,weekend,place-qamnl,Quincy Adams,Red Line,8.0,1560.4,1835.5,867.2,359
2025-02-16 07:00:00,weekend,place-qnctr,Quincy Center,Red Line,56.0,3374.7,3868.8,2094.1,352
2025-02-16 07:00:00,weekend,place-rbmnl,Revere Beach,Blue Line,105.0,2267.8,2518.2,1633.2,357
2025-02-16 07:00:00,weekend,place-river,Riverside,Green Line,6.0,899.9,901.1,896.9,360
2025-02-16 07:00:00,weekend,place-rcmnl,Roxbury Crossing,Orange Line,23.0,2916.6,3388.0,1712.4,359
2025-02-16 07:00:00,weekend,place-rugg,Ruggles,Orange Line,61.0,5463.2,6671.9,2435.5,361
2025-02-16 07:00:00,weekend,place-shmnl,Savin Hill,Red Line,12.0,1248.0,1417.1,824.3,361
2025-02-16 07:00:00,weekend,place-spmnl,Science Park,Green Line,8.0,733.3,762.6,660.0,361
2025-02-16 07:00:00,weekend,place-smmnl,Shawmut,Red Line,27.0,1085.6,1267.3,630.5,361
2025-02-16 07:00:00,weekend,place-sstat,South Station,"Red Line, Silver Line",90.0,11868.8,13721.2,7126.5,356
2025-02-16 07:00:00,weekend,place-state,State Street,"Blue Line, Orange Line",27.0,7246.9,8717.0,3578.8,360
2025-02-16 07:00:00,weekend,place-sbmnl,Stony Brook,Orange Line,20.0,1897.8,2150.5,1257.4,357
2025-02-16 07:00:00,weekend,place-sdmnl,Suffolk Downs,Blue Line,11.0,501.1,568.7,323.9,355
2025-02-16 07:00:00,weekend,place-symcl,Symphony,Green Line,10.0,946.3,920.8,1010.2,327
2025-02-16 07:00:00,weekend,place-tumnl,Tufts Medical Center,Orange Line,74.0,3777.8,4535.5,1880.0,361
2025-02-16 07:00:00,weekend,place-unsqu,Union Square,Green Line,4.17,135.3,144.6,111.3,347
2025-02-16 07:00:00,weekend,place-welln,Wellington,Orange Line,1.0,3899.1,4551.5,2215.9,358
2025-02-16 07:00:00,weekend,place-wlsta,Wollaston,Red Line,47.0,1734.5,2020.8,1017.4,361
2025-02-16 07:00:00,weekend,place-wondl,Wonderland,Blue Line,154.0,3759.9,4264.2,2469.0,356
2025-02-16 07:00:00,weekend,place-wimnl,Wood Island,Blue Line,46.0,1318.7,1467.7,932.0,356
2025-02-16 07:00:00,weekend,place-wtcst,World Trade Center,Silver Line,20.0,1200.2,1316.5,909.0,361
2025-02-16 08:00:00,weekend,place-aport,Airport,Blue Line,143.0,6078.3,6569.2,4836.4,360
2025-02-16 08:00:00,weekend,place-alfcl,Alewife,Red Line,80.0,5780.6,6616.4,3687.0,361
2025-02-16 08:00:00,weekend,place-andrw,Andrew,Red Line,75.0,3255.3,3702.9,2134.3,361
2025-02-16 08:00:00,weekend,place-aqucl,Aquarium,Blue Line,22.0,3333.0,3432.4,3084.2,361
2025-02-16 08:00:00,weekend,place-armnl,Arlington,Green Line,19.0,3907.7,3974.4,3739.3,349
2025-02-16 08:00:00,weekend,place-asmnl,Ashmont,Red Line,33.0,3756.3,4380.3,2193.5,361
2025-02-16 08:00:00,weekend,place-astao,Assembly,Orange Line,2.0,2967.9,3119.5,2588.3,361
2025-02-16 08:00:00,weekend,place-bbsta,Back Bay,Orange Line,43.0,10028.9,11471.0,6270.6,357
2025-02-16 08:00:00,weekend,place-balsq,Ball Square,Green Line,4.17,139.3,150.9,109.9,350
2025-02-16 08:00:00,weekend,place-bmmnl,Beachmont,Blue Line,100.0,2348.0,2653.2,1560.5,358
2025-02-16 08:00:00,weekend,place-bomnl,Bowdoin,Blue Line,8.0,1406.3,1701.8,666.0,361
2025-02-16 08:00:00,weekend,place-boyls,Boylston,Green Line,22.0,3859.1,3732.2,4181.6,347
2025-02-16 08:00:00,weekend,place-brntn,Braintree,Red Line,18.0,2316.0,2671.8,1416.0,360
2025-02-16 08:00:00,weekend,place-brdwy,Broadway,Red Line,40.0,3513.1,3928.7,2393.2,351
2025-02-16 08:00:00,weekend,place-cntsq,Central,Red Line,137.0,8250.8,8876.6,6683.3,361
2025-02-16 08:00:00,weekend,place-chmnl,Charles/MGH,Red Line,180.0,5543.2,6654.1,2760.4,361
2025-02-16 08:00:00,weekend,place-chncl,Chinatown,Orange Line,44.0,3955.4,4305.4,3078.5,361
2025-02-16 08:00:00,weekend,place-coecl,Copley,Green Line,78.0,7980.6,7980.3,7981.3,350
2025-02-16 08:00:00,weekend,place-crtst,Courthouse,Silver Line,10.0,2253.6,2567.2,1468.3,361
2025-02-16 08:00:00,weekend,place-davis,Davis,Red Line,61.0,4866.6,5296.7,3789.1,361
2025-02-16 08:00:00,weekend,place-dwnxg,Downtown Crossing,"Orange Line, Red Line",96.0,10888.3,12269.6,7428.3,361
2025-02-16 08:00:00,weekend,place-fldcr,Fields Corner,Red Line,24.0,2377.4,2697.5,1575.7,361
2025-02-16 08:00:00,weekend,place-forhl,Forest Hills,Orange Line,125.0,6328.0,7469.5,3468.6,361
2025-02-16 08:00:00,weekend,place-gilmn,Gilman Square,Green Line,16.67,264.1,286.5,207.2,351
2025-02-16 08:00:00,weekend,place-gover,Government Center,"Blue Line, Green Line",23.0,4821.1,5170.1,3947.0,361
2025-02-16 08:00:00,weekend,place-grnst,Green Street,Orange Line,39.0,1799.9,2077.1,1101.4,359
2025-02-16 08:00:00,weekend,place-harsq,Harvard,Red Line,132.0,10860.0,11361.2,9604.7,361
2025-02-16 08:00:00,weekend,place-haecl,Haymarket,"Green Line, Orange Line",84.0,6453.5,6748.3,5715.2,361
2025-02-16 08:00:00,weekend,place-hymnl,Hynes Convention Center,Green Line,37.0,5288.6,5220.1,5460.7,355
2025-02-16 08:00:00,weekend,place-jfk,JFK/UMass,Red Line,181.0,4084.5,4808.4,2173.9,353
2025-02-16 08:00:00,weekend,place-jaksn,Jackson Square,Orange Line,52.0,2846.1,3326.1,1631.9,360
2025-02-16 08:00:00,weekend,place-knncl,Kendall/MIT,Red Line,371.0,8412.3,9925.9,4498.5,355
2025-02-16 08:00:00,weekend,place-kencl,Kenmore,Green Line,82.0,4439.8,4535.1,4203.1,352
2025-02-16 08:00:00,weekend,place-lech,Lechmere,Green Line,12.5,245.6,265.3,196.0,359
2025-02-16 08:00:00,weekend,place-mgngl,Magoun Square,Green Line,12.5,128.3,138.1,103.5,349
2025-02-16 08:00:00,weekend,place-masta,Massachusetts Avenue,Orange Line,34.0,3184.2,3658.5,1996.0,361
2025-02-16 08:00:00,weekend,place-matt,Mattapan Line,Mattapan Line,23.04,2785.5,3271.4,1568.2,361
2025-02-16 08:00:00,weekend,place-mvbcl,Maverick,Blue Line,222.0,7320.1,8106.1,5351.5,361
2025-02-16 08:00:00,weekend,place-mdftf,Medford/Tufts,Green Line,4.17,181.5,203.0,127.3,349
2025-02-16 08:00:00,weekend,place-nqncy,North Quincy,Red Line,36.0,2886.8,3386.6,1634.9,361
2025-02-16 08:00:00,weekend,place-north,North Station,"Green Line, Orange Line",259.0,11662.5,13084.0,8031.2,359
2025-02-16 08:00:00,weekend,place-ogmnl,Oak Grove,Orange Line,4.0,3496.9,4070.8,2045.5,360
2025-02-16 08:00:00,weekend,place-orhte,Orient Heights,Blue Line,87.0,3047.0,3426.0,2079.0,359
2025-02-16 08:00:00,weekend,place-pktrm,Park Street,"Green Line, Red Line",55.0,8842.8,9190.0,7973.2,361
2025-02-16 08:00:00,weekend,place-portr,Porter,Red Line,50.0,4190.9,4505.7,3402.5,361
2025-02-16 08:00:00,weekend,place-prmnl,Prudential,Green Line,52.0,2182.0,2137.6,2292.7,353
2025-02-16 08:00:00,weekend,place-qamnl,Quincy Adams,Red Line,12.0,1560.4,1835.5,867.2,359
2025-02-16 08:00:00,weekend,place-qnctr,Quincy Center,Red Line,60.0,3374.7,3868.8,2094.1,352
2025-02-16 08:00:00,weekend,place-rbmnl,Revere Beach,Blue Line,91.0,2267.8,2518.2,1633.2,357
2025-02-16 08:00:00,weekend,place-river,Riverside,Green Line,7.0,899.9,901.1,896.9,360
2025-02-16 08:00:00,weekend,place-rcmnl,Roxbury Crossing,Orange Line,41.0,2916.6,3388.0,1712.4,359
2025-02-16 08:00:00,weekend,place-rugg,Ruggles,Orange Line,71.0,5463.2,6671.9,2435.5,361
2025-02-16 08:00:00,weekend,place-shmnl,Savin Hill,Red Line,16.0,1248.0,1417.1,824.3,361
2025-02-16 08:00:00,weekend,place-spmnl,Science Park,Green Line,5.0,733.3,762.6,660.0,361
2025-02-16 08:00:00,weekend,place-smmnl,Shawmut,Red Line,10.0,1085.6,1267.3,630.5,361
2025-02-16 08:00:00,weekend,place-sstat,South Station,"Red Line, Silver Line",83.0,11868.8,13721.2,7126.5,356
2025-02-16 08:00:00,weekend,place-state,State Street,"Blue Line, Orange Line",34.0,7246.9,8717.0,3578.8,360
2025-02-16 08:00:00,weekend,place-sbmnl,Stony Brook,Orange Line,35.0,1897.8,2150.5,1257.4,357
2025-02-16 08:00:00,weekend,place-sdmnl,Suffolk Downs,Blue Line,1.0,501.1,568.7,323.9,355
2025-02-16 08:00:00,weekend,place-symcl,Symphony,Green Line,6.0,946.3,920.8,1010.2,327
2025-02-16 08:00:00,weekend,place-tumnl,Tufts Medical Center,Orange Line,60.0,3777.8,4535.5,1880.0,361
2025-02-16 08:00:00,weekend,place-unsqu,Union Square,Green Line,4.17,135.3,144.6,111.3,347
2025-02-16 08:00:00,weekend,place-welln,Wellington,Orange Line,1.0,3899.1,4551.5,2215.9,358
2025-02-16 08:00:00,weekend,place-wlsta,Wollaston,Red Line,41.0,1734.5,2020.8,1017.4,361
2025-02-16 08:00:00,weekend,place-wondl,Wonderland,Blue Line,133.0,3759.9,4264.2,2469.0,356
2025-02-16 08:00:00,weekend,place-wimnl,Wood Island,Blue Line,47.0,1318.7,1467.7,932.0,356
2025-02-16 08:00:00,weekend,place-wtcst,World Trade Center,Silver Line,5.0,1200.2,1316.5,909.0,361
2025-02-16 09:00:00,weekend,place-aport,Airport,Blue Line,201.0,6078.3,6569.2,4836.4,360
2025-02-16 09:00:00,weekend,place-alfcl,Alewife,Red Line,140.0,5780.6,6616.4,3687.0,361
2025-02-16 09:00:00,weekend,place-andrw,Andrew,Red Line,80.0,3255.3,3702.9,2134.3,361
2025-02-16 09:00:00,weekend,place-aqucl,Aquarium,Blue Line,54.0,3333.0,3432.4,3084.2,361
2025-02-16 09:00:00,weekend,place-armnl,Arlington,Green Line,42.0,3907.7,3974.4,3739.3,349
2025-02-16 09:00:00,weekend,place-asmnl,Ashmont,Red Line,82.0,3756.3,4380.3,2193.5,361
2025-02-16 09:00:00,weekend,place-astao,Assembly,Orange Line,3.0,2967.9,3119.5,2588.3,361
2025-02-16 09:00:00,weekend,place-bbsta,Back Bay,Orange Line,118.0,10028.9,11471.0,6270.6,357
2025-02-16 09:00:00,weekend,place-balsq,Ball Square,Green Line,4.17,139.3,150.9,109.9,350
2025-02-16 09:00:00,weekend,place-bmmnl,Beachmont,Blue Line,86.0,2348.0,2653.2,1560.5,358
2025-02-16 09:00:00,weekend,place-bomnl,Bowdoin,Blue Line,31.0,1406.3,1701.8,666.0,361
2025-02-16 09:00:00,weekend,place-boyls,Boylston,Green Line,58.0,3859.1,3732.2,4181.6,347
2025-02-16 09:00:00,weekend,place-brntn,Braintree,Red Line,33.0,2316.0,2671.8,1416.0,360
2025-02-16 09:00:00,weekend,place-brdwy,Broadway,Red Line,60.0,3513.1,3928.7,2393.2,351
2025-02-16 09:00:00,weekend,place-cntsq,Central,Red Line,229.0,8250.8,8876.6,6683.3,361
2025-02-16 09:00:00,weekend,place-chmnl,Charles/MGH,Red Line,135.0,5543.2,6654.1,2760.4,361
2025-02-16 09:00:00,weekend,place-chncl,Chinatown,Orange Line,55.0,3955.4,4305.4,3078.5,361
2025-02-16 09:00:00,weekend,place-coecl,Copley,Green Line,110.0,7980.6,7980.3,7981.3,350
2025-02-16 09:00:00,weekend,place-crtst,Courthouse,Silver Line,10.0,2253.6,2567.2,1468.3,361
2025-02-16 09:00:00,weekend,place-davis,Davis,Red Line,106.0,4866.6,5296.7,3789.1,361
2025-02-16 09:00:00,weekend,place-dwnxg,Downtown Crossing,"Orange Line, Red Line",60.0,10888.3,12269.6,7428.3,361
2025-02-16 09:00:00,weekend,place-esomr,East Somerville,Green Line,4.17,70.5,75.8,56.8,350
2025-02-16 09:00:00,weekend,place-fldcr,Fields Corner,Red Line,87.0,2377.4,2697.5,1575.7,361
2025-02-16 09:00:00,weekend,place-forhl,Forest Hills,Orange Line,141.0,6328.0,7469.5,3468.6,361
2025-02-16 09:00:00,weekend,place-gilmn,Gilman Square,Green Line,25.0,264.1,286.5,207.2,351
2025-02-16 09:00:00,weekend,place-gover,Government Center,"Blue Line, Green Line",46.0,4821.1,5170.1,3947.0,361
2025-02-16 09:00:00,weekend,place-grnst,Green Street,Orange Line,30.0,1799.9,2077.1,1101.4,359
2025-02-16 09:00:00,weekend,place-harsq,Harvard,Red Line,188.0,10860.0,11361.2,9604.7,361
2025-02-16 09:00:00,weekend,place-haecl,Haymarket,"Green Line, Orange Line",98.0,6453.5,6748.3,5715.2,361
2025-02-16 09:00:00,weekend,place-hymnl,Hynes Convention Center,Green Line,83.0,5288.6,5220.1,5460.7,355
2025-02-16 09:00:00,weekend,place-jfk,JFK/UMass,Red Line,110.0,4084.5,4808.4,2173.9,353
2025-02-16 09:00:00,weekend,place-jaksn,Jackson Square,Orange Line,55.0,2846.1,3326.1,1631.9,360
2025-02-16 09:00:00,weekend,place-knncl,Kendall/MIT,Red Line,192.0,8412.3,9925.9,4498.5,355
2025-02-16 09:00:00,weekend,place-kencl,Kenmore,Green Line,118.0,4439.8,4535.1,4203.1,352
2025-02-16 09:00:00,weekend,place-lech,Lechmere,Green Line,37.5,245.6,265.3,196.0,359
2025-02-16 09:00:00,weekend,place-masta,Massachusetts Avenue,Orange Line,40.0,3184.2,3658.5,1996.0,361
2025-02-16 09:00:00,weekend,place-matt,Mattapan Line,Mattapan Line,51.84,2785.5,3271.4,1568.2,361
2025-02-16 09:00:00,weekend,place-mvbcl,Maverick,Blue Line,241.0,7320.1,8106.1,5351.5,361
2025-02-16 09:00:00,weekend,place-mdftf,Medford/Tufts,Green Line,20.83,181.5,203.0,127.3,349
2025-02-16 09:00:00,weekend,place-nqncy,North Quincy,Red Line,71.0,2886.8,3386.6,1634.9,361
2025-02-16 09:00:00,weekend,place-north,North Station,"Green Line, Orange Line",353.0,11662.5,13084.0,8031.2,359
2025-02-16 09:00:00,weekend,place-ogmnl,Oak Grove,Orange Line,4.0,3496.9,4070.8,2045.5,360
2025-02-16 09:00:00,weekend,place-orhte,Orient Heights,Blue Line,96.0,3047.0,3426.0,2079.0,359
2025-02-16 09:00:00,weekend,place-pktrm,Park Street,"Green Line, Red Line",90.0,8842.8,9190.0,7973.2,361
2025-02-16 09:00:00,weekend,place-portr,Porter,Red Line,102.0,4190.9,4505.7,3402.5,361
2025-02-16 09:00:00,weekend,place-prmnl,Prudential,Green Line,48.0,2182.0,2137.6,2292.7,353
2025-02-16 09:00:00,weekend,place-qamnl,Quincy Adams,Red Line,28.0,1560.4,1835.5,867.2,359
2025-02-16 09:00:00,weekend,place-qnctr,Quincy Center,Red Line,74.0,3374.7,3868.8,2094.1,352
2025-02-16 09:00:00,weekend,place-rbmnl,Revere Beach,Blue Line,53.0,2267.8,2518.2,1633.2,357
2025-02-16 09:00:00,weekend,place-river,Riverside,Green Line,12.0,899.9,901.1,896.9,360
2025-02-16 09:00:00,weekend,place-rcmnl,Roxbury Crossing,Orange Line,55.0,2916.6,3388.0,1712.4,359
2025-02-16 09:00:00,weekend,place-rugg,Ruggles,Orange Line,83.0,5463.2,6671.9,2435.5,361
2025-02-16 09:00:00,weekend,place-shmnl,Savin Hill,Red Line,28.0,1248.0,1417.1,824.3,361
2025-02-16 09:00:00,weekend,place-spmnl,Science Park,Green Line,8.0,733.3,762.6,660.0,361
2025-02-16 09:00:00,weekend,place-smmnl,Shawmut,Red Line,34.0,1085.6,1267.3,630.5,361
2025-02-16 09:00:00,weekend,place-sstat,South Station,"Red Line, Silver Line",115.0,11868.8,13721.2,7126.5,356
2025-02-16 09:00:00,weekend,place-state,State Street,"Blue Line, Orange Line",35.0,7246.9,8717.0,3578.8,360
2025-02-16 09:00:00,weekend,place-sbmnl,Stony Brook,Orange Line,63.0,1897.8,2150.5,1257.4,357
2025-02-16 09:00:00,weekend,place-sdmnl,Suffolk Downs,Blue Line,2.0,501.1,568.7,323.9,355
2025-02-16 09:00:00,weekend,place-symcl,Symphony,Green Line,32.0,946.3,920.8,1010.2,327
2025-02-16 09:00:00,weekend,place-tumnl,Tufts Medical Center,Orange Line,55.0,3777.8,4535.5,1880.0,361
2025-02-16 09:00:00,weekend,place-unsqu,Union Square,Green Line,8.33,135.3,144.6,111.3,347
2025-02-16 09:00:00,weekend,place-wlsta,Wollaston,Red Line,57.0,1734.5,2020.8,1017.4,361
2025-02-16 09:00:00,weekend,place-wondl,Wonderland,Blue Line,146.0,3759.9,4264.2,2469.0,356
2025-02-16 09:00:00,weekend,place-wimnl,Wood Island,Blue Line,32.0,1318.7,1467.7,932.0,356
2025-02-16 09:00:00,weekend,place-wtcst,World Trade Center,Silver Line,13.0,1200.2,1316.5,909.0,361
2025-02-16 10:00:00,weekend,place-aport,Airport,Blue Line,176.0,6078.3,6569.2,4836.4,360
2025-02-16 10:00:00,weekend,place-alfcl,Alewife,Red Line,159.0,5780.6,6616.4,3687.0,361
2025-02-16 10:00:00,weekend,place-andrw,Andrew,Red Line,109.0,3255.3,3702.9,2134.3,361
2025-02-16 10:00:00,weekend,place-aqucl,Aquarium,Blue Line,61.0,3333.0,3432.4,3084.2,361
2025-02-16 10:00:00,weekend,place-armnl,Arlington,Green Line,103.0,3907.7,3974.4,3739.3,349
2025-02-16 10:00:00,weekend,place-asmnl,Ashmont,Red Line,126.0,3756.3,4380.3,2193.5,361
2025-02-16 10:00:00,weekend,place-astao,Assembly,Orange Line,2.0,2967.9,3119.5,2588.3,361
2025-02-16 10:00:00,weekend,place-bbsta,Back Bay,Orange Line,132.0,10028.9,11471.0,6270.6,357
2025-02-16 10:00:00,weekend,place-balsq,Ball Square,Green Line,4.17,139.3,150.9,109.9,350
2025-02-16 10:00:00,weekend,place-bmmnl,Beachmont,Blue Line,66.0,2348.0,2653.2,1560.5,358
2025-02-16 10:00:00,weekend,place-bomnl,Bowdoin,Blue Line,9.0,1406.3,1701.8,666.0,361
2025-02-16 10:00:00,weekend,place-boyls,Boylston,Green Line,119.0,3859.1,3732.2,4181.6,347
2025-02-16 10:00:00,weekend,place-brntn,Braintree,Red Line,37.0,2316.0,2671.8,1416.0,360
2025-02-16 10:00:00,weekend,place-brdwy,Broadway,Red Line,97.0,3513.1,3928.7,2393.2,351
2025-02-16 10:00:00,weekend,place-cntsq,Central,Red Line,234.0,8250.8,8876.6,6683.3,361
2025-02-16 10:00:00,weekend,place-chmnl,Charles/MGH,Red Line,171.0,5543.2,6654.1,2760.4,361
2025-02-16 10:00:00,weekend,place-chncl,Chinatown,Orange Line,85.0,3955.4,4305.4,3078.5,361
2025-02-16 10:00:00,weekend,place-ccmnl,Community College,Orange Line,1.0,2457.6,3023.7,1039.7,361
2025-02-16 10:00:00,weekend,place-coecl,Copley,Green Line,147.0,7980.6,7980.3,7981.3,350
2025-02-16 10:00:00,weekend,place-crtst,Courthouse,Silver Line,25.0,2253.6,2567.2,1468.3,361
2025-02-16 10:00:00,weekend,place-davis,Davis,Red Line,170.0,4866.6,5296.7,3789.1,361
2025-02-16 10:00:00,weekend,place-dwnxg,Downtown Crossing,"Orange Line, Red Line",145.0,10888.3,12269.6,7428.3,361
2025-02-16 10:00:00,weekend,place-esomr,East Somerville,Green Line,12.5,70.5,75.8,56.8,350
2025-02-16 10:00:00,weekend,place-fldcr,Fields Corner,Red Line,84.0,2377.4,2697.5,1575.7,361
2025-02-16 10:00:00,weekend,place-forhl,Forest Hills,Orange Line,177.0,6328.0,7469.5,3468.6,361
2025-02-16 10:00:00,weekend,place-gilmn,Gilman Square,Green Line,37.5,264.1,286.5,207.2,351
2025-02-16 10:00:00,weekend,place-gover,Government Center,"Blue Line, Green Line",82.0,4821.1,5170.1,3947.0,361
2025-02-16 10:00:00,weekend,place-grnst,Green Street,Orange Line,54.0,1799.9,2077.1,1101.4,359
2025-02-16 10:00:00,weekend,place-harsq,Harvard,Red Line,263.0,10860.0,11361.2,9604.7,361
2025-02-16 10:00:00,weekend,place-haecl,Haymarket,"Green Line, Orange Line",163.0,6453.5,6748.3,5715.2,361
2025-02-16 10:00:00,weekend,place-hymnl,Hynes Convention Center,Green Line,145.0,5288.6,5220.1,5460.7,355
2025-02-16 10:00:00,weekend,place-jfk,JFK/UMass,Red Line,104.0,4084.5,4808.4,2173.9,353
2025-02-16 10:00:00,weekend,place-jaksn,Jackson Square,Orange Line,76.0,2846.1,3326.1,1631.9,360
2025-02-16 10:00:00,weekend,place-knncl,Kendall/MIT,Red Line,257.0,8412.3,9925.9,4498.5,355
2025-02-16 10:00:00,weekend,place-kencl,Kenmore,Green Line,142.0,4439.8,4535.1,4203.1,352
2025-02-16 10:00:00,weekend,place-lech,Lechmere,Green Line,8.33,245.6,265.3,196.0,359
2025-02-16 10:00:00,weekend,place-mgngl,Magoun Square,Green Line,16.66,128.3,138.1,103.5,349
2025-02-16 10:00:00,weekend,place-masta,Massachusetts Avenue,Orange Line,73.0,3184.2,3658.5,1996.0,361
2025-02-16 10:00:00,weekend,place-matt,Mattapan Line,Mattapan Line,94.46,2785.5,3271.4,1568.2,361
2025-02-16 10:00:00,weekend,place-mvbcl,Maverick,Blue Line,290.0,7320.1,8106.1,5351.5,361
2025-02-16 10:00:00,weekend,place-mdftf,Medford/Tufts,Green Line,16.67,181.5,203.0,127.3,349
2025-02-16 10:00:00,weekend,place-nqncy,North Quincy,Red Line,69.0,2886.8,3386.6,1634.9,361
2025-02-16 10:00:00,weekend,place-north,North Station,"Green Line, Orange Line",471.0,11662.5,13084.0,8031.2,359
2025-02-16 10:00:00,weekend,place-ogmnl,Oak Grove,Orange Line,1.0,3496.9,4070.8,2045.5,360
2025-02-16 10:00:00,weekend,place-orhte,Orient Heights,Blue Line,97.0,3047.0,3426.0,2079.0,359
2025-02-16 10:00:00,weekend,place-pktrm,Park Street,"Green Line, Red Line",147.0,8842.8,9190.0,7973.2,361
2025-02-16 10:00:00,weekend,place-portr,Porter,Red Line,174.0,4190.9,4505.7,3402.5,361
2025-02-16 10:00:00,weekend,place-prmnl,Prudential,Green Line,113.0,2182.0,2137.6,2292.7,353
2025-02-16 10:00:00,weekend,place-qamnl,Quincy Adams,Red Line,22.0,1560.4,1835.5,867.2,359
2025-02-16 10:00:00,weekend,place-qnctr,Quincy Center,Red Line,80.0,3374.7,3868.8,2094.1,352
2025-02-16 10:00:00,weekend,place-rbmnl,Revere Beach,Blue Line,71.0,2267.8,2518.2,1633.2,357
2025-02-16 10:00:00,weekend,place-river,Riverside,Green Line,18.0,899.9,901.1,896.9,360
2025-02-16 10:00:00,weekend,place-rcmnl,Roxbury Crossing,Orange Line,89.0,2916.6,3388.0,1712.4,359
2025-02-16 10:00:00,weekend,place-rugg,Ruggles,Orange Line,126.0,5463.2,6671.9,2435.5,361
2025-02-16 10:00:00,weekend,place-shmnl,Savin Hill,Red Line,61.0,1248.0,1417.1,824.3,361
2025-02-16 10:00:00,weekend,place-spmnl,Science Park,Green Line,13.0,733.3,762.6,660.0,361
2025-02-16 10:00:00,weekend,place-smmnl,Shawmut,Red Line,29.0,1085.6,1267.3,630.5,361
2025-02-16 10:00:00,weekend,place-sstat,South Station,"Red Line, Silver Line",219.0,11868.8,13721.2,7126.5,356
2025-02-16 10:00:00,weekend,place-state,State Street,"Blue Line, Orange Line",66.0,7246.9,8717.0,3578.8,360
2025-02-16 10:00:00,weekend,place-sbmnl,Stony Brook,Orange Line,75.0,1897.8,2150.5,1257.4,357
2025-02-16 10:00:00,weekend,place-sdmnl,Suffolk Downs,Blue Line,2.0,501.1,568.7,323.9,355
2025-02-16 10:00:00,weekend,place-symcl,Symphony,Green Line,55.0,946.3,920.8,1010.2,327
2025-02-16 10:00:00,weekend,place-tumnl,Tufts Medical Center,Orange Line,90.0,3777.8,4535.5,1880.0,361
2025-02-16 10:00:00,weekend,place-unsqu,Union Square,Green Line,4.17,135.3,144.6,111.3,347
2025-02-16 10:00:00,weekend,place-wlsta,Wollaston,Red Line,47.0,1734.5,2020.8,1017.4,361
2025-02-16 10:00:00,weekend,place-wondl,Wonderland,Blue Line,125.0,3759.9,4264.2,2469.0,356
2025-02-16 10:00:00,weekend,place-wimnl,Wood Island,Blue Line,38.0,1318.7,1467.7,932.0,356
2025-02-16 10:00:00,weekend,place-wtcst,World Trade Center,Silver Line,28.0,1200.2,1316.5,909.0,361
2025-02-16 11:00:00,weekend,place-aport,Airport,Blue Line,188.0,6078.3,6569.2,4836.4,360
2025-02-16 11:00:00,weekend,place-alfcl,Alewife,Red Line,146.0,5780.6,6616.4,3687.0,361
2025-02-16 11:00:00,weekend,place-andrw,Andrew,Red Line,110.0,3255.3,3702.9,2134.3,361
2025-02-16 11:00:00,weekend,place-aqucl,Aquarium,Blue Line,86.0,3333.0,3432.4,3084.2,361
2025-02-16 11:00:00,weekend,place-armnl,Arlington,Green Line,123.0,3907.7,3974.4,3739.3,349
2025-02-16 11:00:00,weekend,place-asmnl,Ashmont,Red Line,78.0,3756.3,4380.3,2193.5,361
2025-02-16 11:00:00,weekend,place-astao,Assembly,Orange Line,2.0,2967.9,3119.5,2588.3,361
2025-02-16 11:00:00,weekend,place-bbsta,Back Bay,Orange Line,207.0,10028.9,11471.0,6270.6,357
2025-02-16 11:00:00,weekend,place-balsq,Ball Square,Green Line,33.33,139.3,150.9,109.9,350
2025-02-16 11:00:00,weekend,place-bmmnl,Beachmont,Blue Line,66.0,2348.0,2653.2,1560.5,358
2025-02-16 11:00:00,weekend,place-bomnl,Bowdoin,Blue Line,23.0,1406.3,1701.8,666.0,361
2025-02-16 11:00:00,weekend,place-boyls,Boylston,Green Line,89.0,3859.1,3732.2,4181.6,347
2025-02-16 11:00:00,weekend,place-brntn,Braintree,Red Line,34.0,2316.0,2671.8,1416.0,360
2025-02-16 11:00:00,weekend,place-brdwy,Broadway,Red Line,103.0,3513.1,3928.7,2393.2,351
2025-02-16 11:00:00,weekend,place-cntsq,Central,Red Line,324.0,8250.8,8876.6,6683.3,361
2025-02-16 11:00:00,weekend,place-chmnl,Charles/MGH,Red Line,141.0,5543.2,6654.1,2760.4,361
2025-02-16 11:00:00,weekend,place-chncl,Chinatown,Orange Line,111.0,3955.4,4305.4,3078.5,361
2025-02-16 11:00:00,weekend,place-coecl,Copley,Green Line,243.0,7980.6,7980.3,7981.3,350
2025-02-16 11:00:00,weekend,place-crtst,Courthouse,Silver Line,48.0,2253.6,2567.2,1468.3,361
2025-02-16 11:00:00,weekend,place-davis,Davis,Red Line,181.0,4866.6,5296.7,3789.1,361
2025-02-16 11:00:00,weekend,place-dwnxg,Downtown Crossing,"Orange Line, Red Line",184.0,10888.3,12269.6,7428.3,361
2025-02-16 11:00:00,weekend,place-esomr,East Somerville,Green Line,4.17,70.5,75.8,56.8,350
2025-02-16 11:00:00,weekend,place-fldcr,Fields Corner,Red Line,65.0,2377.4,2697.5,1575.7,361
2025-02-16 11:00:00,weekend,place-forhl,Forest Hills,Orange Line,209.0,6328.0,7469.5,3468.6,361
2025-02-16 11:00:00,weekend,place-gilmn,Gilman Square,Green Line,25.0,264.1,286.5,207.2,351
2025-02-16 11:00:00,weekend,place-gover,Government Center,"Blue Line, Green Line",99.0,4821.1,5170.1,3947.0,361
2025-02-16 11:00:00,weekend,place-grnst,Green Street,Orange Line,46.0,1799.9,2077.1,1101.4,359
2025-02-16 11:00:00,weekend,place-harsq,Harvard,Red Line,263.0,10860.0,11361.2,9604.7,361
2025-02-16 11:00:00,weekend,place-haecl,Haymarket,"Green Line, Orange Line",153.0,6453.5,6748.3,5715.2,361
2025-02-16 11:00:00,weekend,place-hymnl,Hynes Convention Center,Green Line,190.0,5288.6,5220.1,5460.7,355
2025-02-16 11:00:00,weekend,place-jfk,JFK/UMass,Red Line,120.0,4084.5,4808.4,2173.9,353
2025-02-16 11:00:00,weekend,place-jaksn,Jackson Square,Orange Line,84.0,2846.1,3326.1,1631.9,360
2025-02-16 11:00:00,weekend,place-knncl,Kendall/MIT,Red Line,243.0,8412.3,9925.9,4498.5,355
2025-02-16 11:00:00,weekend,place-kencl,Kenmore,Green Line,163.0,4439.8,4535.1,4203.1,352
2025-02-16 11:00:00,weekend,place-lech,Lechmere,Green Line,12.5,245.6,265.3,196.0,359
2025-02-16 11:00:00,weekend,place-mgngl,Magoun Square,Green Line,4.17,128.3,138.1,103.5,349
2025-02-16 11:00:00,weekend,place-masta,Massachusetts Avenue,Orange Line,53.0,3184.2,3658.5,1996.0,361
2025-02-16 11:00:00,weekend,place-matt,Mattapan Line,Mattapan Line,40.32,2785.5,3271.4,1568.2,361
2025-02-16 11:00:00,weekend,place-mvbcl,Maverick,Blue Line,243.0,7320.1,8106.1,5351.5,361
2025-02-16 11:00:00,weekend,place-mdftf,Medford/Tufts,Green Line,4.17,181.5,203.0,127.3,349
2025-02-16 11:00:00,weekend,place-nqncy,North Quincy,Red Line,66.0,2886.8,3386.6,1634.9,361
2025-02-16 11:00:00,weekend,place-north,North Station,"Green Line, Orange Line",469.0,11662.5,13084.0,8031.2,359
2025-02-16 11:00:00,weekend,place-orhte,Orient Heights,Blue Line,95.0,3047.0,3426.0,2079.0,359
2025-02-16 11:00:00,weekend,place-pktrm,Park Street,"Green Line, Red Line",178.0,8842.8,9190.0,7973.2,361
2025-02-16 11:00:00,weekend,place-portr,Porter,Red Line,203.0,4190.9,4505.7,3402.5,361
2025-02-16 11:00:00,weekend,place-prmnl,Prudential,Green Line,132.0,2182.0,2137.6,2292.7,353
2025-02-16 11:00:00,weekend,place-qamnl,Quincy Adams,Red Line,23.0,1560.4,1835.5,867.2,359
2025-02-16 11:00:00,weekend,place-qnctr,Quincy Center,Red Line,70.0,3374.7,3868.8,2094.1,352
2025-02-16 11:00:00,weekend,place-rbmnl,Revere Beach,Blue Line,50.0,2267.8,2518.2,1633.2,357
2025-02-16 11:00:00,weekend,place-river,Riverside,Green Line,21.0,899.9,901.1,896.9,360
2025-02-16 11:00:00,weekend,place-rcmnl,Roxbury Crossing,Orange Line,82.0,2916.6,3388.0,1712.4,359
2025-02-16 11:00:00,weekend,place-rugg,Ruggles,Orange Line,117.0,5463.2,6671.9,2435.5,361
2025-02-16 11:00:00,weekend,place-shmnl,Savin Hill,Red Line,44.0,1248.0,1417.1,824.3,361
2025-02-16 11:00:00,weekend,place-spmnl,Science Park,Green Line,8.0,733.3,762.6,660.0,361
2025-02-16 11:00:00,weekend,place-smmnl,Shawmut,Red Line,40.0,1085.6,1267.3,630.5,361
2025-02-16 11:00:00,weekend,place-sstat,South Station,"Red Line, Silver Line",297.0,11868.8,13721.2,7126.5,356
2025-02-16 11:00:00,weekend,place-state,State Street,"Blue Line, Orange Line",96.0,7246.9,8717.0,3578.8,360
2025-02-16 11:00:00,weekend,place-sbmnl,Stony Brook,Orange Line,71.0,1897.8,2150.5,1257.4,357
2025-02-16 11:00:00,weekend,place-sdmnl,Suffolk Downs,Blue Line,1.0,501.1,568.7,323.9,355
2025-02-16 11:00:00,weekend,place-sull,Sullivan Square,Orange Line,2.0,3949.4,4501.9,2538.3,359
2025-02-16 11:00:00,weekend,place-symcl,Symphony,Green Line,55.0,946.3,920.8,1010.2,327
2025-02-16 11:00:00,weekend,place-tumnl,Tufts Medical Center,Orange Line,115.0,3777.8,4535.5,1880.0,361
2025-02-16 11:00:00,weekend,place-unsqu,Union Square,Green Line,25.0,135.3,144.6,111.3,347
2025-02-16 11:00:00,weekend,place-wlsta,Wollaston,Red Line,53.0,1734.5,2020.8,1017.4,361
2025-02-16 11:00:00,weekend,place-wondl,Wonderland,Blue Line,116.0,3759.9,4264.2,2469.0,356
2025-02-16 11:00:00,weekend,place-wimnl,Wood Island,Blue Line,47.0,1318.7,1467.7,932.0,356
2025-02-16 11:00:00,weekend,place-wtcst,World Trade Center,Silver Line,27.0,1200.2,1316.5,909.0,361
2025-02-16 12:00:00,weekend,place-aport,Airport,Blue Line,175.0,6078.3,6569.2,4836.4,360
2025-02-16 12:00:00,weekend,place-alfcl,Alewife,Red Line,146.0,5780.6,6616.4,3687.0,361
2025-02-16 12:00:00,weekend,place-andrw,Andrew,Red Line,104.0,3255.3,3702.9,2134.3,361
2025-02-16 12:00:00,weekend,place-aqucl,Aquarium,Blue Line,89.0,3333.0,3432.4,3084.2,361
2025-02-16 12:00:00,weekend,place-armnl,Arlington,Green Line,250.0,3907.7,3974.4,3739.3,349
2025-02-16 12:00:00,weekend,place-asmnl,Ashmont,Red Line,116.0,3756.3,4380.3,2193.5,361
2025-02-16 12:00:00,weekend,place-astao,Assembly,Orange Line,3.0,2967.9,3119.5,2588.3,361
2025-02-16 12:00:00,weekend,place-bbsta,Back Bay,Orange Line,264.0,10028.9,11471.0,6270.6,357
2025-02-16 12:00:00,weekend,place-balsq,Ball Square,Green Line,16.67,139.3,150.9,109.9,350
2025-02-16 12:00:00,weekend,place-bmmnl,Beachmont,Blue Line,63.0,2348.0,2653.2,1560.5,358
2025-02-16 12:00:00,weekend,place-bomnl,Bowdoin,Blue Line,21.0,1406.3,1701.8,666.0,361
2025-02-16 12:00:00,weekend,place-boyls,Boylston,Green Line,92.0,3859.1,3732.2,4181.6,347
2025-02-16 12:00:00,weekend,place-brntn,Braintree,Red Line,40.0,2316.0,2671.8,1416.0,360
2025-02-16 12:00:00,weekend,place-brdwy,Broadway,Red Line,90.0,3513.1,3928.7,2393.2,351
2025-02-16 12:00:00,weekend,place-cntsq,Central,Red Line,293.0,8250.8,8876.6,6683.3,361
2025-02-16 12:00:00,weekend,place-chmnl,Charles/MGH,Red Line,179.0,5543.2,6654.1,2760.4,361
2025-02-16 12:00:00,weekend,place-chncl,Chinatown,Orange Line,127.0,3955.4,4305.4,3078.5,361
2025-02-16 12:00:00,weekend,place-ccmnl,Community College,Orange Line,2.0,2457.6,3023.7,1039.7,361
2025-02-16 12:00:00,weekend,place-coecl,Copley,Green Line,369.0,7980.6,7980.3,7981.3,350
2025-02-16 12:00:00,weekend,place-crtst,Courthouse,Silver Line,57.0,2253.6,2567.2,1468.3,361
2025-02-16 12:00:00,weekend,place-davis,Davis,Red Line,160.0,4866.6,5296.7,3789.1,361
2025-02-16 12:00:00,weekend,place-dwnxg,Downtown Crossing,"Orange Line, Red Line",274.0,10888.3,12269.6,7428.3,361
2025-02-16 12:00:00,weekend,place-esomr,East Somerville,Green Line,4.17,70.5,75.8,56.8,350
2025-02-16 12:00:00,weekend,place-fldcr,Fields Corner,Red Line,79.0,2377.4,2697.5,1575.7,361
2025-02-16 12:00:00,weekend,place-forhl,Forest Hills,Orange Line,166.0,6328.0,7469.5,3468.6,361
2025-02-16 12:00:00,weekend,place-gilmn,Gilman Square,Green Line,25.0,264.1,286.5,207.2,351
2025-02-16 12:00:00,weekend,place-gover,Government Center,"Blue Line, Green Line",247.0,4821.1,5170.1,3947.0,361
2025-02-16 12:00:00,weekend,place-grnst,Green Street,Orange Line,63.0,1799.9,2077.1,1101.4,359
2025-02-16 12:00:00,weekend,place-harsq,Harvard,Red Line,461.0,10860.0,11361.2,9604.7,361
2025-02-16 12:00:00,weekend,place-haecl,Haymarket,"Green Line, Orange Line",177.0,6453.5,6748.3,5715.2,361
2025-02-16 12:00:00,weekend,place-hymnl,Hynes Convention Center,Green Line,253.0,5288.6,5220.1,5460.7,355
2025-02-16 12:00:00,weekend,place-jfk,JFK/UMass,Red Line,129.0,4084.5,4808.4,2173.9,353
2025-02-16 12:00:00,weekend,place-jaksn,Jackson Square,Orange Line,83.0,2846.1,3326.1,1631.9,360
2025-02-16 12:00:00,weekend,place-knncl,Kendall/MIT,Red Line,242.0,8412.3,9925.9,4498.5,355
2025-02-16 12:00:00,weekend,place-kencl,Kenmore,Green Line,176.0,4439.8,4535.1,4203.1,352
2025-02-16 12:00:00,weekend,place-lech,Lechmere,Green Line,12.5,245.6,265.3,196.0,359
2025-02-16 12:00:00,weekend,place-mgngl,Magoun Square,Green Line,12.5,128.3,138.1,103.5,349
2025-02-16 12:00:00,weekend,place-masta,Massachusetts Avenue,Orange Line,77.0,3184.2,3658.5,1996.0,361
2025-02-16 12:00:00,weekend,place-matt,Mattapan Line,Mattapan Line,67.96,2785.5,3271.4,1568.2,361
2025-02-16 12:00:00,weekend,place-mvbcl,Maverick,Blue Line,223.0,7320.1,8106.1,5351.5,361
2025-02-16 12:00:00,weekend,place-mdftf,Medford/Tufts,Green Line,8.33,181.5,203.0,127.3,349
2025-02-16 12:00:00,weekend,place-nqncy,North Quincy,Red Line,57.0,2886.8,3386.6,1634.9,361
2025-02-16 12:00:00,weekend,place-north,North Station,"Green Line, Orange Line",537.0,11662.5,13084.0,8031.2,359
2025-02-16 12:00:00,weekend,place-ogmnl,Oak Grove,Orange Line,1.0,3496.9,4070.8,2045.5,360
2025-02-16 12:00:00,weekend,place-orhte,Orient Heights,Blue Line,69.0,3047.0,3426.0,2079.0,359
2025-02-16 12:00:00,weekend,place-pktrm,Park Street,"Green Line, Red Line",285.0,8842.8,9190.0,7973.2,361
2025-02-16 12:00:00,weekend,place-portr,Porter,Red Line,180.0,4190.9,4505.7,3402.5,361
2025-02-16 12:00:00,weekend,place-prmnl,Prudential,Green Line,159.0,2182.0,2137.6,2292.7,353
2025-02-16 12:00:00,weekend,place-qamnl,Quincy Adams,Red Line,30.0,1560.4,1835.5,867.2,359
2025-02-16 12:00:00,weekend,place-qnctr,Quincy Center,Red Line,65.0,3374.7,3868.8,2094.1,352
2025-02-16 12:00:00,weekend,place-rbmnl,Revere Beach,Blue Line,57.0,2267.8,2518.2,1633.2,357
2025-02-16 12:00:00,weekend,place-river,Riverside,Green Line,30.0,899.9,901.1,896.9,360
2025-02-16 12:00:00,weekend,place-rcmnl,Roxbury Crossing,Orange Line,96.0,2916.6,3388.0,1712.4,359
2025-02-16 12:00:00,weekend,place-rugg,Ruggles,Orange Line,126.0,5463.2,6671.9,2435.5,361
2025-02-16 12:00:00,weekend,place-shmnl,Savin Hill,Red Line,36.0,1248.0,1417.1,824.3,361
2025-02-16 12:00:00,weekend,place-spmnl,Science Park,Green Line,15.0,733.3,762.6,660.0,361
2025-02-16 12:00:00,weekend,place-smmnl,Shawmut,Red Line,26.0,1085.6,1267.3,630.5,361
2025-02-16 12:00:00,weekend,place-sstat,South Station,"Red Line, Silver Line",219.0,11868.8,13721.2,7126.5,356
2025-02-16 12:00:00,weekend,place-state,State Street,"Blue Line, Orange Line",125.0,7246.9,8717.0,3578.8,360
2025-02-16 12:00:00,weekend,place-sbmnl,Stony Brook,Orange Line,74.0,1897.8,2150.5,1257.4,357
2025-02-16 12:00:00,weekend,place-symcl,Symphony,Green Line,51.0,946.3,920.8,1010.2,327
2025-02-16 12:00:00,weekend,place-tumnl,Tufts Medical Center,Orange Line,97.0,3777.8,4535.5,1880.0,361
2025-02-16 12:00:00,weekend,place-unsqu,Union Square,Green Line,29.17,135.3,144.6,111.3,347
2025-02-16 12:00:00,weekend,place-welln,Wellington,Orange Line,2.0,3899.1,4551.5,2215.9,358
2025-02-16 12:00:00,weekend,place-wlsta,Wollaston,Red Line,56.0,1734.5,2020.8,1017.4,361
2025-02-16 12:00:00,weekend,place-wondl,Wonderland,Blue Line,110.0,3759.9,4264.2,2469.0,356
2025-02-16 12:00:00,weekend,place-wimnl,Wood Island,Blue Line,34.0,1318.7,1467.7,932.0,356
2025-02-16 12:00:00,weekend,place-wtcst,World Trade Center,Silver Line,46.0,1200.2,1316.5,909.0,361
2025-02-16 13:00:00,weekend,place-aport,Airport,Blue Line,210.0,6078.3,6569.2,4836.4,360
2025-02-16 13:00:00,weekend,place-alfcl,Alewife,Red Line,123.0,5780.6,6616.4,3687.0,361
2025-02-16 13:00:00,weekend,place-andrw,Andrew,Red Line,95.0,3255.3,3702.9,2134.3,361
2025-02-16 13:00:00,weekend,place-aqucl,Aquarium,Blue Line,112.0,3333.0,3432.4,3084.2,361
2025-02-16 13:00:00,weekend,place-armnl,Arlington,Green Line,164.0,3907.7,3974.4,3739.3,349
2025-02-16 13:00:00,weekend,place-asmnl,Ashmont,Red Line,103.0,3756.3,4380.3,2193.5,361
2025-02-16 13:00:00,weekend,place-astao,Assembly,Orange Line,2.0,2967.9,3119.5,2588.3,361
2025-02-16 13:00:00,weekend,place-bbsta,Back Bay,Orange Line,267.0,10028.9,11471.0,6270.6,357
2025-02-16 13:00:00,weekend,place-balsq,Ball Square,Green Line,8.33,139.3,150.9,109.9,350
2025-02-16 13:00:00,weekend,place-bmmnl,Beachmont,Blue Line,72.0,2348.0,2653.2,1560.5,358
2025-02-16 13:00:00,weekend,place-bomnl,Bowdoin,Blue Line,24.0,1406.3,1701.8,666.0,361
2025-02-16 13:00:00,weekend,place-boyls,Boylston,Green Line,174.0,3859.1,3732.2,4181.6,347
2025-02-16 13:00:00,weekend,place-brntn,Braintree,Red Line,26.0,2316.0,2671.8,1416.0,360
2025-02-16 13:00:00,weekend,place-brdwy,Broadway,Red Line,85.0,3513.1,3928.7,2393.2,351
2025-02-16 13:00:00,weekend,place-cntsq,Central,Red Line,316.0,8250.8,8876.6,6683.3,361
2025-02-16 13:00:00,weekend,place-chmnl,Charles/MGH,Red Line,108.0,5543.2,6654.1,2760.4,361
2025-02-16 13:00:00,weekend,place-chncl,Chinatown,Orange Line,120.0,3955.4,4305.4,3078.5,361
2025-02-16 13:00:00,weekend,place-ccmnl,Community College,Orange Line,2.0,2457.6,3023.7,1039.7,361
2025-02-16 13:00:00,weekend,place-coecl,Copley,Green Line,430.0,7980.6,7980.3,7981.3,350
2025-02-16 13:00:00,weekend,place-crtst,Courthouse,Silver Line,66.0,2253.6,2567.2,1468.3,361
2025-02-16 13:00:00,weekend,place-davis,Davis,Red Line,194.0,4866.6,5296.7,3789.1,361
2025-02-16 13:00:00,weekend,place-dwnxg,Downtown Crossing,"Orange Line, Red Line",291.0,10888.3,12269.6,7428.3,361
2025-02-16 13:00:00,weekend,place-fldcr,Fields Corner,Red Line,90.0,2377.4,2697.5,1575.7,361
2025-02-16 13:00:00,weekend,place-forhl,Forest Hills,Orange Line,210.0,6328.0,7469.5,3468.6,361
2025-02-16 13:00:00,weekend,place-gilmn,Gilman Square,Green Line,16.66,264.1,286.5,207.2,351
2025-02-16 13:00:00,weekend,place-gover,Government Center,"Blue Line, Green Line",179.0,4821.1,5170.1,3947.0,361
2025-02-16 13:00:00,weekend,place-grnst,Green Street,Orange Line,62.0,1799.9,2077.1,1101.4,359
2025-02-16 13:00:00,weekend,place-harsq,Harvard,Red Line,467.0,10860.0,11361.2,9604.7,361
2025-02-16 13:00:00,weekend,place-haecl,Haymarket,"Green Line, Orange Line",208.0,6453.5,6748.3,5715.2,361
2025-02-16 13:00:00,weekend,place-hymnl,Hynes Convention Center,Green Line,340.0,5288.6,5220.1,5460.7,355
2025-02-16 13:00:00,weekend,place-jfk,JFK/UMass,Red Line,88.0,4084.5,4808.4,2173.9,353
2025-02-16 13:00:00,weekend,place-jaksn,Jackson Square,Orange Line,86.0,2846.1,3326.1,1631.9,360
2025-02-16 13:00:00,weekend,place-knncl,Kendall/MIT,Red Line,165.0,8412.3,9925.9,4498.5,355
2025-02-16 13:00:00,weekend,place-kencl,Kenmore,Green Line,173.0,4439.8,4535.1,4203.1,352
2025-02-16 13:00:00,weekend,place-lech,Lechmere,Green Line,58.33,245.6,265.3,196.0,359
2025-02-16 13:00:00,weekend,place-mgngl,Magoun Square,Green Line,8.34,128.3,138.1,103.5,349
2025-02-16 13:00:00,weekend,place-masta,Massachusetts Avenue,Orange Line,92.0,3184.2,3658.5,1996.0,361
2025-02-16 13:00:00,weekend,place-matt,Mattapan Line,Mattapan Line,74.88,2785.5,3271.4,1568.2,361
2025-02-16 13:00:00,weekend,place-mvbcl,Maverick,Blue Line,245.0,7320.1,8106.1,5351.5,361
2025-02-16 13:00:00,weekend,place-mdftf,Medford/Tufts,Green Line,16.66,181.5,203.0,127.3,349
2025-02-16 13:00:00,weekend,place-nqncy,North Quincy,Red Line,52.0,2886.8,3386.6,1634.9,361
2025-02-16 13:00:00,weekend,place-north,North Station,"Green Line, Orange Line",497.0,11662.5,13084.0,8031.2,359
2025-02-16 13:00:00,weekend,place-ogmnl,Oak Grove,Orange Line,1.0,3496.9,4070.8,2045.5,360
2025-02-16 13:00:00,weekend,place-orhte,Orient Heights,Blue Line,107.0,3047.0,3426.0,2079.0,359
2025-02-16 13:00:00,weekend,place-pktrm,Park Street,"Green Line, Red Line",288.0,8842.8,9190.0,7973.2,361
2025-02-16 13:00:00,weekend,place-portr,Porter,Red Line,236.0,4190.9,4505.7,3402.5,361
2025-02-16 13:00:00,weekend,place-prmnl,Prudential,Green Line,151.0,2182.0,2137.6,2292.7,353
2025-02-16 13:00:00,weekend,place-qamnl,Quincy Adams,Red Line,27.0,1560.4,1835.5,867.2,359
2025-02-16 13:00:00,weekend,place-qnctr,Quincy Center,Red Line,57.0,3374.7,3868.8,2094.1,352
2025-02-16 13:00:00,weekend,place-rbmnl,Revere Beach,Blue Line,79.0,2267.8,2518.2,1633.2,357
2025-02-16 13:00:00,weekend,place-river,Riverside,Green Line,25.0,899.9,901.1,896.9,360
2025-02-16 13:00:00,weekend,place-rcmnl,Roxbury Crossing,Orange Line,96.0,2916.6,3388.0,1712.4,359
2025-02-16 13:00:00,weekend,place-rugg,Ruggles,Orange Line,161.0,5463.2,6671.9,2435.5,361
2025-02-16 13:00:00,weekend,place-shmnl,Savin Hill,Red Line,44.0,1248.0,1417.1,824.3,361
2025-02-16 13:00:00,weekend,place-spmnl,Science Park,Green Line,24.0,733.3,762.6,660.0,361
2025-02-16 13:00:00,weekend,place-smmnl,Shawmut,Red Line,31.0,1085.6,1267.3,630.5,361
2025-02-16 13:00:00,weekend,place-sstat,South Station,"Red Line, Silver Line",361.0,11868.8,13721.2,7126.5,356
2025-02-16 13:00:00,weekend,place-state,State Street,"Blue Line, Orange Line",87.0,7246.9,8717.0,3578.8,360
2025-02-16 13:00:00,weekend,place-sbmnl,Stony Brook,Orange Line,100.0,1897.8,2150.5,1257.4,357
2025-02-16 13:00:00,weekend,place-symcl,Symphony,Green Line,53.0,946.3,920.8,1010.2,327
2025-02-16 13:00:00,weekend,place-tumnl,Tufts Medical Center,Orange Line,129.0,3777.8,4535.5,1880.0,361
2025-02-16 13:00:00,weekend,place-unsqu,Union Square,Green Line,20.84,135.3,144.6,111.3,347
2025-02-16 13:00:00,weekend,place-welln,Wellington,Orange Line,1.0,3899.1,4551.5,2215.9,358
2025-02-16 13:00:00,weekend,place-wlsta,Wollaston,Red Line,41.0,1734.5,2020.8,1017.4,361
2025-02-16 13:00:00,weekend,place-wondl,Wonderland,Blue Line,130.0,3759.9,4264.2,2469.0,356
2025-02-16 13:00:00,weekend,place-wimnl,Wood Island,Blue Line,31.0,1318.7,1467.7,932.0,356
2025-02-16 13:00:00,weekend,place-wtcst,World Trade Center,Silver Line,36.0,1200.2,1316.5,909.0,361
2025-02-16 14:00:00,weekend,place-aport,Airport,Blue Line,262.0,6078.3,6569.2,4836.4,360
2025-02-16 14:00:00,weekend,place-alfcl,Alewife,Red Line,107.0,5780.6,6616.4,3687.0,361
2025-02-16 14:00:00,weekend,place-andrw,Andrew,Red Line,113.0,3255.3,3702.9,2134.3,361
2025-02-16 14:00:00,weekend,place-aqucl,Aquarium,Blue Line,155.0,3333.0,3432.4,3084.2,361
2025-02-16 14:00:00,weekend,place-armnl,Arlington,Green Line,161.0,3907.7,3974.4,3739.3,349
2025-02-16 14:00:00,weekend,place-asmnl,Ashmont,Red Line,98.0,3756.3,4380.3,2193.5,361
2025-02-16 14:00:00,weekend,place-astao,Assembly,Orange Line,1.0,2967.9,3119.5,2588.3,361
2025-02-16 14:00:00,weekend,place-bbsta,Back Bay,Orange Line,350.0,10028.9,11471.0,6270.6,357
2025-02-16 14:00:00,weekend,place-balsq,Ball Square,Green Line,8.33,139.3,150.9,109.9,350
2025-02-16 14:00:00,weekend,place-bmmnl,Beachmont,Blue Line,67.0,2348.0,2653.2,1560.5,358
2025-02-16 14:00:00,weekend,place-bomnl,Bowdoin,Blue Line,28.0,1406.3,1701.8,666.0,361
2025-02-16 14:00:00,weekend,place-boyls,Boylston,Green Line,186.0,3859.1,3732.2,4181.6,347
2025-02-16 14:00:00,weekend,place-brntn,Braintree,Red Line,36.0,2316.0,2671.8,1416.0,360
2025-02-16 14:00:00,weekend,place-brdwy,Broadway,Red Line,126.0,3513.1,3928.7,2393.2,351
2025-02-16 14:00:00,weekend,place-cntsq,Central,Red Line,359.0,8250.8,8876.6,6683.3,361
2025-02-16 14:00:00,weekend,place-chmnl,Charles/MGH,Red Line,166.0,5543.2,6654.1,2760.4,361
2025-02-16 14:00:00,weekend,place-chncl,Chinatown,Orange Line,184.0,3955.4,4305.4,3078.5,361
2025-02-16 14:00:00,weekend,place-coecl,Copley,Green Line,582.0,7980.6,7980.3,7981.3,350
2025-02-16 14:00:00,weekend,place-crtst,Courthouse,Silver Line,69.0,2253.6,2567.2,1468.3,361
2025-02-16 14:00:00,weekend,place-davis,Davis,Red Line,179.0,4866.6,5296.7,3789.1,361
2025-02-16 14:00:00,weekend,place-dwnxg,Downtown Crossing,"Orange Line, Red Line",334.0,10888.3,12269.6,7428.3,361
2025-02-16 14:00:00,weekend,place-esomr,East Somerville,Green Line,4.17,70.5,75.8,56.8,350
2025-02-16 14:00:00,weekend,place-fldcr,Fields Corner,Red Line,88.0,2377.4,2697.5,1575.7,361
2025-02-16 14:00:00,weekend,place-forhl,Forest Hills,Orange Line,182.0,6328.0,7469.5,3468.6,361
2025-02-16 14:00:00,weekend,place-gilmn,Gilman Square,Green Line,16.67,264.1,286.5,207.2,351
2025-02-16 14:00:00,weekend,place-gover,Government Center,"Blue Line, Green Line",223.0,4821.1,5170.1,3947.0,361
2025-02-16 14:00:00,weekend,place-grnst,Green Street,Orange Line,46.0,1799.9,2077.1,1101.4,359
2025-02-16 14:00:00,weekend,place-harsq,Harvard,Red Line,559.0,10860.0,11361.2,9604.7,361
2025-02-16 14:00:00,weekend,place-haecl,Haymarket,"Green Line, Orange Line",241.0,6453.5,6748.3,5715.2,361
2025-02-16 14:00:00,weekend,place-hymnl,Hynes Convention Center,Green Line,290.0,5288.6,5220.1,5460.7,355
2025-02-16 14:00:00,weekend,place-jfk,JFK/UMass,Red Line,96.0,4084.5,4808.4,2173.9,353
2025-02-16 14:00:00,weekend,place-jaksn,Jackson Square,Orange Line,89.0,2846.1,3326.1,1631.9,360
2025-02-16 14:00:00,weekend,place-knncl,Kendall/MIT,Red Line,254.0,8412.3,9925.9,4498.5,355
2025-02-16 14:00:00,weekend,place-kencl,Kenmore,Green Line,173.0,4439.8,4535.1,4203.1,352
2025-02-16 14:00:00,weekend,place-lech,Lechmere,Green Line,20.83,245.6,265.3,196.0,359
2025-02-16 14:00:00,weekend,place-mgngl,Magoun Square,Green Line,4.17,128.3,138.1,103.5,349
2025-02-16 14:00:00,weekend,place-masta,Massachusetts Avenue,Orange Line,82.0,3184.2,3658.5,1996.0,361
2025-02-16 14:00:00,weekend,place-matt,Mattapan Line,Mattapan Line,58.75,2785.5,3271.4,1568.2,361
2025-02-16 14:00:00,weekend,place-mvbcl,Maverick,Blue Line,305.0,7320.1,8106.1,5351.5,361
2025-02-16 14:00:00,weekend,place-mdftf,Medford/Tufts,Green Line,12.5,181.5,203.0,127.3,349
2025-02-16 14:00:00,weekend,place-nqncy,North Quincy,Red Line,73.0,2886.8,3386.6,1634.9,361
2025-02-16 14:00:00,weekend,place-north,North Station,"Green Line, Orange Line",563.0,11662.5,13084.0,8031.2,359
2025-02-16 14:00:00,weekend,place-ogmnl,Oak Grove,Orange Line,1.0,3496.9,4070.8,2045.5,360
2025-02-16 14:00:00,weekend,place-orhte,Orient Heights,Blue Line,82.0,3047.0,3426.0,2079.0,359
2025-02-16 14:00:00,weekend,place-pktrm,Park Street,"Green Line, Red Line",329.0,8842.8,9190.0,7973.2,361
2025-02-16 14:00:00,weekend,place-portr,Porter,Red Line,162.0,4190.9,4505.7,3402.5,361
2025-02-16 14:00:00,weekend,place-prmnl,Prudential,Green Line,188.0,2182.0,2137.6,2292.7,353
2025-02-16 14:00:00,weekend,place-qamnl,Quincy Adams,Red Line,17.0,1560.4,1835.5,867.2,359
2025-02-16 14:00:00,weekend,place-qnctr,Quincy Center,Red Line,78.0,3374.7,3868.8,2094.1,352
2025-02-16 14:00:00,weekend,place-rbmnl,Revere Beach,Blue Line,67.0,2267.8,2518.2,1633.2,357
2025-02-16 14:00:00,weekend,place-river,Riverside,Green Line,27.0,899.9,901.1,896.9,360
2025-02-16 14:00:00,weekend,place-rcmnl,Roxbury Crossing,Orange Line,100.0,2916.6,3388.0,1712.4,359
2025-02-16 14:00:00,weekend,place-rugg,Ruggles,Orange Line,166.0,5463.2,6671.9,2435.5,361
2025-02-16 14:00:00,weekend,place-shmnl,Savin Hill,Red Line,48.0,1248.0,1417.1,824.3,361
2025-02-16 14:00:00,weekend,place-spmnl,Science Park,Green Line,50.0,733.3,762.6,660.0,361
2025-02-16 14:00:00,weekend,place-smmnl,Shawmut,Red Line,21.0,1085.6,1267.3,630.5,361
2025-02-16 14:00:00,weekend,place-sstat,South Station,"Red Line, Silver Line",341.0,11868.8,13721.2,7126.5,356
2025-02-16 14:00:00,weekend,place-state,State Street,"Blue Line, Orange Line",160.0,7246.9,8717.0,3578.8,360
2025-02-16 14:00:00,weekend,place-sbmnl,Stony Brook,Orange Line,67.0,1897.8,2150.5,1257.4,357
2025-02-16 14:00:00,weekend,place-sdmnl,Suffolk Downs,Blue Line,2.0,501.1,568.7,323.9,355
2025-02-16 14:00:00,weekend,place-symcl,Symphony,Green Line,57.0,946.3,920.8,1010.2,327
2025-02-16 14:00:00,weekend,place-tumnl,Tufts Medical Center,Orange Line,104.0,3777.8,4535.5,1880.0,361
2025-02-16 14:00:00,weekend,place-unsqu,Union Square,Green Line,12.5,135.3,144.6,111.3,347
2025-02-16 14:00:00,weekend,place-welln,Wellington,Orange Line,3.0,3899.1,4551.5,2215.9,358
2025-02-16 14:00:00,weekend,place-wlsta,Wollaston,Red Line,33.0,1734.5,2020.8,1017.4,361
2025-02-16 14:00:00,weekend,place-wondl,Wonderland,Blue Line,144.0,3759.9,4264.2,2469.0,356
2025-02-16 14:00:00,weekend,place-wimnl,Wood Island,Blue Line,61.0,1318.7,1467.7,932.0,356
2025-02-16 14:00:00,weekend,place-wtcst,World Trade Center,Silver Line,53.0,1200.2,1316.5,909.0,361
2025-02-16 15:00:00,weekend,place-aport,Airport,Blue Line,247.0,6078.3,6569.2,4836.4,360
2025-02-16 15:00:00,weekend,place-alfcl,Alewife,Red Line,93.0,5780.6,6616.4,3687.0,361
2025-02-16 15:00:00,weekend,place-andrw,Andrew,Red Line,96.0,3255.3,3702.9,2134.3,361
2025-02-16 15:00:00,weekend,place-aqucl,Aquarium,Blue Line,177.0,3333.0,3432.4,3084.2,361
2025-02-16 15:00:00,weekend,place-armnl,Arlington,Green Line,202.0,3907.7,3974.4,3739.3,349
2025-02-16 15:00:00,weekend,place-asmnl,Ashmont,Red Line,80.0,3756.3,4380.3,2193.5,361
2025-02-16 15:00:00,weekend,place-astao,Assembly,Orange Line,1.0,2967.9,3119.5,2588.3,361
2025-02-16 15:00:00,weekend,place-bbsta,Back Bay,Orange Line,356.0,10028.9,11471.0,6270.6,357
2025-02-16 15:00:00,weekend,place-bmmnl,Beachmont,Blue Line,69.0,2348.0,2653.2,1560.5,358
2025-02-16 15:00:00,weekend,place-bomnl,Bowdoin,Blue Line,64.0,1406.3,1701.8,666.0,361
2025-02-16 15:00:00,weekend,place-boyls,Boylston,Green Line,383.0,3859.1,3732.2,4181.6,347
2025-02-16 15:00:00,weekend,place-brntn,Braintree,Red Line,50.0,2316.0,2671.8,1416.0,360
2025-02-16 15:00:00,weekend,place-brdwy,Broadway,Red Line,82.0,3513.1,3928.7,2393.2,351
2025-02-16 15:00:00,weekend,place-cntsq,Central,Red Line,283.0,8250.8,8876.6,6683.3,361
2025-02-16 15:00:00,weekend,place-chmnl,Charles/MGH,Red Line,162.0,5543.2,6654.1,2760.4,361
2025-02-16 15:00:00,weekend,place-chncl,Chinatown,Orange Line,176.0,3955.4,4305.4,3078.5,361
2025-02-16 15:00:00,weekend,place-ccmnl,Community College,Orange Line,1.0,2457.6,3023.7,1039.7,361
2025-02-16 15:00:00,weekend,place-coecl,Copley,Green Line,638.0,7980.6,7980.3,7981.3,350
2025-02-16 15:00:00,weekend,place-crtst,Courthouse,Silver Line,121.0,2253.6,2567.2,1468.3,361
2025-02-16 15:00:00,weekend,place-davis,Davis,Red Line,157.0,4866.6,5296.7,3789.1,361
2025-02-16 15:00:00,weekend,place-dwnxg,Downtown Crossing,"Orange Line, Red Line",397.0,10888.3,12269.6,7428.3,361
2025-02-16 15:00:00,weekend,place-fldcr,Fields Corner,Red Line,51.0,2377.4,2697.5,1575.7,361
2025-02-16 15:00:00,weekend,place-forhl,Forest Hills,Orange Line,163.0,6328.0,7469.5,3468.6,361
2025-02-16 15:00:00,weekend,place-gilmn,Gilman Square,Green Line,4.17,264.1,286.5,207.2,351
2025-02-16 15:00:00,weekend,place-gover,Government Center,"Blue Line, Green Line",211.0,4821.1,5170.1,3947.0,361
2025-02-16 15:00:00,weekend,place-grnst,Green Street,Orange Line,39.0,1799.9,2077.1,1101.4,359
2025-02-16 15:00:00,weekend,place-harsq,Harvard,Red Line,544.0,10860.0,11361.2,9604.7,361
2025-02-16 15:00:00,weekend,place-haecl,Haymarket,"Green Line, Orange Line",251.0,6453.5,6748.3,5715.2,361
2025-02-16 15:00:00,weekend,place-hymnl,Hynes Convention Center,Green Line,320.0,5288.6,5220.1,5460.7,355
2025-02-16 15:00:00,weekend,place-jfk,JFK/UMass,Red Line,89.0,4084.5,4808.4,2173.9,353
2025-02-16 15:00:00,weekend,place-jaksn,Jackson Square,Orange Line,67.0,2846.1,3326.1,1631.9,360
2025-02-16 15:00:00,weekend,place-knncl,Kendall/MIT,Red Line,274.0,8412.3,9925.9,4498.5,355
2025-02-16 15:00:00,weekend,place-kencl,Kenmore,Green Line,169.0,4439.8,4535.1,4203.1,352
2025-02-16 15:00:00,weekend,place-lech,Lechmere,Green Line,16.66,245.6,265.3,196.0,359
2025-02-16 15:00:00,weekend,place-mgngl,Magoun Square,Green Line,12.5,128.3,138.1,103.5,349
2025-02-16 15:00:00,weekend,place-masta,Massachusetts Avenue,Orange Line,84.0,3184.2,3658.5,1996.0,361
2025-02-16 15:00:00,weekend,place-matt,Mattapan Line,Mattapan Line,57.6,2785.5,3271.4,1568.2,361
2025-02-16 15:00:00,weekend,place-mvbcl,Maverick,Blue Line,285.0,7320.1,8106.1,5351.5,361
2025-02-16 15:00:00,weekend,place-mdftf,Medford/Tufts,Green Line,8.34,181.5,203.0,127.3,349
2025-02-16 15:00:00,weekend,place-nqncy,North Quincy,Red Line,47.0,2886.8,3386.6,1634.9,361
2025-02-16 15:00:00,weekend,place-north,North Station,"Green Line, Orange Line",484.0,11662.5,13084.0,8031.2,359
2025-02-16 15:00:00,weekend,place-ogmnl,Oak Grove,Orange Line,1.0,3496.9,4070.8,2045.5,360
2025-02-16 15:00:00,weekend,place-orhte,Orient Heights,Blue Line,93.0,3047.0,3426.0,2079.0,359
2025-02-16 15:00:00,weekend,place-pktrm,Park Street,"Green Line, Red Line",367.0,8842.8,9190.0,7973.2,361
2025-02-16 15:00:00,weekend,place-portr,Porter,Red Line,233.0,4190.9,4505.7,3402.5,361
2025-02-16 15:00:00,weekend,place-prmnl,Prudential,Green Line,208.0,2182.0,2137.6,2292.7,353
2025-02-16 15:00:00,weekend,place-qamnl,Quincy Adams,Red Line,30.0,1560.4,1835.5,867.2,359
2025-02-16 15:00:00,weekend,place-qnctr,Quincy Center,Red Line,53.0,3374.7,3868.8,2094.1,352
2025-02-16 15:00:00,weekend,place-rbmnl,Revere Beach,Blue Line,94.0,2267.8,2518.2,1633.2,357
2025-02-16 15:00:00,weekend,place-river,Riverside,Green Line,18.0,899.9,901.1,896.9,360
2025-02-16 15:00:00,weekend,place-rcmnl,Roxbury Crossing,Orange Line,83.0,2916.6,3388.0,1712.4,359
2025-02-16 15:00:00,weekend,place-rugg,Ruggles,Orange Line,173.0,5463.2,6671.9,2435.5,361
2025-02-16 15:00:00,weekend,place-shmnl,Savin Hill,Red Line,28.0,1248.0,1417.1,824.3,361
2025-02-16 15:00:00,weekend,place-spmnl,Science Park,Green Line,61.0,733.3,762.6,660.0,361
2025-02-16 15:00:00,weekend,place-smmnl,Shawmut,Red Line,34.0,1085.6,1267.3,630.5,361
2025-02-16 15:00:00,weekend,place-sstat,South Station,"Red Line, Silver Line",340.0,11868.8,13721.2,7126.5,356
2025-02-16 15:00:00,weekend,place-state,State Street,"Blue Line, Orange Line",182.0,7246.9,8717.0,3578.8,360
2025-02-16 15:00:00,weekend,place-sbmnl,Stony Brook,Orange Line,79.0,1897.8,2150.5,1257.4,357
2025-02-16 15:00:00,weekend,place-sdmnl,Suffolk Downs,Blue Line,5.0,501.1,568.7,323.9,355
2025-02-16 15:00:00,weekend,place-symcl,Symphony,Green Line,50.0,946.3,920.8,1010.2,327
2025-02-16 15:00:00,weekend,place-tumnl,Tufts Medical Center,Orange Line,196.0,3777.8,4535.5,1880.0,361
2025-02-16 15:00:00,weekend,place-unsqu,Union Square,Green Line,8.33,135.3,144.6,111.3,347
2025-02-16 15:00:00,weekend,place-wlsta,Wollaston,Red Line,31.0,1734.5,2020.8,1017.4,361
2025-02-16 15:00:00,weekend,place-wondl,Wonderland,Blue Line,112.0,3759.9,4264.2,2469.0,356
2025-02-16 15:00:00,weekend,place-wimnl,Wood Island,Blue Line,62.0,1318.7,1467.7,932.0,356
2025-02-16 15:00:00,weekend,place-wtcst,World Trade Center,Silver Line,63.0,1200.2,1316.5,909.0,361
2025-02-16 16:00:00,weekend,place-aport,Airport,Blue Line,174.0,6078.3,6569.2,4836.4,360
2025-02-16 16:00:00,weekend,place-alfcl,Alewife,Red Line,85.0,5780.6,6616.4,3687.0,361
2025-02-16 16:00:00,weekend,place-andrw,Andrew,Red Line,73.0,3255.3,3702.9,2134.3,361
2025-02-16 16:00:00,weekend,place-aqucl,Aquarium,Blue Line,174.0,3333.0,3432.4,3084.2,361
2025-02-16 16:00:00,weekend,place-armnl,Arlington,Green Line,134.0,3907.7,3974.4,3739.3,349
2025-02-16 16:00:00,weekend,place-asmnl,Ashmont,Red Line,74.0,3756.3,4380.3,2193.5,361
2025-02-16 16:00:00,weekend,place-astao,Assembly,Orange Line,1.0,2967.9,3119.5,2588.3,361
2025-02-16 16:00:00,weekend,place-bbsta,Back Bay,Orange Line,204.0,10028.9,11471.0,6270.6,357
2025-02-16 16:00:00,weekend,place-balsq,Ball Square,Green Line,8.33,139.3,150.9,109.9,350
2025-02-16 16:00:00,weekend,place-bmmnl,Beachmont,Blue Line,47.0,2348.0,2653.2,1560.5,358
2025-02-16 16:00:00,weekend,place-bomnl,Bowdoin,Blue Line,29.0,1406.3,1701.8,666.0,361
2025-02-16 16:00:00,weekend,place-boyls,Boylston,Green Line,263.0,3859.1,3732.2,4181.6,347
2025-02-16 16:00:00,weekend,place-brntn,Braintree,Red Line,36.0,2316.0,2671.8,1416.0,360
2025-02-16 16:00:00,weekend,place-brdwy,Broadway,Red Line,90.0,3513.1,3928.7,2393.2,351
2025-02-16 16:00:00,weekend,place-cntsq,Central,Red Line,325.0,8250.8,8876.6,6683.3,361
2025-02-16 16:00:00,weekend,place-chmnl,Charles/MGH,Red Line,135.0,5543.2,6654.1,2760.4,361
2025-02-16 16:00:00,weekend,place-chncl,Chinatown,Orange Line,174.0,3955.4,4305.4,3078.5,361
2025-02-16 16:00:00,weekend,place-ccmnl,Community College,Orange Line,2.0,2457.6,3023.7,1039.7,361
2025-02-16 16:00:00,weekend,place-coecl,Copley,Green Line,688.0,7980.6,7980.3,7981.3,350
2025-02-16 16:00:00,weekend,place-crtst,Courthouse,Silver Line,78.0,2253.6,2567.2,1468.3,361
2025-02-16 16:00:00,weekend,place-davis,Davis,Red Line,132.0,4866.6,5296.7,3789.1,361
2025-02-16 16:00:00,weekend,place-dwnxg,Downtown Crossing,"Orange Line, Red Line",340.0,10888.3,12269.6,7428.3,361
2025-02-16 16:00:00,weekend,place-fldcr,Fields Corner,Red Line,37.0,2377.4,2697.5,1575.7,361
2025-02-16 16:00:00,weekend,place-forhl,Forest Hills,Orange Line,134.0,6328.0,7469.5,3468.6,361
2025-02-16 16:00:00,weekend,place-gilmn,Gilman Square,Green Line,50.0,264.1,286.5,207.2,351
2025-02-16 16:00:00,weekend,place-gover,Government Center,"Blue Line, Green Line",172.0,4821.1,5170.1,3947.0,361
2025-02-16 16:00:00,weekend,place-grnst,Green Street,Orange Line,45.0,1799.9,2077.1,1101.4,359
2025-02-16 16:00:00,weekend,place-harsq,Harvard,Red Line,548.0,10860.0,11361.2,9604.7,361
2025-02-16 16:00:00,weekend,place-haecl,Haymarket,"Green Line, Orange Line",193.0,6453.5,6748.3,5715.2,361
2025-02-16 16:00:00,weekend,place-hymnl,Hynes Convention Center,Green Line,364.0,5288.6,5220.1,5460.7,355
2025-02-16 16:00:00,weekend,place-jfk,JFK/UMass,Red Line,58.0,4084.5,4808.4,2173.9,353
2025-02-16 16:00:00,weekend,place-jaksn,Jackson Square,Orange Line,69.0,2846.1,3326.1,1631.9,360
2025-02-16 16:00:00,weekend,place-knncl,Kendall/MIT,Red Line,244.0,8412.3,9925.9,4498.5,355
2025-02-16 16:00:00,weekend,place-kencl,Kenmore,Green Line,131.0,4439.8,4535.1,4203.1,352
2025-02-16 16:00:00,weekend,place-lech,Lechmere,Green Line,4.17,245.6,265.3,196.0,359
2025-02-16 16:00:00,weekend,place-mgngl,Magoun Square,Green Line,8.34,128.3,138.1,103.5,349
2025-02-16 16:00:00,weekend,place-mlmnl,Malden Center,Orange Line,2.0,5719.4,6595.3,3525.2,361
2025-02-16 16:00:00,weekend,place-masta,Massachusetts Avenue,Orange Line,90.0,3184.2,3658.5,1996.0,361
2025-02-16 16:00:00,weekend,place-matt,Mattapan Line,Mattapan Line,51.84,2785.5,3271.4,1568.2,361
2025-02-16 16:00:00,weekend,place-mvbcl,Maverick,Blue Line,214.0,7320.1,8106.1,5351.5,361
2025-02-16 16:00:00,weekend,place-mdftf,Medford/Tufts,Green Line,29.17,181.5,203.0,127.3,349
2025-02-16 16:00:00,weekend,place-nqncy,North Quincy,Red Line,37.0,2886.8,3386.6,1634.9,361
2025-02-16 16:00:00,weekend,place-north,North Station,"Green Line, Orange Line",495.0,11662.5,13084.0,8031.2,359
2025-02-16 16:00:00,weekend,place-orhte,Orient Heights,Blue Line,77.0,3047.0,3426.0,2079.0,359
2025-02-16 16:00:00,weekend,place-pktrm,Park Street,"Green Line, Red Line",287.0,8842.8,9190.0,7973.2,361
2025-02-16 16:00:00,weekend,place-portr,Porter,Red Line,193.0,4190.9,4505.7,3402.5,361
2025-02-16 16:00:00,weekend,place-prmnl,Prudential,Green Line,214.0,2182.0,2137.6,2292.7,353
2025-02-16 16:00:00,weekend,place-qamnl,Quincy Adams,Red Line,21.0,1560.4,1835.5,867.2,359
2025-02-16 16:00:00,weekend,place-qnctr,Quincy Center,Red Line,55.0,3374.7,3868.8,2094.1,352
2025-02-16 16:00:00,weekend,place-rbmnl,Revere Beach,Blue Line,48.0,2267.8,2518.2,1633.2,357
2025-02-16 16:00:00,weekend,place-river,Riverside,Green Line,20.0,899.9,901.1,896.9,360
2025-02-16 16:00:00,weekend,place-rcmnl,Roxbury Crossing,Orange Line,65.0,2916.6,3388.0,1712.4,359
2025-02-16 16:00:00,weekend,place-rugg,Ruggles,Orange Line,131.0,5463.2,6671.9,2435.5,361
2025-02-16 16:00:00,weekend,place-shmnl,Savin Hill,Red Line,34.0,1248.0,1417.1,824.3,361
2025-02-16 16:00:00,weekend,place-spmnl,Science Park,Green Line,100.0,733.3,762.6,660.0,361
2025-02-16 16:00:00,weekend,place-smmnl,Shawmut,Red Line,20.0,1085.6,1267.3,630.5,361
2025-02-16 16:00:00,weekend,place-sstat,South Station,"Red Line, Silver Line",262.0,11868.8,13721.2,7126.5,356
2025-02-16 16:00:00,weekend,place-state,State Street,"Blue Line, Orange Line",167.0,7246.9,8717.0,3578.8,360
2025-02-16 16:00:00,weekend,place-sbmnl,Stony Brook,Orange Line,52.0,1897.8,2150.5,1257.4,357
2025-02-16 16:00:00,weekend,place-sdmnl,Suffolk Downs,Blue Line,6.0,501.1,568.7,323.9,355
2025-02-16 16:00:00,weekend,place-sull,Sullivan Square,Orange Line,1.0,3949.4,4501.9,2538.3,359
2025-02-16 16:00:00,weekend,place-symcl,Symphony,Green Line,112.0,946.3,920.8,1010.2,327
2025-02-16 16:00:00,weekend,place-tumnl,Tufts Medical Center,Orange Line,111.0,3777.8,4535.5,1880.0,361
2025-02-16 16:00:00,weekend,place-unsqu,Union Square,Green Line,33.33,135.3,144.6,111.3,347
2025-02-16 16:00:00,weekend,place-welln,Wellington,Orange Line,1.0,3899.1,4551.5,2215.9,358
2025-02-16 16:00:00,weekend,place-wlsta,Wollaston,Red Line,30.0,1734.5,2020.8,1017.4,361
2025-02-16 16:00:00,weekend,place-wondl,Wonderland,Blue Line,80.0,3759.9,4264.2,2469.0,356
2025-02-16 16:00:00,weekend,place-wimnl,Wood Island,Blue Line,36.0,1318.7,1467.7,932.0,356
2025-02-16 16:00:00,weekend,place-wtcst,World Trade Center,Silver Line,51.0,1200.2,1316.5,909.0,361
2025-02-16 17:00:00,weekend,place-aport,Airport,Blue Line,145.0,6078.3,6569.2,4836.4,360
2025-02-16 17:00:00,weekend,place-alfcl,Alewife,Red Line,107.0,5780.6,6616.4,3687.0,361
2025-02-16 17:00:00,weekend,place-andrw,Andrew,Red Line,44.0,3255.3,3702.9,2134.3,361
2025-02-16 17:00:00,weekend,place-aqucl,Aquarium,Blue Line,105.0,3333.0,3432.4,3084.2,361
2025-02-16 17:00:00,weekend,place-armnl,Arlington,Green Line,227.0,3907.7,3974.4,3739.3,349
2025-02-16 17:00:00,weekend,place-asmnl,Ashmont,Red Line,41.0,3756.3,4380.3,2193.5,361
2025-02-16 17:00:00,weekend,place-astao,Assembly,Orange Line,2.0,2967.9,3119.5,2588.3,361
2025-02-16 17:00:00,weekend,place-bbsta,Back Bay,Orange Line,326.0,10028.9,11471.0,6270.6,357
2025-02-16 17:00:00,weekend,place-balsq,Ball Square,Green Line,8.33,139.3,150.9,109.9,350
2025-02-16 17:00:00,weekend,place-bmmnl,Beachmont,Blue Line,36.0,2348.0,2653.2,1560.5,358
2025-02-16 17:00:00,weekend,place-bomnl,Bowdoin,Blue Line,37.0,1406.3,1701.8,666.0,361
2025-02-16 17:00:00,weekend,place-boyls,Boylston,Green Line,224.0,3859.1,3732.2,4181.6,347
2025-02-16 17:00:00,weekend,place-brntn,Braintree,Red Line,24.0,2316.0,2671.8,1416.0,360
2025-02-16 17:00:00,weekend,place-brdwy,Broadway,Red Line,93.0,3513.1,3928.7,2393.2,351
2025-02-16 17:00:00,weekend,place-cntsq,Central,Red Line,339.0,8250.8,8876.6,6683.3,361
2025-02-16 17:00:00,weekend,place-chmnl,Charles/MGH,Red Line,123.0,5543.2,6654.1,2760.4,361
2025-02-16 17:00:00,weekend,place-chncl,Chinatown,Orange Line,131.0,3955.4,4305.4,3078.5,361
2025-02-16 17:00:00,weekend,place-coecl,Copley,Green Line,574.0,7980.6,7980.3,7981.3,350
2025-02-16 17:00:00,weekend,place-crtst,Courthouse,Silver Line,78.0,2253.6,2567.2,1468.3,361
2025-02-16 17:00:00,weekend,place-davis,Davis,Red Line,153.0,4866.6,5296.7,3789.1,361
2025-02-16 17:00:00,weekend,place-dwnxg,Downtown Crossing,"Orange Line, Red Line",341.0,10888.3,12269.6,7428.3,361
2025-02-16 17:00:00,weekend,place-esomr,East Somerville,Green Line,8.34,70.5,75.8,56.8,350
2025-02-16 17:00:00,weekend,place-fldcr,Fields Corner,Red Line,43.0,2377.4,2697.5,1575.7,361
2025-02-16 17:00:00,weekend,place-forhl,Forest Hills,Orange Line,114.0,6328.0,7469.5,3468.6,361
2025-02-16 17:00:00,weekend,place-gilmn,Gilman Square,Green Line,4.17,264.1,286.5,207.2,351
2025-02-16 17:00:00,weekend,place-gover,Government Center,"Blue Line, Green Line",205.0,4821.1,5170.1,3947.0,361
2025-02-16 17:00:00,weekend,place-grnst,Green Street,Orange Line,38.0,1799.9,2077.1,1101.4,359
2025-02-16 17:00:00,weekend,place-harsq,Harvard,Red Line,614.0,10860.0,11361.2,9604.7,361
2025-02-16 17:00:00,weekend,place-haecl,Haymarket,"Green Line, Orange Line",177.0,6453.5,6748.3,5715.2,361
2025-02-16 17:00:00,weekend,place-hymnl,Hynes Convention Center,Green Line,380.0,5288.6,5220.1,5460.7,355
2025-02-16 17:00:00,weekend,place-jfk,JFK/UMass,Red Line,69.0,4084.5,4808.4,2173.9,353
2025-02-16 17:00:00,weekend,place-jaksn,Jackson Square,Orange Line,77.0,2846.1,3326.1,1631.9,360
2025-02-16 17:00:00,weekend,place-knncl,Kendall/MIT,Red Line,294.0,8412.3,9925.9,4498.5,355
2025-02-16 17:00:00,weekend,place-kencl,Kenmore,Green Line,161.0,4439.8,4535.1,4203.1,352
2025-02-16 17:00:00,weekend,place-lech,Lechmere,Green Line,4.17,245.6,265.3,196.0,359
2025-02-16 17:00:00,weekend,place-mgngl,Magoun Square,Green Line,8.33,128.3,138.1,103.5,349
2025-02-16 17:00:00,weekend,place-mlmnl,Malden Center,Orange Line,2.0,5719.4,6595.3,3525.2,361
2025-02-16 17:00:00,weekend,place-masta,Massachusetts Avenue,Orange Line,125.0,3184.2,3658.5,1996.0,361
2025-02-16 17:00:00,weekend,place-matt,Mattapan Line,Mattapan Line,25.35,2785.5,3271.4,1568.2,361
2025-02-16 17:00:00,weekend,place-mvbcl,Maverick,Blue Line,169.0,7320.1,8106.1,5351.5,361
2025-02-16 17:00:00,weekend,place-mdftf,Medford/Tufts,Green Line,12.5,181.5,203.0,127.3,349
2025-02-16 17:00:00,weekend,place-nqncy,North Quincy,Red Line,45.0,2886.8,3386.6,1634.9,361
2025-02-16 17:00:00,weekend,place-north,North Station,"Green Line, Orange Line",396.0,11662.5,13084.0,8031.2,359
2025-02-16 17:00:00,weekend,place-orhte,Orient Heights,Blue Line,46.0,3047.0,3426.0,2079.0,359
2025-02-16 17:00:00,weekend,place-pktrm,Park Street,"Green Line, Red Line",298.0,8842.8,9190.0,7973.2,361
2025-02-16 17:00:00,weekend,place-portr,Porter,Red Line,154.0,4190.9,4505.7,3402.5,361
2025-02-16 17:00:00,weekend,place-prmnl,Prudential,Green Line,216.0,2182.0,2137.6,2292.7,353
2025-02-16 17:00:00,weekend,place-qamnl,Quincy Adams,Red Line,14.0,1560.4,1835.5,867.2,359
2025-02-16 17:00:00,weekend,place-qnctr,Quincy Center,Red Line,62.0,3374.7,3868.8,2094.1,352
2025-02-16 17:00:00,weekend,place-rbmnl,Revere Beach,Blue Line,46.0,2267.8,2518.2,1633.2,357
2025-02-16 17:00:00,weekend,place-river,Riverside,Green Line,20.0,899.9,901.1,896.9,360
2025-02-16 17:00:00,weekend,place-rcmnl,Roxbury Crossing,Orange Line,64.0,2916.6,3388.0,1712.4,359
2025-02-16 17:00:00,weekend,place-rugg,Ruggles,Orange Line,140.0,5463.2,6671.9,2435.5,361
2025-02-16 17:00:00,weekend,place-shmnl,Savin Hill,Red Line,22.0,1248.0,1417.1,824.3,361
2025-02-16 17:00:00,weekend,place-spmnl,Science Park,Green Line,85.0,733.3,762.6,660.0,361
2025-02-16 17:00:00,weekend,place-smmnl,Shawmut,Red Line,22.0,1085.6,1267.3,630.5,361
2025-02-16 17:00:00,weekend,place-sstat,South Station,"Red Line, Silver Line",341.0,11868.8,13721.2,7126.5,356
2025-02-16 17:00:00,weekend,place-state,State Street,"Blue Line, Orange Line",176.0,7246.9,8717.0,3578.8,360
2025-02-16 17:00:00,weekend,place-sbmnl,Stony Brook,Orange Line,61.0,1897.8,2150.5,1257.4,357
2025-02-16 17:00:00,weekend,place-sdmnl,Suffolk Downs,Blue Line,7.0,501.1,568.7,323.9,355
2025-02-16 17:00:00,weekend,place-symcl,Symphony,Green Line,164.0,946.3,920.8,1010.2,327
2025-02-16 17:00:00,weekend,place-tumnl,Tufts Medical Center,Orange Line,104.0,3777.8,4535.5,1880.0,361
2025-02-16 17:00:00,weekend,place-wlsta,Wollaston,Red Line,22.0,1734.5,2020.8,1017.4,361
2025-02-16 17:00:00,weekend,place-wondl,Wonderland,Blue Line,90.0,3759.9,4264.2,2469.0,356
2025-02-16 17:00:00,weekend,place-wimnl,Wood Island,Blue Line,34.0,1318.7,1467.7,932.0,356
2025-02-16 17:00:00,weekend,place-wtcst,World Trade Center,Silver Line,54.0,1200.2,1316.5,909.0,361
2025-02-16 18:00:00,weekend,place-aport,Airport,Blue Line,144.0,6078.3,6569.2,4836.4,360
2025-02-16 18:00:00,weekend,place-alfcl,Alewife,Red Line,96.0,5780.6,6616.4,3687.0,361
2025-02-16 18:00:00,weekend,place-andrw,Andrew,Red Line,66.0,3255.3,3702.9,2134.3,361
2025-02-16 18:00:00,weekend,place-aqucl,Aquarium,Blue Line,108.0,3333.0,3432.4,3084.2,361
2025-02-16 18:00:00,weekend,place-armnl,Arlington,Green Line,166.0,3907.7,3974.4,3739.3,349
2025-02-16 18:00:00,weekend,place-astao,Assembly,Orange Line,1.0,2967.9,3119.5,2588.3,361
2025-02-16 18:00:00,weekend,place-bbsta,Back Bay,Orange Line,322.0,10028.9,11471.0,6270.6,357
2025-02-16 18:00:00,weekend,place-balsq,Ball Square,Green Line,8.33,139.3,150.9,109.9,350
2025-02-16 18:00:00,weekend,place-bmmnl,Beachmont,Blue Line,27.0,2348.0,2653.2,1560.5,358
2025-02-16 18:00:00,weekend,place-bomnl,Bowdoin,Blue Line,22.0,1406.3,1701.8,666.0,361
2025-02-16 18:00:00,weekend,place-boyls,Boylston,Green Line,252.0,3859.1,3732.2,4181.6,347
2025-02-16 18:00:00,weekend,place-brntn,Braintree,Red Line,49.0,2316.0,2671.8,1416.0,360
2025-02-16 18:00:00,weekend,place-brdwy,Broadway,Red Line,89.0,3513.1,3928.7,2393.2,351
2025-02-16 18:00:00,weekend,place-cntsq,Central,Red Line,291.0,8250.8,8876.6,6683.3,361
2025-02-16 18:00:00,weekend,place-chmnl,Charles/MGH,Red Line,108.0,5543.2,6654.1,2760.4,361
2025-02-16 18:00:00,weekend,place-chncl,Chinatown,Orange Line,112.0,3955.4,4305.4,3078.5,361
2025-02-16 18:00:00,weekend,place-ccmnl,Community College,Orange Line,1.0,2457.6,3023.7,1039.7,361
2025-02-16 18:00:00,weekend,place-coecl,Copley,Green Line,503.0,7980.6,7980.3,7981.3,350
2025-02-16 18:00:00,weekend,place-crtst,Courthouse,Silver Line,85.0,2253.6,2567.2,1468.3,361
2025-02-16 18:00:00,weekend,place-davis,Davis,Red Line,154.0,4866.6,5296.7,3789.1,361
2025-02-16 18:00:00,weekend,place-dwnxg,Downtown Crossing,"Orange Line, Red Line",254.0,10888.3,12269.6,7428.3,361
2025-02-16 18:00:00,weekend,place-fldcr,Fields Corner,Red Line,41.0,2377.4,2697.5,1575.7,361
2025-02-16 18:00:00,weekend,place-forhl,Forest Hills,Orange Line,109.0,6328.0,7469.5,3468.6,361
2025-02-16 18:00:00,weekend,place-gilmn,Gilman Square,Green Line,20.83,264.1,286.5,207.2,351
2025-02-16 18:00:00,weekend,place-gover,Government Center,"Blue Line, Green Line",139.0,4821.1,5170.1,3947.0,361
2025-02-16 18:00:00,weekend,place-grnst,Green Street,Orange Line,34.0,1799.9,2077.1,1101.4,359
2025-02-16 18:00:00,weekend,place-harsq,Harvard,Red Line,463.0,10860.0,11361.2,9604.7,361
2025-02-16 18:00:00,weekend,place-haecl,Haymarket,"Green Line, Orange Line",197.0,6453.5,6748.3,5715.2,361
2025-02-16 18:00:00,weekend,place-hymnl,Hynes Convention Center,Green Line,310.0,5288.6,5220.1,5460.7,355
2025-02-16 18:00:00,weekend,place-jfk,JFK/UMass,Red Line,59.0,4084.5,4808.4,2173.9,353
2025-02-16 18:00:00,weekend,place-jaksn,Jackson Square,Orange Line,60.0,2846.1,3326.1,1631.9,360
2025-02-16 18:00:00,weekend,place-knncl,Kendall/MIT,Red Line,205.0,8412.3,9925.9,4498.5,355
2025-02-16 18:00:00,weekend,place-kencl,Kenmore,Green Line,136.0,4439.8,4535.1,4203.1,352
2025-02-16 18:00:00,weekend,place-lech,Lechmere,Green Line,8.34,245.6,265.3,196.0,359
2025-02-16 18:00:00,weekend,place-mgngl,Magoun Square,Green Line,25.0,128.3,138.1,103.5,349
2025-02-16 18:00:00,weekend,place-mlmnl,Malden Center,Orange Line,1.0,5719.4,6595.3,3525.2,361
2025-02-16 18:00:00,weekend,place-masta,Massachusetts Avenue,Orange Line,86.0,3184.2,3658.5,1996.0,361
2025-02-16 18:00:00,weekend,place-mvbcl,Maverick,Blue Line,137.0,7320.1,8106.1,5351.5,361
2025-02-16 18:00:00,weekend,place-nqncy,North Quincy,Red Line,26.0,2886.8,3386.6,1634.9,361
2025-02-16 18:00:00,weekend,place-north,North Station,"Green Line, Orange Line",408.0,11662.5,13084.0,8031.2,359
2025-02-16 18:00:00,weekend,place-orhte,Orient Heights,Blue Line,43.0,3047.0,3426.0,2079.0,359
2025-02-16 18:00:00,weekend,place-pktrm,Park Street,"Green Line, Red Line",267.0,8842.8,9190.0,7973.2,361
2025-02-16 18:00:00,weekend,place-portr,Porter,Red Line,179.0,4190.9,4505.7,3402.5,361
2025-02-16 18:00:00,weekend,place-prmnl,Prudential,Green Line,163.0,2182.0,2137.6,2292.7,353
2025-02-16 18:00:00,weekend,place-qamnl,Quincy Adams,Red Line,19.0,1560.4,1835.5,867.2,359
2025-02-16 18:00:00,weekend,place-qnctr,Quincy Center,Red Line,37.0,3374.7,3868.8,2094.1,352
2025-02-16 18:00:00,weekend,place-rbmnl,Revere Beach,Blue Line,20.0,2267.8,2518.2,1633.2,357
2025-02-16 18:00:00,weekend,place-river,Riverside,Green Line,13.0,899.9,901.1,896.9,360
2025-02-16 18:00:00,weekend,place-rcmnl,Roxbury Crossing,Orange Line,67.0,2916.6,3388.0,1712.4,359
2025-02-16 18:00:00,weekend,place-rugg,Ruggles,Orange Line,110.0,5463.2,6671.9,2435.5,361
2025-02-16 18:00:00,weekend,place-shmnl,Savin Hill,Red Line,31.0,1248.0,1417.1,824.3,361
2025-02-16 18:00:00,weekend,place-spmnl,Science Park,Green Line,19.0,733.3,762.6,660.0,361
2025-02-16 18:00:00,weekend,place-smmnl,Shawmut,Red Line,15.0,1085.6,1267.3,630.5,361
2025-02-16 18:00:00,weekend,place-sstat,South Station,"Red Line, Silver Line",314.0,11868.8,13721.2,7126.5,356
2025-02-16 18:00:00,weekend,place-state,State Street,"Blue Line, Orange Line",159.0,7246.9,8717.0,3578.8,360
2025-02-16 18:00:00,weekend,place-sbmnl,Stony Brook,Orange Line,57.0,1897.8,2150.5,1257.4,357
2025-02-16 18:00:00,weekend,place-sdmnl,Suffolk Downs,Blue Line,9.0,501.1,568.7,323.9,355
2025-02-16 18:00:00,weekend,place-symcl,Symphony,Green Line,55.0,946.3,920.8,1010.2,327
2025-02-16 18:00:00,weekend,place-tumnl,Tufts Medical Center,Orange Line,88.0,3777.8,4535.5,1880.0,361
2025-02-16 18:00:00,weekend,place-unsqu,Union Square,Green Line,4.17,135.3,144.6,111.3,347
2025-02-16 18:00:00,weekend,place-wlsta,Wollaston,Red Line,21.0,1734.5,2020.8,1017.4,361
2025-02-16 18:00:00,weekend,place-wondl,Wonderland,Blue Line,69.0,3759.9,4264.2,2469.0,356
2025-02-16 18:00:00,weekend,place-wimnl,Wood Island,Blue Line,23.0,1318.7,1467.7,932.0,356
2025-02-16 18:00:00,weekend,place-wtcst,World Trade Center,Silver Line,26.0,1200.2,1316.5,909.0,361
2025-02-16 19:00:00,weekend,place-aport,Airport,Blue Line,150.0,6078.3,6569.2,4836.4,360
2025-02-16 19:00:00,weekend,place-alfcl,Alewife,Red Line,64.0,5780.6,6616.4,3687.0,361
2025-02-16 19:00:00,weekend,place-andrw,Andrew,Red Line,44.0,3255.3,3702.9,2134.3,361
2025-02-16 19:00:00,weekend,place-aqucl,Aquarium,Blue Line,74.0,3333.0,3432.4,3084.2,361
2025-02-16 19:00:00,weekend,place-armnl,Arlington,Green Line,86.0,3907.7,3974.4,3739.3,349
2025-02-16 19:00:00,weekend,place-asmnl,Ashmont,Red Line,17.0,3756.3,4380.3,2193.5,361
2025-02-16 19:00:00,weekend,place-bbsta,Back Bay,Orange Line,205.0,10028.9,11471.0,6270.6,357
2025-02-16 19:00:00,weekend,place-balsq,Ball Square,Green Line,12.5,139.3,150.9,109.9,350
2025-02-16 19:00:00,weekend,place-bmmnl,Beachmont,Blue Line,19.0,2348.0,2653.2,1560.5,358
2025-02-16 19:00:00,weekend,place-bomnl,Bowdoin,Blue Line,24.0,1406.3,1701.8,666.0,361
2025-02-16 19:00:00,weekend,place-boyls,Boylston,Green Line,183.0,3859.1,3732.2,4181.6,347
2025-02-16 19:00:00,weekend,place-brntn,Braintree,Red Line,17.0,2316.0,2671.8,1416.0,360
2025-02-16 19:00:00,weekend,place-brdwy,Broadway,Red Line,66.0,3513.1,3928.7,2393.2,351
2025-02-16 19:00:00,weekend,place-cntsq,Central,Red Line,183.0,8250.8,8876.6,6683.3,361
2025-02-16 19:00:00,weekend,place-chmnl,Charles/MGH,Red Line,154.0,5543.2,6654.1,2760.4,361
2025-02-16 19:00:00,weekend,place-chncl,Chinatown,Orange Line,118.0,3955.4,4305.4,3078.5,361
2025-02-16 19:00:00,weekend,place-ccmnl,Community College,Orange Line,1.0,2457.6,3023.7,1039.7,361
2025-02-16 19:00:00,weekend,place-coecl,Copley,Green Line,357.0,7980.6,7980.3,7981.3,350
2025-02-16 19:00:00,weekend,place-crtst,Courthouse,Silver Line,58.0,2253.6,2567.2,1468.3,361
2025-02-16 19:00:00,weekend,place-davis,Davis,Red Line,107.0,4866.6,5296.7,3789.1,361
2025-02-16 19:00:00,weekend,place-dwnxg,Downtown Crossing,"Orange Line, Red Line",244.0,10888.3,12269.6,7428.3,361
2025-02-16 19:00:00,weekend,place-fldcr,Fields Corner,Red Line,14.0,2377.4,2697.5,1575.7,361
2025-02-16 19:00:00,weekend,place-forhl,Forest Hills,Orange Line,70.0,6328.0,7469.5,3468.6,361
2025-02-16 19:00:00,weekend,place-gover,Government Center,"Blue Line, Green Line",117.0,4821.1,5170.1,3947.0,361
2025-02-16 19:00:00,weekend,place-grnst,Green Street,Orange Line,21.0,1799.9,2077.1,1101.4,359
2025-02-16 19:00:00,weekend,place-harsq,Harvard,Red Line,377.0,10860.0,11361.2,9604.7,361
2025-02-16 19:00:00,weekend,place-haecl,Haymarket,"Green Line, Orange Line",200.0,6453.5,6748.3,5715.2,361
2025-02-16 19:00:00,weekend,place-hymnl,Hynes Convention Center,Green Line,252.0,5288.6,5220.1,5460.7,355
2025-02-16 19:00:00,weekend,place-jfk,JFK/UMass,Red Line,31.0,4084.5,4808.4,2173.9,353
2025-02-16 19:00:00,weekend,place-jaksn,Jackson Square,Orange Line,22.0,2846.1,3326.1,1631.9,360
2025-02-16 19:00:00,weekend,place-knncl,Kendall/MIT,Red Line,187.0,8412.3,9925.9,4498.5,355
2025-02-16 19:00:00,weekend,place-kencl,Kenmore,Green Line,130.0,4439.8,4535.1,4203.1,352
2025-02-16 19:00:00,weekend,place-lech,Lechmere,Green Line,4.17,245.6,265.3,196.0,359
2025-02-16 19:00:00,weekend,place-mgngl,Magoun Square,Green Line,8.34,128.3,138.1,103.5,349
2025-02-16 19:00:00,weekend,place-mlmnl,Malden Center,Orange Line,1.0,5719.4,6595.3,3525.2,361
2025-02-16 19:00:00,weekend,place-masta,Massachusetts Avenue,Orange Line,70.0,3184.2,3658.5,1996.0,361
2025-02-16 19:00:00,weekend,place-matt,Mattapan Line,Mattapan Line,9.22,2785.5,3271.4,1568.2,361
2025-02-16 19:00:00,weekend,place-mvbcl,Maverick,Blue Line,90.0,7320.1,8106.1,5351.5,361
2025-02-16 19:00:00,weekend,place-mdftf,Medford/Tufts,Green Line,16.67,181.5,203.0,127.3,349
2025-02-16 19:00:00,weekend,place-nqncy,North Quincy,Red Line,23.0,2886.8,3386.6,1634.9,361
2025-02-16 19:00:00,weekend,place-north,North Station,"Green Line, Orange Line",263.0,11662.5,13084.0,8031.2,359
2025-02-16 19:00:00,weekend,place-orhte,Orient Heights,Blue Line,27.0,3047.0,3426.0,2079.0,359
2025-02-16 19:00:00,weekend,place-pktrm,Park Street,"Green Line, Red Line",244.0,8842.8,9190.0,7973.2,361
2025-02-16 19:00:00,weekend,place-portr,Porter,Red Line,196.0,4190.9,4505.7,3402.5,361
2025-02-16 19:00:00,weekend,place-prmnl,Prudential,Green Line,135.0,2182.0,2137.6,2292.7,353
2025-02-16 19:00:00,weekend,place-qamnl,Quincy Adams,Red Line,12.0,1560.4,1835.5,867.2,359
2025-02-16 19:00:00,weekend,place-qnctr,Quincy Center,Red Line,31.0,3374.7,3868.8,2094.1,352
2025-02-16 19:00:00,weekend,place-rbmnl,Revere Beach,Blue Line,19.0,2267.8,2518.2,1633.2,357
2025-02-16 19:00:00,weekend,place-river,Riverside,Green Line,7.0,899.9,901.1,896.9,360
2025-02-16 19:00:00,weekend,place-rcmnl,Roxbury Crossing,Orange Line,37.0,2916.6,3388.0,1712.4,359
2025-02-16 19:00:00,weekend,place-rugg,Ruggles,Orange Line,113.0,5463.2,6671.9,2435.5,361
2025-02-16 19:00:00,weekend,place-shmnl,Savin Hill,Red Line,15.0,1248.0,1417.1,824.3,361
2025-02-16 19:00:00,weekend,place-spmnl,Science Park,Green Line,18.0,733.3,762.6,660.0,361
2025-02-16 19:00:00,weekend,place-smmnl,Shawmut,Red Line,13.0,1085.6,1267.3,630.5,361
2025-02-16 19:00:00,weekend,place-sstat,South Station,"Red Line, Silver Line",245.0,11868.8,13721.2,7126.5,356
2025-02-16 19:00:00,weekend,place-state,State Street,"Blue Line, Orange Line",115.0,7246.9,8717.0,3578.8,360
2025-02-16 19:00:00,weekend,place-sbmnl,Stony Brook,Orange Line,26.0,1897.8,2150.5,1257.4,357
2025-02-16 19:00:00,weekend,place-sdmnl,Suffolk Downs,Blue Line,3.0,501.1,568.7,323.9,355
2025-02-16 19:00:00,weekend,place-symcl,Symphony,Green Line,52.0,946.3,920.8,1010.2,327
2025-02-16 19:00:00,weekend,place-tumnl,Tufts Medical Center,Orange Line,112.0,3777.8,4535.5,1880.0,361
2025-02-16 19:00:00,weekend,place-unsqu,Union Square,Green Line,4.17,135.3,144.6,111.3,347
2025-02-16 19:00:00,weekend,place-wlsta,Wollaston,Red Line,11.0,1734.5,2020.8,1017.4,361
2025-02-16 19:00:00,weekend,place-wondl,Wonderland,Blue Line,55.0,3759.9,4264.2,2469.0,356
2025-02-16 19:00:00,weekend,place-wimnl,Wood Island,Blue Line,17.0,1318.7,1467.7,932.0,356
2025-02-16 19:00:00,weekend,place-wtcst,World Trade Center,Silver Line,19.0,1200.2,1316.5,909.0,361
2025-02-16 20:00:00,weekend,place-aport,Airport,Blue Line,141.0,6078.3,6569.2,4836.4,360
2025-02-16 20:00:00,weekend,place-alfcl,Alewife,Red Line,33.0,5780.6,6616.4,3687.0,361
2025-02-16 20:00:00,weekend,place-andrw,Andrew,Red Line,39.0,3255.3,3702.9,2134.3,361
2025-02-16 20:00:00,weekend,place-aqucl,Aquarium,Blue Line,55.0,3333.0,3432.4,3084.2,361
2025-02-16 20:00:00,weekend,place-armnl,Arlington,Green Line,71.0,3907.7,3974.4,3739.3,349
2025-02-16 20:00:00,weekend,place-asmnl,Ashmont,Red Line,54.0,3756.3,4380.3,2193.5,361
2025-02-16 20:00:00,weekend,place-bbsta,Back Bay,Orange Line,166.0,10028.9,11471.0,6270.6,357
2025-02-16 20:00:00,weekend,place-bmmnl,Beachmont,Blue Line,17.0,2348.0,2653.2,1560.5,358
2025-02-16 20:00:00,weekend,place-bomnl,Bowdoin,Blue Line,19.0,1406.3,1701.8,666.0,361
2025-02-16 20:00:00,weekend,place-boyls,Boylston,Green Line,161.0,3859.1,3732.2,4181.6,347
2025-02-16 20:00:00,weekend,place-brntn,Braintree,Red Line,20.0,2316.0,2671.8,1416.0,360
2025-02-16 20:00:00,weekend,place-brdwy,Broadway,Red Line,43.0,3513.1,3928.7,2393.2,351
2025-02-16 20:00:00,weekend,place-cntsq,Central,Red Line,165.0,8250.8,8876.6,6683.3,361
2025-02-16 20:00:00,weekend,place-chmnl,Charles/MGH,Red Line,67.0,5543.2,6654.1,2760.4,361
2025-02-16 20:00:00,weekend,place-chncl,Chinatown,Orange Line,114.0,3955.4,4305.4,3078.5,361
2025-02-16 20:00:00,weekend,place-ccmnl,Community College,Orange Line,1.0,2457.6,3023.7,1039.7,361
2025-02-16 20:00:00,weekend,place-coecl,Copley,Green Line,252.0,7980.6,7980.3,7981.3,350
2025-02-16 20:00:00,weekend,place-crtst,Courthouse,Silver Line,61.0,2253.6,2567.2,1468.3,361
2025-02-16 20:00:00,weekend,place-davis,Davis,Red Line,77.0,4866.6,5296.7,3789.1,361
2025-02-16 20:00:00,weekend,place-dwnxg,Downtown Crossing,"Orange Line, Red Line",219.0,10888.3,12269.6,7428.3,361
2025-02-16 20:00:00,weekend,place-esomr,East Somerville,Green Line,4.17,70.5,75.8,56.8,350
2025-02-16 20:00:00,weekend,place-fldcr,Fields Corner,Red Line,16.0,2377.4,2697.5,1575.7,361
2025-02-16 20:00:00,weekend,place-forhl,Forest Hills,Orange Line,75.0,6328.0,7469.5,3468.6,361
2025-02-16 20:00:00,weekend,place-gover,Government Center,"Blue Line, Green Line",78.0,4821.1,5170.1,3947.0,361
2025-02-16 20:00:00,weekend,place-grnst,Green Street,Orange Line,7.0,1799.9,2077.1,1101.4,359
2025-02-16 20:00:00,weekend,place-harsq,Harvard,Red Line,427.0,10860.0,11361.2,9604.7,361
2025-02-16 20:00:00,weekend,place-haecl,Haymarket,"Green Line, Orange Line",151.0,6453.5,6748.3,5715.2,361
2025-02-16 20:00:00,weekend,place-hymnl,Hynes Convention Center,Green Line,212.0,5288.6,5220.1,5460.7,355
2025-02-16 20:00:00,weekend,place-jfk,JFK/UMass,Red Line,25.0,4084.5,4808.4,2173.9,353
2025-02-16 20:00:00,weekend,place-jaksn,Jackson Square,Orange Line,32.0,2846.1,3326.1,1631.9,360
2025-02-16 20:00:00,weekend,place-knncl,Kendall/MIT,Red Line,143.0,8412.3,9925.9,4498.5,355
2025-02-16 20:00:00,weekend,place-kencl,Kenmore,Green Line,174.0,4439.8,4535.1,4203.1,352
2025-02-16 20:00:00,weekend,place-lech,Lechmere,Green Line,4.17,245.6,265.3,196.0,359
2025-02-16 20:00:00,weekend,place-mgngl,Magoun Square,Green Line,4.17,128.3,138.1,103.5,349
2025-02-16 20:00:00,weekend,place-mlmnl,Malden Center,Orange Line,1.0,5719.4,6595.3,3525.2,361
2025-02-16 20:00:00,weekend,place-masta,Massachusetts Avenue,Orange Line,44.0,3184.2,3658.5,1996.0,361
2025-02-16 20:00:00,weekend,place-matt,Mattapan Line,Mattapan Line,35.72,2785.5,3271.4,1568.2,361
2025-02-16 20:00:00,weekend,place-mvbcl,Maverick,Blue Line,83.0,7320.1,8106.1,5351.5,361
2025-02-16 20:00:00,weekend,place-nqncy,North Quincy,Red Line,16.0,2886.8,3386.6,1634.9,361
2025-02-16 20:00:00,weekend,place-north,North Station,"Green Line, Orange Line",249.0,11662.5,13084.0,8031.2,359
2025-02-16 20:00:00,weekend,place-orhte,Orient Heights,Blue Line,28.0,3047.0,3426.0,2079.0,359
2025-02-16 20:00:00,weekend,place-pktrm,Park Street,"Green Line, Red Line",185.0,8842.8,9190.0,7973.2,361
2025-02-16 20:00:00,weekend,place-portr,Porter,Red Line,118.0,4190.9,4505.7,3402.5,361
2025-02-16 20:00:00,weekend,place-prmnl,Prudential,Green Line,95.0,2182.0,2137.6,2292.7,353
2025-02-16 20:00:00,weekend,place-qamnl,Quincy Adams,Red Line,7.0,1560.4,1835.5,867.2,359
2025-02-16 20:00:00,weekend,place-qnctr,Quincy Center,Red Line,41.0,3374.7,3868.8,2094.1,352
2025-02-16 20:00:00,weekend,place-rbmnl,Revere Beach,Blue Line,13.0,2267.8,2518.2,1633.2,357
2025-02-16 20:00:00,weekend,place-river,Riverside,Green Line,11.0,899.9,901.1,896.9,360
2025-02-16 20:00:00,weekend,place-rcmnl,Roxbury Crossing,Orange Line,42.0,2916.6,3388.0,1712.4,359
2025-02-16 20:00:00,weekend,place-rugg,Ruggles,Orange Line,82.0,5463.2,6671.9,2435.5,361
2025-02-16 20:00:00,weekend,place-shmnl,Savin Hill,Red Line,10.0,1248.0,1417.1,824.3,361
2025-02-16 20:00:00,weekend,place-spmnl,Science Park,Green Line,159.0,733.3,762.6,660.0,361
2025-02-16 20:00:00,weekend,place-smmnl,Shawmut,Red Line,11.0,1085.6,1267.3,630.5,361
2025-02-16 20:00:00,weekend,place-sstat,South Station,"Red Line, Silver Line",173.0,11868.8,13721.2,7126.5,356
2025-02-16 20:00:00,weekend,place-state,State Street,"Blue Line, Orange Line",95.0,7246.9,8717.0,3578.8,360
2025-02-16 20:00:00,weekend,place-sbmnl,Stony Brook,Orange Line,15.0,1897.8,2150.5,1257.4,357
2025-02-16 20:00:00,weekend,place-sull,Sullivan Square,Orange Line,1.0,3949.4,4501.9,2538.3,359
2025-02-16 20:00:00,weekend,place-symcl,Symphony,Green Line,22.0,946.3,920.8,1010.2,327
2025-02-16 20:00:00,weekend,place-tumnl,Tufts Medical Center,Orange Line,47.0,3777.8,4535.5,1880.0,361
2025-02-16 20:00:00,weekend,place-unsqu,Union Square,Green Line,8.34,135.3,144.6,111.3,347
2025-02-16 20:00:00,weekend,place-wlsta,Wollaston,Red Line,7.0,1734.5,2020.8,1017.4,361
2025-02-16 20:00:00,weekend,place-wondl,Wonderland,Blue Line,39.0,3759.9,4264.2,2469.0,356
2025-02-16 20:00:00,weekend,place-wimnl,Wood Island,Blue Line,12.0,1318.7,1467.7,932.0,356
2025-02-16 20:00:00,weekend,place-wtcst,World Trade Center,Silver Line,21.0,1200.2,1316.5,909.0,361
2025-02-16 21:00:00,weekend,place-aport,Airport,Blue Line,167.0,6078.3,6569.2,4836.4,360
2025-02-16 21:00:00,weekend,place-alfcl,Alewife,Red Line,32.0,5780.6,6616.4,3687.0,361
2025-02-16 21:00:00,weekend,place-andrw,Andrew,Red Line,30.0,3255.3,3702.9,2134.3,361
2025-02-16 21:00:00,weekend,place-aqucl,Aquarium,Blue Line,98.0,3333.0,3432.4,3084.2,361
2025-02-16 21:00:00,weekend,place-armnl,Arlington,Green Line,111.0,3907.7,3974.4,3739.3,349
2025-02-16 21:00:00,weekend,place-asmnl,Ashmont,Red Line,48.0,3756.3,4380.3,2193.5,361
2025-02-16 21:00:00,weekend,place-bbsta,Back Bay,Orange Line,193.0,10028.9,11471.0,6270.6,357
2025-02-16 21:00:00,weekend,place-balsq,Ball Square,Green Line,8.33,139.3,150.9,109.9,350
2025-02-16 21:00:00,weekend,place-bmmnl,Beachmont,Blue Line,16.0,2348.0,2653.2,1560.5,358
2025-02-16 21:00:00,weekend,place-bomnl,Bowdoin,Blue Line,17.0,1406.3,1701.8,666.0,361
2025-02-16 21:00:00,weekend,place-boyls,Boylston,Green Line,331.0,3859.1,3732.2,4181.6,347
2025-02-16 21:00:00,weekend,place-brntn,Braintree,Red Line,23.0,2316.0,2671.8,1416.0,360
2025-02-16 21:00:00,weekend,place-brdwy,Broadway,Red Line,89.0,3513.1,3928.7,2393.2,351
2025-02-16 21:00:00,weekend,place-cntsq,Central,Red Line,202.0,8250.8,8876.6,6683.3,361
2025-02-16 21:00:00,weekend,place-chmnl,Charles/MGH,Red Line,67.0,5543.2,6654.1,2760.4,361
2025-02-16 21:00:00,weekend,place-chncl,Chinatown,Orange Line,203.0,3955.4,4305.4,3078.5,361
2025-02-16 21:00:00,weekend,place-ccmnl,Community College,Orange Line,1.0,2457.6,3023.7,1039.7,361
2025-02-16 21:00:00,weekend,place-coecl,Copley,Green Line,260.0,7980.6,7980.3,7981.3,350
2025-02-16 21:00:00,weekend,place-crtst,Courthouse,Silver Line,50.0,2253.6,2567.2,1468.3,361
2025-02-16 21:00:00,weekend,place-davis,Davis,Red Line,86.0,4866.6,5296.7,3789.1,361
2025-02-16 21:00:00,weekend,place-dwnxg,Downtown Crossing,"Orange Line, Red Line",261.0,10888.3,12269.6,7428.3,361
2025-02-16 21:00:00,weekend,place-esomr,East Somerville,Green Line,4.17,70.5,75.8,56.8,350
2025-02-16 21:00:00,weekend,place-fldcr,Fields Corner,Red Line,21.0,2377.4,2697.5,1575.7,361
2025-02-16 21:00:00,weekend,place-forhl,Forest Hills,Orange Line,74.0,6328.0,7469.5,3468.6,361
2025-02-16 21:00:00,weekend,place-gilmn,Gilman Square,Green Line,4.17,264.1,286.5,207.2,351
2025-02-16 21:00:00,weekend,place-gover,Government Center,"Blue Line, Green Line",114.0,4821.1,5170.1,3947.0,361
2025-02-16 21:00:00,weekend,place-grnst,Green Street,Orange Line,15.0,1799.9,2077.1,1101.4,359
2025-02-16 21:00:00,weekend,place-harsq,Harvard,Red Line,513.0,10860.0,11361.2,9604.7,361
2025-02-16 21:00:00,weekend,place-haecl,Haymarket,"Green Line, Orange Line",191.0,6453.5,6748.3,5715.2,361
2025-02-16 21:00:00,weekend,place-hymnl,Hynes Convention Center,Green Line,175.0,5288.6,5220.1,5460.7,355
2025-02-16 21:00:00,weekend,place-jfk,JFK/UMass,Red Line,28.0,4084.5,4808.4,2173.9,353
2025-02-16 21:00:00,weekend,place-jaksn,Jackson Square,Orange Line,30.0,2846.1,3326.1,1631.9,360
2025-02-16 21:00:00,weekend,place-knncl,Kendall/MIT,Red Line,115.0,8412.3,9925.9,4498.5,355
2025-02-16 21:00:00,weekend,place-kencl,Kenmore,Green Line,124.0,4439.8,4535.1,4203.1,352
2025-02-16 21:00:00,weekend,place-mlmnl,Malden Center,Orange Line,1.0,5719.4,6595.3,3525.2,361
2025-02-16 21:00:00,weekend,place-masta,Massachusetts Avenue,Orange Line,65.0,3184.2,3658.5,1996.0,361
2025-02-16 21:00:00,weekend,place-matt,Mattapan Line,Mattapan Line,31.11,2785.5,3271.4,1568.2,361
2025-02-16 21:00:00,weekend,place-mvbcl,Maverick,Blue Line,88.0,7320.1,8106.1,5351.5,361
2025-02-16 21:00:00,weekend,place-mdftf,Medford/Tufts,Green Line,4.17,181.5,203.0,127.3,349
2025-02-16 21:00:00,weekend,place-nqncy,North Quincy,Red Line,34.0,2886.8,3386.6,1634.9,361
2025-02-16 21:00:00,weekend,place-north,North Station,"Green Line, Orange Line",229.0,11662.5,13084.0,8031.2,359
2025-02-16 21:00:00,weekend,place-orhte,Orient Heights,Blue Line,43.0,3047.0,3426.0,2079.0,359
2025-02-16 21:00:00,weekend,place-pktrm,Park Street,"Green Line, Red Line",282.0,8842.8,9190.0,7973.2,361
2025-02-16 21:00:00,weekend,place-portr,Porter,Red Line,99.0,4190.9,4505.7,3402.5,361
2025-02-16 21:00:00,weekend,place-prmnl,Prudential,Green Line,92.0,2182.0,2137.6,2292.7,353
2025-02-16 21:00:00,weekend,place-qamnl,Quincy Adams,Red Line,14.0,1560.4,1835.5,867.2,359
2025-02-16 21:00:00,weekend,place-qnctr,Quincy Center,Red Line,62.0,3374.7,3868.8,2094.1,352
2025-02-16 21:00:00,weekend,place-rbmnl,Revere Beach,Blue Line,25.0,2267.8,2518.2,1633.2,357
2025-02-16 21:00:00,weekend,place-river,Riverside,Green Line,8.0,899.9,901.1,896.9,360
2025-02-16 21:00:00,weekend,place-rcmnl,Roxbury Crossing,Orange Line,33.0,2916.6,3388.0,1712.4,359
2025-02-16 21:00:00,weekend,place-rugg,Ruggles,Orange Line,67.0,5463.2,6671.9,2435.5,361
2025-02-16 21:00:00,weekend,place-shmnl,Savin Hill,Red Line,11.0,1248.0,1417.1,824.3,361
2025-02-16 21:00:00,weekend,place-spmnl,Science Park,Green Line,185.0,733.3,762.6,660.0,361
2025-02-16 21:00:00,weekend,place-smmnl,Shawmut,Red Line,11.0,1085.6,1267.3,630.5,361
2025-02-16 21:00:00,weekend,place-sstat,South Station,"Red Line, Silver Line",180.0,11868.8,13721.2,7126.5,356
2025-02-16 21:00:00,weekend,place-state,State Street,"Blue Line, Orange Line",100.0,7246.9,8717.0,3578.8,360
2025-02-16 21:00:00,weekend,place-sbmnl,Stony Brook,Orange Line,20.0,1897.8,2150.5,1257.4,357
2025-02-16 21:00:00,weekend,place-sdmnl,Suffolk Downs,Blue Line,4.0,501.1,568.7,323.9,355
2025-02-16 21:00:00,weekend,place-sull,Sullivan Square,Orange Line,1.0,3949.4,4501.9,2538.3,359
2025-02-16 21:00:00,weekend,place-symcl,Symphony,Green Line,15.0,946.3,920.8,1010.2,327
2025-02-16 21:00:00,weekend,place-tumnl,Tufts Medical Center,Orange Line,101.0,3777.8,4535.5,1880.0,361
2025-02-16 21:00:00,weekend,place-wlsta,Wollaston,Red Line,19.0,1734.5,2020.8,1017.4,361
2025-02-16 21:00:00,weekend,place-wondl,Wonderland,Blue Line,64.0,3759.9,4264.2,2469.0,356
2025-02-16 21:00:00,weekend,place-wimnl,Wood Island,Blue Line,14.0,1318.7,1467.7,932.0,356
2025-02-16 21:00:00,weekend,place-wtcst,World Trade Center,Silver Line,30.0,1200.2,1316.5,909.0,361
2025-02-16 22:00:00,weekend,place-aport,Airport,Blue Line,177.0,6078.3,6569.2,4836.4,360
2025-02-16 22:00:00,weekend,place-alfcl,Alewife,Red Line,21.0,5780.6,6616.4,3687.0,361
2025-02-16 22:00:00,weekend,place-andrw,Andrew,Red Line,44.0,3255.3,3702.9,2134.3,361
2025-02-16 22:00:00,weekend,place-aqucl,Aquarium,Blue Line,143.0,3333.0,3432.4,3084.2,361
2025-02-16 22:00:00,weekend,place-armnl,Arlington,Green Line,99.0,3907.7,3974.4,3739.3,349
2025-02-16 22:00:00,weekend,place-asmnl,Ashmont,Red Line,42.0,3756.3,4380.3,2193.5,361
2025-02-16 22:00:00,weekend,place-bbsta,Back Bay,Orange Line,215.0,10028.9,11471.0,6270.6,357
2025-02-16 22:00:00,weekend,place-bmmnl,Beachmont,Blue Line,19.0,2348.0,2653.2,1560.5,358
2025-02-16 22:00:00,weekend,place-bomnl,Bowdoin,Blue Line,30.0,1406.3,1701.8,666.0,361
2025-02-16 22:00:00,weekend,place-boyls,Boylston,Green Line,166.0,3859.1,3732.2,4181.6,347
2025-02-16 22:00:00,weekend,place-brntn,Braintree,Red Line,14.0,2316.0,2671.8,1416.0,360
2025-02-16 22:00:00,weekend,place-brdwy,Broadway,Red Line,61.0,3513.1,3928.7,2393.2,351
2025-02-16 22:00:00,weekend,place-cntsq,Central,Red Line,130.0,8250.8,8876.6,6683.3,361
2025-02-16 22:00:00,weekend,place-chmnl,Charles/MGH,Red Line,50.0,5543.2,6654.1,2760.4,361
2025-02-16 22:00:00,weekend,place-chncl,Chinatown,Orange Line,118.0,3955.4,4305.4,3078.5,361
2025-02-16 22:00:00,weekend,place-ccmnl,Community College,Orange Line,1.0,2457.6,3023.7,1039.7,361
2025-02-16 22:00:00,weekend,place-coecl,Copley,Green Line,252.0,7980.6,7980.3,7981.3,350
2025-02-16 22:00:00,weekend,place-crtst,Courthouse,Silver Line,80.0,2253.6,2567.2,1468.3,361
2025-02-16 22:00:00,weekend,place-davis,Davis,Red Line,66.0,4866.6,5296.7,3789.1,361
2025-02-16 22:00:00,weekend,place-dwnxg,Downtown Crossing,"Orange Line, Red Line",122.0,10888.3,12269.6,7428.3,361
2025-02-16 22:00:00,weekend,place-fldcr,Fields Corner,Red Line,16.0,2377.4,2697.5,1575.7,361
2025-02-16 22:00:00,weekend,place-forhl,Forest Hills,Orange Line,62.0,6328.0,7469.5,3468.6,361
2025-02-16 22:00:00,weekend,place-gover,Government Center,"Blue Line, Green Line",81.0,4821.1,5170.1,3947.0,361
2025-02-16 22:00:00,weekend,place-grnst,Green Street,Orange Line,9.0,1799.9,2077.1,1101.4,359
2025-02-16 22:00:00,weekend,place-harsq,Harvard,Red Line,411.0,10860.0,11361.2,9604.7,361
2025-02-16 22:00:00,weekend,place-haecl,Haymarket,"Green Line, Orange Line",120.0,6453.5,6748.3,5715.2,361
2025-02-16 22:00:00,weekend,place-hymnl,Hynes Convention Center,Green Line,158.0,5288.6,5220.1,5460.7,355
2025-02-16 22:00:00,weekend,place-jfk,JFK/UMass,Red Line,27.0,4084.5,4808.4,2173.9,353
2025-02-16 22:00:00,weekend,place-jaksn,Jackson Square,Orange Line,26.0,2846.1,3326.1,1631.9,360
2025-02-16 22:00:00,weekend,place-knncl,Kendall/MIT,Red Line,96.0,8412.3,9925.9,4498.5,355
2025-02-16 22:00:00,weekend,place-kencl,Kenmore,Green Line,291.0,4439.8,4535.1,4203.1,352
2025-02-16 22:00:00,weekend,place-masta,Massachusetts Avenue,Orange Line,54.0,3184.2,3658.5,1996.0,361
2025-02-16 22:00:00,weekend,place-matt,Mattapan Line,Mattapan Line,27.65,2785.5,3271.4,1568.2,361
2025-02-16 22:00:00,weekend,place-mvbcl,Maverick,Blue Line,73.0,7320.1,8106.1,5351.5,361
2025-02-16 22:00:00,weekend,place-nqncy,North Quincy,Red Line,13.0,2886.8,3386.6,1634.9,361
2025-02-16 22:00:00,weekend,place-north,North Station,"Green Line, Orange Line",215.0,11662.5,13084.0,8031.2,359
2025-02-16 22:00:00,weekend,place-orhte,Orient Heights,Blue Line,29.0,3047.0,3426.0,2079.0,359
2025-02-16 22:00:00,weekend,place-pktrm,Park Street,"Green Line, Red Line",180.0,8842.8,9190.0,7973.2,361
2025-02-16 22:00:00,weekend,place-portr,Porter,Red Line,84.0,4190.9,4505.7,3402.5,361
2025-02-16 22:00:00,weekend,place-prmnl,Prudential,Green Line,72.0,2182.0,2137.6,2292.7,353
2025-02-16 22:00:00,weekend,place-qamnl,Quincy Adams,Red Line,4.0,1560.4,1835.5,867.2,359
2025-02-16 22:00:00,weekend,place-qnctr,Quincy Center,Red Line,41.0,3374.7,3868.8,2094.1,352
2025-02-16 22:00:00,weekend,place-rbmnl,Revere Beach,Blue Line,17.0,2267.8,2518.2,1633.2,357
2025-02-16 22:00:00,weekend,place-river,Riverside,Green Line,5.0,899.9,901.1,896.9,360
2025-02-16 22:00:00,weekend,place-rcmnl,Roxbury Crossing,Orange Line,36.0,2916.6,3388.0,1712.4,359
2025-02-16 22:00:00,weekend,place-rugg,Ruggles,Orange Line,68.0,5463.2,6671.9,2435.5,361
2025-02-16 22:00:00,weekend,place-shmnl,Savin Hill,Red Line,5.0,1248.0,1417.1,824.3,361
2025-02-16 22:00:00,weekend,place-spmnl,Science Park,Green Line,5.0,733.3,762.6,660.0,361
2025-02-16 22:00:00,weekend,place-smmnl,Shawmut,Red Line,12.0,1085.6,1267.3,630.5,361
2025-02-16 22:00:00,weekend,place-sstat,South Station,"Red Line, Silver Line",212.0,11868.8,13721.2,7126.5,356
2025-02-16 22:00:00,weekend,place-state,State Street,"Blue Line, Orange Line",98.0,7246.9,8717.0,3578.8,360
2025-02-16 22:00:00,weekend,place-sbmnl,Stony Brook,Orange Line,19.0,1897.8,2150.5,1257.4,357
2025-02-16 22:00:00,weekend,place-sdmnl,Suffolk Downs,Blue Line,4.0,501.1,568.7,323.9,355
2025-02-16 22:00:00,weekend,place-symcl,Symphony,Green Line,19.0,946.3,920.8,1010.2,327
2025-02-16 22:00:00,weekend,place-tumnl,Tufts Medical Center,Orange Line,45.0,3777.8,4535.5,1880.0,361
2025-02-16 22:00:00,weekend,place-unsqu,Union Square,Green Line,4.17,135.3,144.6,111.3,347
2025-02-16 22:00:00,weekend,place-wlsta,Wollaston,Red Line,13.0,1734.5,2020.8,1017.4,361
2025-02-16 22:00:00,weekend,place-wondl,Wonderland,Blue Line,38.0,3759.9,4264.2,2469.0,356
2025-02-16 22:00:00,weekend,place-wimnl,Wood Island,Blue Line,18.0,1318.7,1467.7,932.0,356
2025-02-16 22:00:00,weekend,place-wtcst,World Trade Center,Silver Line,32.0,1200.2,1316.5,909.0,361
2025-02-16 23:00:00,weekend,place-aport,Airport,Blue Line,123.0,6078.3,6569.2,4836.4,360
2025-02-16 23:00:00,weekend,place-alfcl,Alewife,Red Line,28.0,5780.6,6616.4,3687.0,361
2025-02-16 23:00:00,weekend,place-andrw,Andrew,Red Line,18.0,3255.3,3702.9,2134.3,361
2025-02-16 23:00:00,weekend,place-aqucl,Aquarium,Blue Line,107.0,3333.0,3432.4,3084.2,361
2025-02-16 23:00:00,weekend,place-armnl,Arlington,Green Line,63.0,3907.7,3974.4,3739.3,349
2025-02-16 23:00:00,weekend,place-asmnl,Ashmont,Red Line,21.0,3756.3,4380.3,2193.5,361
2025-02-16 23:00:00,weekend,place-bbsta,Back Bay,Orange Line,170.0,10028.9,11471.0,6270.6,357
2025-02-16 23:00:00,weekend,place-bmmnl,Beachmont,Blue Line,12.0,2348.0,2653.2,1560.5,358
2025-02-16 23:00:00,weekend,place-bomnl,Bowdoin,Blue Line,28.0,1406.3,1701.8,666.0,361
2025-02-16 23:00:00,weekend,place-boyls,Boylston,Green Line,87.0,3859.1,3732.2,4181.6,347
2025-02-16 23:00:00,weekend,place-brntn,Braintree,Red Line,8.0,2316.0,2671.8,1416.0,360
2025-02-16 23:00:00,weekend,place-brdwy,Broadway,Red Line,47.0,3513.1,3928.7,2393.2,351
2025-02-16 23:00:00,weekend,place-cntsq,Central,Red Line,122.0,8250.8,8876.6,6683.3,361
2025-02-16 23:00:00,weekend,place-chmnl,Charles/MGH,Red Line,81.0,5543.2,6654.1,2760.4,361
2025-02-16 23:00:00,weekend,place-chncl,Chinatown,Orange Line,74.0,3955.4,4305.4,3078.5,361
2025-02-16 23:00:00,weekend,place-ccmnl,Community College,Orange Line,3.0,2457.6,3023.7,1039.7,361
2025-02-16 23:00:00,weekend,place-coecl,Copley,Green Line,168.0,7980.6,7980.3,7981.3,350
2025-02-16 23:00:00,weekend,place-crtst,Courthouse,Silver Line,30.0,2253.6,2567.2,1468.3,361
2025-02-16 23:00:00,weekend,place-davis,Davis,Red Line,41.0,4866.6,5296.7,3789.1,361
2025-02-16 23:00:00,weekend,place-dwnxg,Downtown Crossing,"Orange Line, Red Line",105.0,10888.3,12269.6,7428.3,361
2025-02-16 23:00:00,weekend,place-fldcr,Fields Corner,Red Line,3.0,2377.4,2697.5,1575.7,361
2025-02-16 23:00:00,weekend,place-forhl,Forest Hills,Orange Line,46.0,6328.0,7469.5,3468.6,361
2025-02-16 23:00:00,weekend,place-gover,Government Center,"Blue Line, Green Line",67.0,4821.1,5170.1,3947.0,361
2025-02-16 23:00:00,weekend,place-grnst,Green Street,Orange Line,12.0,1799.9,2077.1,1101.4,359
2025-02-16 23:00:00,weekend,place-harsq,Harvard,Red Line,135.0,10860.0,11361.2,9604.7,361
2025-02-16 23:00:00,weekend,place-haecl,Haymarket,"Green Line, Orange Line",80.0,6453.5,6748.3,5715.2,361
2025-02-16 23:00:00,weekend,place-hymnl,Hynes Convention Center,Green Line,69.0,5288.6,5220.1,5460.7,355
2025-02-16 23:00:00,weekend,place-jfk,JFK/UMass,Red Line,18.0,4084.5,4808.4,2173.9,353
2025-02-16 23:00:00,weekend,place-jaksn,Jackson Square,Orange Line,12.0,2846.1,3326.1,1631.9,360
2025-02-16 23:00:00,weekend,place-knncl,Kendall/MIT,Red Line,59.0,8412.3,9925.9,4498.5,355
2025-02-16 23:00:00,weekend,place-kencl,Kenmore,Green Line,95.0,4439.8,4535.1,4203.1,352
2025-02-16 23:00:00,weekend,place-lech,Lechmere,Green Line,4.17,245.6,265.3,196.0,359
2025-02-16 23:00:00,weekend,place-mlmnl,Malden Center,Orange Line,1.0,5719.4,6595.3,3525.2,361
2025-02-16 23:00:00,weekend,place-masta,Massachusetts Avenue,Orange Line,40.0,3184.2,3658.5,1996.0,361
2025-02-16 23:00:00,weekend,place-matt,Mattapan Line,Mattapan Line,16.13,2785.5,3271.4,1568.2,361
2025-02-16 23:00:00,weekend,place-mvbcl,Maverick,Blue Line,64.0,7320.1,8106.1,5351.5,361
2025-02-16 23:00:00,weekend,place-mdftf,Medford/Tufts,Green Line,4.17,181.5,203.0,127.3,349
2025-02-16 23:00:00,weekend,place-nqncy,North Quincy,Red Line,11.0,2886.8,3386.6,1634.9,361
2025-02-16 23:00:00,weekend,place-north,North Station,"Green Line, Orange Line",162.0,11662.5,13084.0,8031.2,359
2025-02-16 23:00:00,weekend,place-orhte,Orient Heights,Blue Line,10.0,3047.0,3426.0,2079.0,359
2025-02-16 23:00:00,weekend,place-pktrm,Park Street,"Green Line, Red Line",136.0,8842.8,9190.0,7973.2,361
2025-02-16 23:00:00,weekend,place-portr,Porter,Red Line,50.0,4190.9,4505.7,3402.5,361
2025-02-16 23:00:00,weekend,place-prmnl,Prudential,Green Line,51.0,2182.0,2137.6,2292.7,353
2025-02-16 23:00:00,weekend,place-qamnl,Quincy Adams,Red Line,3.0,1560.4,1835.5,867.2,359
2025-02-16 23:00:00,weekend,place-qnctr,Quincy Center,Red Line,22.0,3374.7,3868.8,2094.1,352
2025-02-16 23:00:00,weekend,place-rbmnl,Revere Beach,Blue Line,10.0,2267.8,2518.2,1633.2,357
2025-02-16 23:00:00,weekend,place-river,Riverside,Green Line,2.0,899.9,901.1,896.9,360
2025-02-16 23:00:00,weekend,place-rcmnl,Roxbury Crossing,Orange Line,24.0,2916.6,3388.0,1712.4,359
2025-02-16 23:00:00,weekend,place-rugg,Ruggles,Orange Line,48.0,5463.2,6671.9,2435.5,361
2025-02-16 23:00:00,weekend,place-shmnl,Savin Hill,Red Line,5.0,1248.0,1417.1,824.3,361
2025-02-16 23:00:00,weekend,place-spmnl,Science Park,Green Line,3.0,733.3,762.6,660.0,361
2025-02-16 23:00:00,weekend,place-smmnl,Shawmut,Red Line,8.0,1085.6,1267.3,630.5,361
2025-02-16 23:00:00,weekend,place-sstat,South Station,"Red Line, Silver Line",138.0,11868.8,13721.2,7126.5,356
2025-02-16 23:00:00,weekend,place-state,State Street,"Blue Line, Orange Line",97.0,7246.9,8717.0,3578.8,360
2025-02-16 23:00:00,weekend,place-sbmnl,Stony Brook,Orange Line,19.0,1897.8,2150.5,1257.4,357
2025-02-16 23:00:00,weekend,place-sdmnl,Suffolk Downs,Blue Line,2.0,501.1,568.7,323.9,355
2025-02-16 23:00:00,weekend,place-symcl,Symphony,Green Line,10.0,946.3,920.8,1010.2,327
2025-02-16 23:00:00,weekend,place-tumnl,Tufts Medical Center,Orange Line,49.0,3777.8,4535.5,1880.0,361
2025-02-16 23:00:00,weekend,place-unsqu,Union Square,Green Line,4.17,135.3,144.6,111.3,347
2025-02-16 23:00:00,weekend,place-wlsta,Wollaston,Red Line,3.0,1734.5,2020.8,1017.4,361
2025-02-16 23:00:00,weekend,place-wondl,Wonderland,Blue Line,29.0,3759.9,4264.2,2469.0,356
2025-02-16 23:00:00,weekend,place-wimnl,Wood Island,Blue Line,17.0,1318.7,1467.7,932.0,356
2025-02-16 23:00:00,weekend,place-wtcst,World Trade Center,Silver Line,44.0,1200.2,1316.5,909.0,361
2025-03-17 00:00:00,weekday,place-aport,Airport,Blue Line,31.0,6078.3,6569.2,4836.4,360
2025-03-17 00:00:00,weekday,place-alfcl,Alewife,Red Line,2.0,5780.6,6616.4,3687.0,361
2025-03-17 00:00:00,weekday,place-andrw,Andrew,Red Line,9.0,3255.3,3702.9,2134.3,361
2025-03-17 00:00:00,weekday,place-aqucl,Aquarium,Blue Line,26.0,3333.0,3432.4,3084.2,361
2025-03-17 00:00:00,weekday,place-armnl,Arlington,Green Line,17.0,3907.7,3974.4,3739.3,349
2025-03-17 00:00:00,weekday,place-asmnl,Ashmont,Red Line,3.0,3756.3,4380.3,2193.5,361
2025-03-17 00:00:00,weekday,place-astao,Assembly,Orange Line,7.0,2967.9,3119.5,2588.3,361
2025-03-17 00:00:00,weekday,place-bbsta,Back Bay,Orange Line,38.0,10028.9,11471.0,6270.6,357
2025-03-17 00:00:00,weekday,place-bmmnl,Beachmont,Blue Line,3.0,2348.0,2653.2,1560.5,358
2025-03-17 00:00:00,weekday,place-bomnl,Bowdoin,Blue Line,4.0,1406.3,1701.8,666.0,361
2025-03-17 00:00:00,weekday,place-boyls,Boylston,Green Line,17.0,3859.1,3732.2,4181.6,347
2025-03-17 00:00:00,weekday,place-brntn,Braintree,Red Line,3.0,2316.0,2671.8,1416.0,360
2025-03-17 00:00:00,weekday,place-brdwy,Broadway,Red Line,4.0,3513.1,3928.7,2393.2,351
2025-03-17 00:00:00,weekday,place-cntsq,Central,Red Line,25.0,8250.8,8876.6,6683.3,361
2025-03-17 00:00:00,weekday,place-chmnl,Charles/MGH,Red Line,1.0,5543.2,6654.1,2760.4,361
2025-03-17 00:00:00,weekday,place-chncl,Chinatown,Orange Line,16.0,3955.4,4305.4,3078.5,361
2025-03-17 00:00:00,weekday,place-ccmnl,Community College,Orange Line,4.0,2457.6,3023.7,1039.7,361
2025-03-17 00:00:00,weekday,place-coecl,Copley,Green Line,36.0,7980.6,7980.3,7981.3,350
2025-03-17 00:00:00,weekday,place-crtst,Courthouse,Silver Line,5.0,2253.6,2567.2,1468.3,361
2025-03-17 00:00:00,weekday,place-davis,Davis,Red Line,2.0,4866.6,5296.7,3789.1,361
2025-03-17 00:00:00,weekday,place-dwnxg,Downtown Crossing,"Orange Line, Red Line",45.0,10888.3,12269.6,7428.3,361
2025-03-17 00:00:00,weekday,place-fldcr,Fields Corner,Red Line,2.0,2377.4,2697.5,1575.7,361
2025-03-17 00:00:00,weekday,place-forhl,Forest Hills,Orange Line,13.0,6328.0,7469.5,3468.6,361
2025-03-17 00:00:00,weekday,place-gover,Government Center,"Blue Line, Green Line",57.0,4821.1,5170.1,3947.0,361
2025-03-17 00:00:00,weekday,place-grnst,Green Street,Orange Line,3.0,1799.9,2077.1,1101.4,359
2025-03-17 00:00:00,weekday,place-harsq,Harvard,Red Line,21.0,10860.0,11361.2,9604.7,361
2025-03-17 00:00:00,weekday,place-haecl,Haymarket,"Green Line, Orange Line",37.0,6453.5,6748.3,5715.2,361
2025-03-17 00:00:00,weekday,place-hymnl,Hynes Convention Center,Green Line,18.0,5288.6,5220.1,5460.7,355
2025-03-17 00:00:00,weekday,place-jfk,JFK/UMass,Red Line,2.0,4084.5,4808.4,2173.9,353
2025-03-17 00:00:00,weekday,place-jaksn,Jackson Square,Orange Line,3.0,2846.1,3326.1,1631.9,360
2025-03-17 00:00:00,weekday,place-knncl,Kendall/MIT,Red Line,23.0,8412.3,9925.9,4498.5,355
2025-03-17 00:00:00,weekday,place-kencl,Kenmore,Green Line,43.0,4439.8,4535.1,4203.1,352
2025-03-17 00:00:00,weekday,place-mlmnl,Malden Center,Orange Line,1.0,5719.4,6595.3,3525.2,361
2025-03-17 00:00:00,weekday,place-masta,Massachusetts Avenue,Orange Line,17.0,3184.2,3658.5,1996.0,361
2025-03-17 00:00:00,weekday,place-mvbcl,Maverick,Blue Line,24.0,7320.1,8106.1,5351.5,361
2025-03-17 00:00:00,weekday,place-nqncy,North Quincy,Red Line,4.0,2886.8,3386.6,1634.9,361
2025-03-17 00:00:00,weekday,place-north,North Station,"Green Line, Orange Line",37.0,11662.5,13084.0,8031.2,359
2025-03-17 00:00:00,weekday,place-ogmnl,Oak Grove,Orange Line,3.0,3496.9,4070.8,2045.5,360
2025-03-17 00:00:00,weekday,place-orhte,Orient Heights,Blue Line,6.0,3047.0,3426.0,2079.0,359
2025-03-17 00:00:00,weekday,place-pktrm,Park Street,"Green Line, Red Line",16.0,8842.8,9190.0,7973.2,361
2025-03-17 00:00:00,weekday,place-portr,Porter,Red Line,6.0,4190.9,4505.7,3402.5,361
2025-03-17 00:00:00,weekday,place-prmnl,Prudential,Green Line,10.0,2182.0,2137.6,2292.7,353
2025-03-17 00:00:00,weekday,place-qamnl,Quincy Adams,Red Line,3.0,1560.4,1835.5,867.2,359
2025-03-17 00:00:00,weekday,place-qnctr,Quincy Center,Red Line,6.0,3374.7,3868.8,2094.1,352
2025-03-17 00:00:00,weekday,place-rbmnl,Revere Beach,Blue Line,2.0,2267.8,2518.2,1633.2,357
2025-03-17 00:00:00,weekday,place-river,Riverside,Green Line,2.0,899.9,901.1,896.9,360
2025-03-17 00:00:00,weekday,place-rcmnl,Roxbury Crossing,Orange Line,10.0,2916.6,3388.0,1712.4,359
2025-03-17 00:00:00,weekday,place-rugg,Ruggles,Orange Line,24.0,5463.2,6671.9,2435.5,361
2025-03-17 00:00:00,weekday,place-shmnl,Savin Hill,Red Line,2.0,1248.0,1417.1,824.3,361
2025-03-17 00:00:00,weekday,place-spmnl,Science Park,Green Line,1.0,733.3,762.6,660.0,361
2025-03-17 00:00:00,weekday,place-smmnl,Shawmut,Red Line,2.0,1085.6,1267.3,630.5,361
2025-03-17 00:00:00,weekday,place-sstat,South Station,"Red Line, Silver Line",32.0,11868.8,13721.2,7126.5,356
2025-03-17 00:00:00,weekday,place-state,State Street,"Blue Line, Orange Line",31.0,7246.9,8717.0,3578.8,360
2025-03-17 00:00:00,weekday,place-sbmnl,Stony Brook,Orange Line,2.0,1897.8,2150.5,1257.4,357
2025-03-17 00:00:00,weekday,place-sdmnl,Suffolk Downs,Blue Line,1.0,501.1,568.7,323.9,355
2025-03-17 00:00:00,weekday,place-sull,Sullivan Square,Orange Line,10.0,3949.4,4501.9,2538.3,359
2025-03-17 00:00:00,weekday,place-symcl,Symphony,Green Line,2.0,946.3,920.8,1010.2,327
2025-03-17 00:00:00,weekday,place-tumnl,Tufts Medical Center,Orange Line,15.0,3777.8,4535.5,1880.0,361
2025-03-17 00:00:00,weekday,place-welln,Wellington,Orange Line,5.0,3899.1,4551.5,2215.9,358
2025-03-17 00:00:00,weekday,place-wondl,Wonderland,Blue Line,7.0,3759.9,4264.2,2469.0,356
2025-03-17 00:00:00,weekday,place-wimnl,Wood Island,Blue Line,7.0,1318.7,1467.7,932.0,356
2025-03-17 00:00:00,weekday,place-wtcst,World Trade Center,Silver Line,5.0,1200.2,1316.5,909.0,361
2025-03-17 01:00:00,weekday,place-aport,Airport,Blue Line,2.0,6078.3,6569.2,4836.4,360
2025-03-17 01:00:00,weekday,place-alfcl,Alewife,Red Line,5.0,5780.6,6616.4,3687.0,361
2025-03-17 01:00:00,weekday,place-andrw,Andrew,Red Line,1.0,3255.3,3702.9,2134.3,361
2025-03-17 01:00:00,weekday,place-aqucl,Aquarium,Blue Line,1.0,3333.0,3432.4,3084.2,361
2025-03-17 01:00:00,weekday,place-armnl,Arlington,Green Line,2.0,3907.7,3974.4,3739.3,349
2025-03-17 01:00:00,weekday,place-asmnl,Ashmont,Red Line,1.0,3756.3,4380.3,2193.5,361
2025-03-17 01:00:00,weekday,place-astao,Assembly,Orange Line,1.0,2967.9,3119.5,2588.3,361
2025-03-17 01:00:00,weekday,place-bmmnl,Beachmont,Blue Line,2.0,2348.0,2653.2,1560.5,358
2025-03-17 01:00:00,weekday,place-bomnl,Bowdoin,Blue Line,2.0,1406.3,1701.8,666.0,361
2025-03-17 01:00:00,weekday,place-boyls,Boylston,Green Line,9.0,3859.1,3732.2,4181.6,347
2025-03-17 01:00:00,weekday,place-brntn,Braintree,Red Line,3.0,2316.0,2671.8,1416.0,360
2025-03-17 01:00:00,weekday,place-brdwy,Broadway,Red Line,1.0,3513.1,3928.7,2393.2,351
2025-03-17 01:00:00,weekday,place-cntsq,Central,Red Line,1.0,8250.8,8876.6,6683.3,361
2025-03-17 01:00:00,weekday,place-chmnl,Charles/MGH,Red Line,7.0,5543.2,6654.1,2760.4,361
2025-03-17 01:00:00,weekday,place-ccmnl,Community College,Orange Line,3.0,2457.6,3023.7,1039.7,361
2025-03-17 01:00:00,weekday,place-coecl,Copley,Green Line,1.0,7980.6,7980.3,7981.3,350
2025-03-17 01:00:00,weekday,place-dwnxg,Downtown Crossing,"Orange Line, Red Line",1.0,10888.3,12269.6,7428.3,361
2025-03-17 01:00:00,weekday,place-forhl,Forest Hills,Orange Line,2.0,6328.0,7469.5,3468.6,361
2025-03-17 01:00:00,weekday,place-gover,Government Center,"Blue Line, Green Line",5.0,4821.1,5170.1,3947.0,361
2025-03-17 01:00:00,weekday,place-harsq,Harvard,Red Line,3.0,10860.0,11361.2,9604.7,361
2025-03-17 01:00:00,weekday,place-haecl,Haymarket,"Green Line, Orange Line",4.0,6453.5,6748.3,5715.2,361
2025-03-17 01:00:00,weekday,place-hymnl,Hynes Convention Center,Green Line,1.0,5288.6,5220.1,5460.7,355
2025-03-17 01:00:00,weekday,place-jaksn,Jackson Square,Orange Line,1.0,2846.1,3326.1,1631.9,360
2025-03-17 01:00:00,weekday,place-knncl,Kendall/MIT,Red Line,8.0,8412.3,9925.9,4498.5,355
2025-03-17 01:00:00,weekday,place-mlmnl,Malden Center,Orange Line,1.0,5719.4,6595.3,3525.2,361
2025-03-17 01:00:00,weekday,place-masta,Massachusetts Avenue,Orange Line,3.0,3184.2,3658.5,1996.0,361
2025-03-17 01:00:00,weekday,place-mvbcl,Maverick,Blue Line,4.0,7320.1,8106.1,5351.5,361
2025-03-17 01:00:00,weekday,place-north,North Station,"Green Line, Orange Line",4.0,11662.5,13084.0,8031.2,359
2025-03-17 01:00:00,weekday,place-pktrm,Park Street,"Green Line, Red Line",2.0,8842.8,9190.0,7973.2,361
2025-03-17 01:00:00,weekday,place-portr,Porter,Red Line,1.0,4190.9,4505.7,3402.5,361
2025-03-17 01:00:00,weekday,place-prmnl,Prudential,Green Line,4.0,2182.0,2137.6,2292.7,353
2025-03-17 01:00:00,weekday,place-qnctr,Quincy Center,Red Line,3.0,3374.7,3868.8,2094.1,352
2025-03-17 01:00:00,weekday,place-rbmnl,Revere Beach,Blue Line,1.0,2267.8,2518.2,1633.2,357
2025-03-17 01:00:00,weekday,place-river,Riverside,Green Line,1.0,899.9,901.1,896.9,360
2025-03-17 01:00:00,weekday,place-rugg,Ruggles,Orange Line,3.0,5463.2,6671.9,2435.5,361
2025-03-17 01:00:00,weekday,place-shmnl,Savin Hill,Red Line,2.0,1248.0,1417.1,824.3,361
2025-03-17 01:00:00,weekday,place-spmnl,Science Park,Green Line,1.0,733.3,762.6,660.0,361
2025-03-17 01:00:00,weekday,place-smmnl,Shawmut,Red Line,3.0,1085.6,1267.3,630.5,361
2025-03-17 01:00:00,weekday,place-sstat,South Station,"Red Line, Silver Line",1.0,11868.8,13721.2,7126.5,356
2025-03-17 01:00:00,weekday,place-state,State Street,"Blue Line, Orange Line",6.0,7246.9,8717.0,3578.8,360
2025-03-17 01:00:00,weekday,place-sbmnl,Stony Brook,Orange Line,2.0,1897.8,2150.5,1257.4,357
2025-03-17 01:00:00,weekday,place-sdmnl,Suffolk Downs,Blue Line,1.0,501.1,568.7,323.9,355
2025-03-17 01:00:00,weekday,place-sull,Sullivan Square,Orange Line,1.0,3949.4,4501.9,2538.3,359
2025-03-17 01:00:00,weekday,place-symcl,Symphony,Green Line,2.0,946.3,920.8,1010.2,327
2025-03-17 01:00:00,weekday,place-tumnl,Tufts Medical Center,Orange Line,7.0,3777.8,4535.5,1880.0,361
2025-03-17 01:00:00,weekday,place-welln,Wellington,Orange Line,1.0,3899.1,4551.5,2215.9,358
2025-03-17 01:00:00,weekday,place-wlsta,Wollaston,Red Line,2.0,1734.5,2020.8,1017.4,361
2025-03-17 01:00:00,weekday,place-wimnl,Wood Island,Blue Line,2.0,1318.7,1467.7,932.0,356
2025-03-17 01:00:00,weekday,place-wtcst,World Trade Center,Silver Line,1.0,1200.2,1316.5,909.0,361
2025-03-17 02:00:00,weekday,place-alfcl,Alewife,Red Line,1.0,5780.6,6616.4,3687.0,361
2025-03-17 02:00:00,weekday,place-armnl,Arlington,Green Line,5.0,3907.7,3974.4,3739.3,349
2025-03-17 02:00:00,weekday,place-boyls,Boylston,Green Line,16.0,3859.1,3732.2,4181.6,347
2025-03-17 02:00:00,weekday,place-brntn,Braintree,Red Line,2.0,2316.0,2671.8,1416.0,360
2025-03-17 02:00:00,weekday,place-chmnl,Charles/MGH,Red Line,3.0,5543.2,6654.1,2760.4,361
2025-03-17 02:00:00,weekday,place-coecl,Copley,Green Line,2.0,7980.6,7980.3,7981.3,350
2025-03-17 02:00:00,weekday,place-grnst,Green Street,Orange Line,1.0,1799.9,2077.1,1101.4,359
2025-03-17 02:00:00,weekday,place-haecl,Haymarket,"Green Line, Orange Line",2.0,6453.5,6748.3,5715.2,361
2025-03-17 02:00:00,weekday,place-hymnl,Hynes Convention Center,Green Line,7.0,5288.6,5220.1,5460.7,355
2025-03-17 02:00:00,weekday,place-kencl,Kenmore,Green Line,2.0,4439.8,4535.1,4203.1,352
2025-03-17 02:00:00,weekday,place-masta,Massachusetts Avenue,Orange Line,1.0,3184.2,3658.5,1996.0,361
2025-03-17 02:00:00,weekday,place-pktrm,Park Street,"Green Line, Red Line",4.0,8842.8,9190.0,7973.2,361
2025-03-17 02:00:00,weekday,place-qamnl,Quincy Adams,Red Line,2.0,1560.4,1835.5,867.2,359
2025-03-17 02:00:00,weekday,place-rugg,Ruggles,Orange Line,1.0,5463.2,6671.9,2435.5,361
2025-03-17 02:00:00,weekday,place-tumnl,Tufts Medical Center,Orange Line,1.0,3777.8,4535.5,1880.0,361
2025-03-17 03:00:00,weekday,place-armnl,Arlington,Green Line,1.0,3907.7,3974.4,3739.3,349
2025-03-17 03:00:00,weekday,place-boyls,Boylston,Green Line,6.0,3859.1,3732.2,4181.6,347
2025-03-17 03:00:00,weekday,place-brntn,Braintree,Red Line,1.0,2316.0,2671.8,1416.0,360
2025-03-17 03:00:00,weekday,place-chmnl,Charles/MGH,Red Line,1.0,5543.2,6654.1,2760.4,361
2025-03-17 03:00:00,weekday,place-gover,Government Center,"Blue Line, Green Line",1.0,4821.1,5170.1,3947.0,361
2025-03-17 03:00:00,weekday,place-qnctr,Quincy Center,Red Line,2.0,3374.7,3868.8,2094.1,352
2025-03-17 03:00:00,weekday,place-state,State Street,"Blue Line, Orange Line",2.0,7246.9,8717.0,3578.8,360
2025-03-17 04:00:00,weekday,place-aport,Airport,Blue Line,3.0,6078.3,6569.2,4836.4,360
2025-03-17 04:00:00,weekday,place-alfcl,Alewife,Red Line,6.0,5780.6,6616.4,3687.0,361
2025-03-17 04:00:00,weekday,place-andrw,Andrew,Red Line,2.0,3255.3,3702.9,2134.3,361
2025-03-17 04:00:00,weekday,place-aqucl,Aquarium,Blue Line,2.0,3333.0,3432.4,3084.2,361
2025-03-17 04:00:00,weekday,place-armnl,Arlington,Green Line,2.0,3907.7,3974.4,3739.3,349
2025-03-17 04:00:00,weekday,place-asmnl,Ashmont,Red Line,3.0,3756.3,4380.3,2193.5,361
2025-03-17 04:00:00,weekday,place-astao,Assembly,Orange Line,1.0,2967.9,3119.5,2588.3,361
2025-03-17 04:00:00,weekday,place-bbsta,Back Bay,Orange Line,1.0,10028.9,11471.0,6270.6,357
2025-03-17 04:00:00,weekday,place-bmmnl,Beachmont,Blue Line,2.0,2348.0,2653.2,1560.5,358
2025-03-17 04:00:00,weekday,place-brntn,Braintree,Red Line,36.0,2316.0,2671.8,1416.0,360
2025-03-17 04:00:00,weekday,place-brdwy,Broadway,Red Line,1.0,3513.1,3928.7,2393.2,351
2025-03-17 04:00:00,weekday,place-cntsq,Central,Red Line,5.0,8250.8,8876.6,6683.3,361
2025-03-17 04:00:00,weekday,place-chmnl,Charles/MGH,Red Line,1.0,5543.2,6654.1,2760.4,361
2025-03-17 04:00:00,weekday,place-ccmnl,Community College,Orange Line,2.0,2457.6,3023.7,1039.7,361
2025-03-17 04:00:00,weekday,place-crtst,Courthouse,Silver Line,1.0,2253.6,2567.2,1468.3,361
2025-03-17 04:00:00,weekday,place-dwnxg,Downtown Crossing,"Orange Line, Red Line",2.0,10888.3,12269.6,7428.3,361
2025-03-17 04:00:00,weekday,place-fldcr,Fields Corner,Red Line,2.0,2377.4,2697.5,1575.7,361
2025-03-17 04:00:00,weekday,place-forhl,Forest Hills,Orange Line,22.0,6328.0,7469.5,3468.6,361
2025-03-17 04:00:00,weekday,place-gover,Government Center,"Blue Line, Green Line",1.0,4821.1,5170.1,3947.0,361
2025-03-17 04:00:00,weekday,place-grnst,Green Street,Orange Line,2.0,1799.9,2077.1,1101.4,359
2025-03-17 04:00:00,weekday,place-harsq,Harvard,Red Line,1.0,10860.0,11361.2,9604.7,361
2025-03-17 04:00:00,weekday,place-haecl,Haymarket,"Green Line, Orange Line",9.0,6453.5,6748.3,5715.2,361
2025-03-17 04:00:00,weekday,place-hymnl,Hynes Convention Center,Green Line,3.0,5288.6,5220.1,5460.7,355
2025-03-17 04:00:00,weekday,place-knncl,Kendall/MIT,Red Line,3.0,8412.3,9925.9,4498.5,355
2025-03-17 04:00:00,weekday,place-kencl,Kenmore,Green Line,1.0,4439.8,4535.1,4203.1,352
2025-03-17 04:00:00,weekday,place-mlmnl,Malden Center,Orange Line,2.0,5719.4,6595.3,3525.2,361
2025-03-17 04:00:00,weekday,place-masta,Massachusetts Avenue,Orange Line,2.0,3184.2,3658.5,1996.0,361
2025-03-17 04:00:00,weekday,place-mvbcl,Maverick,Blue Line,8.0,7320.1,8106.1,5351.5,361
2025-03-17 04:00:00,weekday,place-mdftf,Medford/Tufts,Green Line,4.17,181.5,203.0,127.3,349
2025-03-17 04:00:00,weekday,place-nqncy,North Quincy,Red Line,5.0,2886.8,3386.6,1634.9,361
2025-03-17 04:00:00,weekday,place-north,North Station,"Green Line, Orange Line",3.0,11662.5,13084.0,8031.2,359
2025-03-17 04:00:00,weekday,place-ogmnl,Oak Grove,Orange Line,11.0,3496.9,4070.8,2045.5,360
2025-03-17 04:00:00,weekday,place-orhte,Orient Heights,Blue Line,23.0,3047.0,3426.0,2079.0,359
2025-03-17 04:00:00,weekday,place-pktrm,Park Street,"Green Line, Red Line",1.0,8842.8,9190.0,7973.2,361
2025-03-17 04:00:00,weekday,place-portr,Porter,Red Line,1.0,4190.9,4505.7,3402.5,361
2025-03-17 04:00:00,weekday,place-prmnl,Prudential,Green Line,2.0,2182.0,2137.6,2292.7,353
2025-03-17 04:00:00,weekday,place-qnctr,Quincy Center,Red Line,6.0,3374.7,3868.8,2094.1,352
2025-03-17 04:00:00,weekday,place-rbmnl,Revere Beach,Blue Line,5.0,2267.8,2518.2,1633.2,357
2025-03-17 04:00:00,weekday,place-river,Riverside,Green Line,3.0,899.9,901.1,896.9,360
2025-03-17 04:00:00,weekday,place-rcmnl,Roxbury Crossing,Orange Line,2.0,2916.6,3388.0,1712.4,359
2025-03-17 04:00:00,weekday,place-rugg,Ruggles,Orange Line,1.0,5463.2,6671.9,2435.5,361
2025-03-17 04:00:00,weekday,place-shmnl,Savin Hill,Red Line,2.0,1248.0,1417.1,824.3,361
2025-03-17 04:00:00,weekday,place-spmnl,Science Park,Green Line,1.0,733.3,762.6,660.0,361
2025-03-17 04:00:00,weekday,place-sstat,South Station,"Red Line, Silver Line",3.0,11868.8,13721.2,7126.5,356
2025-03-17 04:00:00,weekday,place-state,State Street,"Blue Line, Orange Line",1.0,7246.9,8717.0,3578.8,360
2025-03-17 04:00:00,weekday,place-sbmnl,Stony Brook,Orange Line,2.0,1897.8,2150.5,1257.4,357
2025-03-17 04:00:00,weekday,place-sull,Sullivan Square,Orange Line,9.0,3949.4,4501.9,2538.3,359
2025-03-17 04:00:00,weekday,place-symcl,Symphony,Green Line,1.0,946.3,920.8,1010.2,327
2025-03-17 04:00:00,weekday,place-tumnl,Tufts Medical Center,Orange Line,1.0,3777.8,4535.5,1880.0,361
2025-03-17 04:00:00,weekday,place-welln,Wellington,Orange Line,2.0,3899.1,4551.5,2215.9,358
2025-03-17 04:00:00,weekday,place-wlsta,Wollaston,Red Line,1.0,1734.5,2020.8,1017.4,361
2025-03-17 04:00:00,weekday,place-wondl,Wonderland,Blue Line,9.0,3759.9,4264.2,2469.0,356
2025-03-17 04:00:00,weekday,place-wimnl,Wood Island,Blue Line,4.0,1318.7,1467.7,932.0,356
2025-03-17 04:00:00,weekday,place-wtcst,World Trade Center,Silver Line,6.0,1200.2,1316.5,909.0,361
2025-03-17 05:00:00,weekday,place-aport,Airport,Blue Line,107.0,6078.3,6569.2,4836.4,360
2025-03-17 05:00:00,weekday,place-alfcl,Alewife,Red Line,87.0,5780.6,6616.4,3687.0,361
2025-03-17 05:00:00,weekday,place-andrw,Andrew,Red Line,77.0,3255.3,3702.9,2134.3,361
2025-03-17 05:00:00,weekday,place-aqucl,Aquarium,Blue Line,6.0,3333.0,3432.4,3084.2,361
2025-03-17 05:00:00,weekday,place-armnl,Arlington,Green Line,7.0,3907.7,3974.4,3739.3,349
2025-03-17 05:00:00,weekday,place-asmnl,Ashmont,Red Line,44.0,3756.3,4380.3,2193.5,361
2025-03-17 05:00:00,weekday,place-astao,Assembly,Orange Line,10.0,2967.9,3119.5,2588.3,361
2025-03-17 05:00:00,weekday,place-bbsta,Back Bay,Orange Line,56.0,10028.9,11471.0,6270.6,357
2025-03-17 05:00:00,weekday,place-bmmnl,Beachmont,Blue Line,133.0,2348.0,2653.2,1560.5,358
2025-03-17 05:00:00,weekday,place-bomnl,Bowdoin,Blue Line,4.0,1406.3,1701.8,666.0,361
2025-03-17 05:00:00,weekday,place-boyls,Boylston,Green Line,9.0,3859.1,3732.2,4181.6,347
2025-03-17 05:00:00,weekday,place-brntn,Braintree,Red Line,211.0,2316.0,2671.8,1416.0,360
2025-03-17 05:00:00,weekday,place-brdwy,Broadway,Red Line,27.0,3513.1,3928.7,2393.2,351
2025-03-17 05:00:00,weekday,place-cntsq,Central,Red Line,55.0,8250.8,8876.6,6683.3,361
2025-03-17 05:00:00,weekday,place-chmnl,Charles/MGH,Red Line,11.0,5543.2,6654.1,2760.4,361
2025-03-17 05:00:00,weekday,place-chncl,Chinatown,Orange Line,10.0,3955.4,4305.4,3078.5,361
2025-03-17 05:00:00,weekday,place-ccmnl,Community College,Orange Line,17.0,2457.6,3023.7,1039.7,361
2025-03-17 05:00:00,weekday,place-coecl,Copley,Green Line,18.0,7980.6,7980.3,7981.3,350
2025-03-17 05:00:00,weekday,place-crtst,Courthouse,Silver Line,8.0,2253.6,2567.2,1468.3,361
2025-03-17 05:00:00,weekday,place-davis,Davis,Red Line,39.0,4866.6,5296.7,3789.1,361
2025-03-17 05:00:00,weekday,place-dwnxg,Downtown Crossing,"Orange Line, Red Line",23.0,10888.3,12269.6,7428.3,361
2025-03-17 05:00:00,weekday,place-esomr,East Somerville,Green Line,4.17,70.5,75.8,56.8,350
2025-03-17 05:00:00,weekday,place-fldcr,Fields Corner,Red Line,64.0,2377.4,2697.5,1575.7,361
2025-03-17 05:00:00,weekday,place-forhl,Forest Hills,Orange Line,267.0,6328.0,7469.5,3468.6,361
2025-03-17 05:00:00,weekday,place-gilmn,Gilman Square,Green Line,8.33,264.1,286.5,207.2,351
2025-03-17 05:00:00,weekday,place-gover,Government Center,"Blue Line, Green Line",15.0,4821.1,5170.1,3947.0,361
2025-03-17 05:00:00,weekday,place-grnst,Green Street,Orange Line,30.0,1799.9,2077.1,1101.4,359
2025-03-17 05:00:00,weekday,place-harsq,Harvard,Red Line,85.0,10860.0,11361.2,9604.7,361
2025-03-17 05:00:00,weekday,place-haecl,Haymarket,"Green Line, Orange Line",146.0,6453.5,6748.3,5715.2,361
2025-03-17 05:00:00,weekday,place-hymnl,Hynes Convention Center,Green Line,19.0,5288.6,5220.1,5460.7,355
2025-03-17 05:00:00,weekday,place-jfk,JFK/UMass,Red Line,61.0,4084.5,4808.4,2173.9,353
2025-03-17 05:00:00,weekday,place-jaksn,Jackson Square,Orange Line,64.0,2846.1,3326.1,1631.9,360
2025-03-17 05:00:00,weekday,place-knncl,Kendall/MIT,Red Line,14.0,8412.3,9925.9,4498.5,355
2025-03-17 05:00:00,weekday,place-kencl,Kenmore,Green Line,27.0,4439.8,4535.1,4203.1,352
2025-03-17 05:00:00,weekday,place-lech,Lechmere,Green Line,4.17,245.6,265.3,196.0,359
2025-03-17 05:00:00,weekday,place-mgngl,Magoun Square,Green Line,4.17,128.3,138.1,103.5,349
2025-03-17 05:00:00,weekday,place-mlmnl,Malden Center,Orange Line,259.0,5719.4,6595.3,3525.2,361
2025-03-17 05:00:00,weekday,place-masta,Massachusetts Avenue,Orange Line,25.0,3184.2,3658.5,1996.0,361
2025-03-17 05:00:00,weekday,place-matt,Mattapan Line,Mattapan Line,5.76,2785.5,3271.4,1568.2,361
2025-03-17 05:00:00,weekday,place-mvbcl,Maverick,Blue Line,311.0,7320.1,8106.1,5351.5,361
2025-03-17 05:00:00,weekday,place-nqncy,North Quincy,Red Line,94.0,2886.8,3386.6,1634.9,361
2025-03-17 05:00:00,weekday,place-north,North Station,"Green Line, Orange Line",171.0,11662.5,13084.0,8031.2,359
2025-03-17 05:00:00,weekday,place-ogmnl,Oak Grove,Orange Line,124.0,3496.9,4070.8,2045.5,360
2025-03-17 05:00:00,weekday,place-orhte,Orient Heights,Blue Line,173.0,3047.0,3426.0,2079.0,359
2025-03-17 05:00:00,weekday,place-pktrm,Park Street,"Green Line, Red Line",16.0,8842.8,9190.0,7973.2,361
2025-03-17 05:00:00,weekday,place-portr,Porter,Red Line,31.0,4190.9,4505.7,3402.5,361
2025-03-17 05:00:00,weekday,place-prmnl,Prudential,Green Line,3.0,2182.0,2137.6,2292.7,353
2025-03-17 05:00:00,weekday,place-qamnl,Quincy Adams,Red Line,79.0,1560.4,1835.5,867.2,359
2025-03-17 05:00:00,weekday,place-qnctr,Quincy Center,Red Line,142.0,3374.7,3868.8,2094.1,352
2025-03-17 05:00:00,weekday,place-rbmnl,Revere Beach,Blue Line,166.0,2267.8,2518.2,1633.2,357
2025-03-17 05:00:00,weekday,place-river,Riverside,Green Line,34.0,899.9,901.1,896.9,360
2025-03-17 05:00:00,weekday,place-rcmnl,Roxbury Crossing,Orange Line,22.0,2916.6,3388.0,1712.4,359
2025-03-17 05:00:00,weekday,place-rugg,Ruggles,Orange Line,60.0,5463.2,6671.9,2435.5,361
2025-03-17 05:00:00,weekday,place-shmnl,Savin Hill,Red Line,43.0,1248.0,1417.1,824.3,361
2025-03-17 05:00:00,weekday,place-spmnl,Science Park,Green Line,1.0,733.3,762.6,660.0,361
2025-03-17 05:00:00,weekday,place-smmnl,Shawmut,Red Line,26.0,1085.6,1267.3,630.5,361
2025-03-17 05:00:00,weekday,place-sstat,South Station,"Red Line, Silver Line",78.0,11868.8,13721.2,7126.5,356
2025-03-17 05:00:00,weekday,place-state,State Street,"Blue Line, Orange Line",24.0,7246.9,8717.0,3578.8,360
2025-03-17 05:00:00,weekday,place-sbmnl,Stony Brook,Orange Line,36.0,1897.8,2150.5,1257.4,357
2025-03-17 05:00:00,weekday,place-sdmnl,Suffolk Downs,Blue Line,24.0,501.1,568.7,323.9,355
2025-03-17 05:00:00,weekday,place-sull,Sullivan Square,Orange Line,166.0,3949.4,4501.9,2538.3,359
2025-03-17 05:00:00,weekday,place-symcl,Symphony,Green Line,2.0,946.3,920.8,1010.2,327
2025-03-17 05:00:00,weekday,place-tumnl,Tufts Medical Center,Orange Line,12.0,3777.8,4535.5,1880.0,361
2025-03-17 05:00:00,weekday,place-unsqu,Union Square,Green Line,8.34,135.3,144.6,111.3,347
2025-03-17 05:00:00,weekday,place-welln,Wellington,Orange Line,142.0,3899.1,4551.5,2215.9,358
2025-03-17 05:00:00,weekday,place-wlsta,Wollaston,Red Line,114.0,1734.5,2020.8,1017.4,361
2025-03-17 05:00:00,weekday,place-wondl,Wonderland,Blue Line,211.0,3759.9,4264.2,2469.0,356
2025-03-17 05:00:00,weekday,place-wimnl,Wood Island,Blue Line,84.0,1318.7,1467.7,932.0,356
2025-03-17 05:00:00,weekday,place-wtcst,World Trade Center,Silver Line,18.0,1200.2,1316.5,909.0,361
2025-03-17 06:00:00,weekday,place-aport,Airport,Blue Line,178.0,6078.3,6569.2,4836.4,360
2025-03-17 06:00:00,weekday,place-alfcl,Alewife,Red Line,251.0,5780.6,6616.4,3687.0,361
2025-03-17 06:00:00,weekday,place-andrw,Andrew,Red Line,162.0,3255.3,3702.9,2134.3,361
2025-03-17 06:00:00,weekday,place-aqucl,Aquarium,Blue Line,35.0,3333.0,3432.4,3084.2,361
2025-03-17 06:00:00,weekday,place-armnl,Arlington,Green Line,21.0,3907.7,3974.4,3739.3,349
2025-03-17 06:00:00,weekday,place-asmnl,Ashmont,Red Line,93.0,3756.3,4380.3,2193.5,361
2025-03-17 06:00:00,weekday,place-astao,Assembly,Orange Line,52.0,2967.9,3119.5,2588.3,361
2025-03-17 06:00:00,weekday,place-bbsta,Back Bay,Orange Line,214.0,10028.9,11471.0,6270.6,357
2025-03-17 06:00:00,weekday,place-balsq,Ball Square,Green Line,8.33,139.3,150.9,109.9,350
2025-03-17 06:00:00,weekday,place-bmmnl,Beachmont,Blue Line,177.0,2348.0,2653.2,1560.5,358
2025-03-17 06:00:00,weekday,place-bomnl,Bowdoin,Blue Line,8.0,1406.3,1701.8,666.0,361
2025-03-17 06:00:00,weekday,place-boyls,Boylston,Green Line,25.0,3859.1,3732.2,4181.6,347
2025-03-17 06:00:00,weekday,place-brntn,Braintree,Red Line,246.0,2316.0,2671.8,1416.0,360
2025-03-17 06:00:00,weekday,place-brdwy,Broadway,Red Line,60.0,3513.1,3928.7,2393.2,351
2025-03-17 06:00:00,weekday,place-cntsq,Central,Red Line,175.0,8250.8,8876.6,6683.3,361
2025-03-17 06:00:00,weekday,place-chmnl,Charles/MGH,Red Line,44.0,5543.2,6654.1,2760.4,361
2025-03-17 06:00:00,weekday,place-chncl,Chinatown,Orange Line,59.0,3955.4,4305.4,3078.5,361
2025-03-17 06:00:00,weekday,place-ccmnl,Community College,Orange Line,59.0,2457.6,3023.7,1039.7,361
2025-03-17 06:00:00,weekday,place-coecl,Copley,Green Line,74.0,7980.6,7980.3,7981.3,350
2025-03-17 06:00:00,weekday,place-crtst,Courthouse,Silver Line,10.0,2253.6,2567.2,1468.3,361
2025-03-17 06:00:00,weekday,place-davis,Davis,Red Line,105.0,4866.6,5296.7,3789.1,361
2025-03-17 06:00:00,weekday,place-dwnxg,Downtown Crossing,"Orange Line, Red Line",113.0,10888.3,12269.6,7428.3,361
2025-03-17 06:00:00,weekday,place-fldcr,Fields Corner,Red Line,120.0,2377.4,2697.5,1575.7,361
2025-03-17 06:00:00,weekday,place-forhl,Forest Hills,Orange Line,625.0,6328.0,7469.5,3468.6,361
2025-03-17 06:00:00,weekday,place-gilmn,Gilman Square,Green Line,29.17,264.1,286.5,207.2,351
2025-03-17 06:00:00,weekday,place-gover,Government Center,"Blue Line, Green Line",40.0,4821.1,5170.1,3947.0,361
2025-03-17 06:00:00,weekday,place-grnst,Green Street,Orange Line,85.0,1799.9,2077.1,1101.4,359
2025-03-17 06:00:00,weekday,place-harsq,Harvard,Red Line,193.0,10860.0,11361.2,9604.7,361
2025-03-17 06:00:00,weekday,place-haecl,Haymarket,"Green Line, Orange Line",246.0,6453.5,6748.3,5715.2,361
2025-03-17 06:00:00,weekday,place-hymnl,Hynes Convention Center,Green Line,42.0,5288.6,5220.1,5460.7,355
2025-03-17 06:00:00,weekday,place-jfk,JFK/UMass,Red Line,137.0,4084.5,4808.4,2173.9,353
2025-03-17 06:00:00,weekday,place-jaksn,Jackson Square,Orange Line,163.0,2846.1,3326.1,1631.9,360
2025-03-17 06:00:00,weekday,place-knncl,Kendall/MIT,Red Line,65.0,8412.3,9925.9,4498.5,355
2025-03-17 06:00:00,weekday,place-kencl,Kenmore,Green Line,79.0,4439.8,4535.1,4203.1,352
2025-03-17 06:00:00,weekday,place-lech,Lechmere,Green Line,20.84,245.6,265.3,196.0,359
2025-03-17 06:00:00,weekday,place-mgngl,Magoun Square,Green Line,12.5,128.3,138.1,103.5,349
2025-03-17 06:00:00,weekday,place-mlmnl,Malden Center,Orange Line,518.0,5719.4,6595.3,3525.2,361
2025-03-17 06:00:00,weekday,place-masta,Massachusetts Avenue,Orange Line,68.0,3184.2,3658.5,1996.0,361
2025-03-17 06:00:00,weekday,place-matt,Mattapan Line,Mattapan Line,8.06,2785.5,3271.4,1568.2,361
2025-03-17 06:00:00,weekday,place-mvbcl,Maverick,Blue Line,633.0,7320.1,8106.1,5351.5,361
2025-03-17 06:00:00,weekday,place-mdftf,Medford/Tufts,Green Line,33.33,181.5,203.0,127.3,349
2025-03-17 06:00:00,weekday,place-nqncy,North Quincy,Red Line,209.0,2886.8,3386.6,1634.9,361
2025-03-17 06:00:00,weekday,place-north,North Station,"Green Line, Orange Line",384.0,11662.5,13084.0,8031.2,359
2025-03-17 06:00:00,weekday,place-ogmnl,Oak Grove,Orange Line,369.0,3496.9,4070.8,2045.5,360
2025-03-17 06:00:00,weekday,place-orhte,Orient Heights,Blue Line,316.0,3047.0,3426.0,2079.0,359
2025-03-17 06:00:00,weekday,place-pktrm,Park Street,"Green Line, Red Line",38.0,8842.8,9190.0,7973.2,361
2025-03-17 06:00:00,weekday,place-portr,Porter,Red Line,148.0,4190.9,4505.7,3402.5,361
2025-03-17 06:00:00,weekday,place-prmnl,Prudential,Green Line,21.0,2182.0,2137.6,2292.7,353
2025-03-17 06:00:00,weekday,place-qamnl,Quincy Adams,Red Line,120.0,1560.4,1835.5,867.2,359
2025-03-17 06:00:00,weekday,place-qnctr,Quincy Center,Red Line,262.0,3374.7,3868.8,2094.1,352
2025-03-17 06:00:00,weekday,place-rbmnl,Revere Beach,Blue Line,220.0,2267.8,2518.2,1633.2,357
2025-03-17 06:00:00,weekday,place-river,Riverside,Green Line,54.0,899.9,901.1,896.9,360
2025-03-17 06:00:00,weekday,place-rcmnl,Roxbury Crossing,Orange Line,83.0,2916.6,3388.0,1712.4,359
2025-03-17 06:00:00,weekday,place-rugg,Ruggles,Orange Line,155.0,5463.2,6671.9,2435.5,361
2025-03-17 06:00:00,weekday,place-shmnl,Savin Hill,Red Line,81.0,1248.0,1417.1,824.3,361
2025-03-17 06:00:00,weekday,place-spmnl,Science Park,Green Line,5.0,733.3,762.6,660.0,361
2025-03-17 06:00:00,weekday,place-smmnl,Shawmut,Red Line,65.0,1085.6,1267.3,630.5,361
2025-03-17 06:00:00,weekday,place-sstat,South Station,"Red Line, Silver Line",199.0,11868.8,13721.2,7126.5,356
2025-03-17 06:00:00,weekday,place-state,State Street,"Blue Line, Orange Line",60.0,7246.9,8717.0,3578.8,360
2025-03-17 06:00:00,weekday,place-sbmnl,Stony Brook,Orange Line,105.0,1897.8,2150.5,1257.4,357
2025-03-17 06:00:00,weekday,place-sdmnl,Suffolk Downs,Blue Line,62.0,501.1,568.7,323.9,355
2025-03-17 06:00:00,weekday,place-sull,Sullivan Square,Orange Line,255.0,3949.4,4501.9,2538.3,359
2025-03-17 06:00:00,weekday,place-symcl,Symphony,Green Line,18.0,946.3,920.8,1010.2,327
2025-03-17 06:00:00,weekday,place-tumnl,Tufts Medical Center,Orange Line,59.0,3777.8,4535.5,1880.0,361
2025-03-17 06:00:00,weekday,place-welln,Wellington,Orange Line,344.0,3899.1,4551.5,2215.9,358
2025-03-17 06:00:00,weekday,place-wlsta,Wollaston,Red Line,211.0,1734.5,2020.8,1017.4,361
2025-03-17 06:00:00,weekday,place-wondl,Wonderland,Blue Line,502.0,3759.9,4264.2,2469.0,356
2025-03-17 06:00:00,weekday,place-wimnl,Wood Island,Blue Line,120.0,1318.7,1467.7,932.0,356
2025-03-17 06:00:00,weekday,place-wtcst,World Trade Center,Silver Line,21.0,1200.2,1316.5,909.0,361
2025-03-17 07:00:00,weekday,place-aport,Airport,Blue Line,275.0,6078.3,6569.2,4836.4,360
2025-03-17 07:00:00,weekday,place-alfcl,Alewife,Red Line,598.0,5780.6,6616.4,3687.0,361
2025-03-17 07:00:00,weekday,place-andrw,Andrew,Red Line,247.0,3255.3,3702.9,2134.3,361
2025-03-17 07:00:00,weekday,place-aqucl,Aquarium,Blue Line,47.0,3333.0,3432.4,3084.2,361
2025-03-17 07:00:00,weekday,place-armnl,Arlington,Green Line,62.0,3907.7,3974.4,3739.3,349
2025-03-17 07:00:00,weekday,place-asmnl,Ashmont,Red Line,137.0,3756.3,4380.3,2193.5,361
2025-03-17 07:00:00,weekday,place-astao,Assembly,Orange Line,91.0,2967.9,3119.5,2588.3,361
2025-03-17 07:00:00,weekday,place-bbsta,Back Bay,Orange Line,568.0,10028.9,11471.0,6270.6,357
2025-03-17 07:00:00,weekday,place-balsq,Ball Square,Green Line,75.0,139.3,150.9,109.9,350
2025-03-17 07:00:00,weekday,place-bmmnl,Beachmont,Blue Line,234.0,2348.0,2653.2,1560.5,358
2025-03-17 07:00:00,weekday,place-bomnl,Bowdoin,Blue Line,18.0,1406.3,1701.8,666.0,361
2025-03-17 07:00:00,weekday,place-boyls,Boylston,Green Line,37.0,3859.1,3732.2,4181.6,347
2025-03-17 07:00:00,weekday,place-brntn,Braintree,Red Line,375.0,2316.0,2671.8,1416.0,360
2025-03-17 07:00:00,weekday,place-brdwy,Broadway,Red Line,147.0,3513.1,3928.7,2393.2,351
2025-03-17 07:00:00,weekday,place-cntsq,Central,Red Line,392.0,8250.8,8876.6,6683.3,361
2025-03-17 07:00:00,weekday,place-chmnl,Charles/MGH,Red Line,145.0,5543.2,6654.1,2760.4,361
2025-03-17 07:00:00,weekday,place-chncl,Chinatown,Orange Line,97.0,3955.4,4305.4,3078.5,361
2025-03-17 07:00:00,weekday,place-ccmnl,Community College,Orange Line,118.0,2457.6,3023.7,1039.7,361
2025-03-17 07:00:00,weekday,place-coecl,Copley,Green Line,200.0,7980.6,7980.3,7981.3,350
2025-03-17 07:00:00,weekday,place-crtst,Courthouse,Silver Line,43.0,2253.6,2567.2,1468.3,361
2025-03-17 07:00:00,weekday,place-davis,Davis,Red Line,333.0,4866.6,5296.7,3789.1,361
2025-03-17 07:00:00,weekday,place-dwnxg,Downtown Crossing,"Orange Line, Red Line",159.0,10888.3,12269.6,7428.3,361
2025-03-17 07:00:00,weekday,place-esomr,East Somerville,Green Line,25.0,70.5,75.8,56.8,350
2025-03-17 07:00:00,weekday,place-fldcr,Fields Corner,Red Line,164.0,2377.4,2697.5,1575.7,361
2025-03-17 07:00:00,weekday,place-forhl,Forest Hills,Orange Line,947.0,6328.0,7469.5,3468.6,361
2025-03-17 07:00:00,weekday,place-gilmn,Gilman Square,Green Line,70.83,264.1,286.5,207.2,351
2025-03-17 07:00:00,weekday,place-gover,Government Center,"Blue Line, Green Line",84.0,4821.1,5170.1,3947.0,361
2025-03-17 07:00:00,weekday,place-grnst,Green Street,Orange Line,216.0,1799.9,2077.1,1101.4,359
2025-03-17 07:00:00,weekday,place-harsq,Harvard,Red Line,452.0,10860.0,11361.2,9604.7,361
2025-03-17 07:00:00,weekday,place-haecl,Haymarket,"Green Line, Orange Line",318.0,6453.5,6748.3,5715.2,361
2025-03-17 07:00:00,weekday,place-hymnl,Hynes Convention Center,Green Line,118.0,5288.6,5220.1,5460.7,355
2025-03-17 07:00:00,weekday,place-jfk,JFK/UMass,Red Line,238.0,4084.5,4808.4,2173.9,353
2025-03-17 07:00:00,weekday,place-jaksn,Jackson Square,Orange Line,279.0,2846.1,3326.1,1631.9,360
2025-03-17 07:00:00,weekday,place-knncl,Kendall/MIT,Red Line,166.0,8412.3,9925.9,4498.5,355
2025-03-17 07:00:00,weekday,place-kencl,Kenmore,Green Line,137.0,4439.8,4535.1,4203.1,352
2025-03-17 07:00:00,weekday,place-lech,Lechmere,Green Line,37.5,245.6,265.3,196.0,359
2025-03-17 07:00:00,weekday,place-mgngl,Magoun Square,Green Line,41.67,128.3,138.1,103.5,349
2025-03-17 07:00:00,weekday,place-mlmnl,Malden Center,Orange Line,758.0,5719.4,6595.3,3525.2,361
2025-03-17 07:00:00,weekday,place-masta,Massachusetts Avenue,Orange Line,179.0,3184.2,3658.5,1996.0,361
2025-03-17 07:00:00,weekday,place-matt,Mattapan Line,Mattapan Line,13.83,2785.5,3271.4,1568.2,361
2025-03-17 07:00:00,weekday,place-mvbcl,Maverick,Blue Line,804.0,7320.1,8106.1,5351.5,361
2025-03-17 07:00:00,weekday,place-mdftf,Medford/Tufts,Green Line,91.67,181.5,203.0,127.3,349
2025-03-17 07:00:00,weekday,place-nqncy,North Quincy,Red Line,323.0,2886.8,3386.6,1634.9,361
2025-03-17 07:00:00,weekday,place-north,North Station,"Green Line, Orange Line",1047.0,11662.5,13084.0,8031.2,359
2025-03-17 07:00:00,weekday,place-ogmnl,Oak Grove,Orange Line,787.0,3496.9,4070.8,2045.5,360
2025-03-17 07:00:00,weekday,place-orhte,Orient Heights,Blue Line,400.0,3047.0,3426.0,2079.0,359
2025-03-17 07:00:00,weekday,place-pktrm,Park Street,"Green Line, Red Line",108.0,8842.8,9190.0,7973.2,361
2025-03-17 07:00:00,weekday,place-portr,Porter,Red Line,388.0,4190.9,4505.7,3402.5,361
2025-03-17 07:00:00,weekday,place-prmnl,Prudential,Green Line,77.0,2182.0,2137.6,2292.7,353
2025-03-17 07:00:00,weekday,place-qamnl,Quincy Adams,Red Line,231.0,1560.4,1835.5,867.2,359
2025-03-17 07:00:00,weekday,place-qnctr,Quincy Center,Red Line,412.0,3374.7,3868.8,2094.1,352
2025-03-17 07:00:00,weekday,place-rbmnl,Revere Beach,Blue Line,260.0,2267.8,2518.2,1633.2,357
2025-03-17 07:00:00,weekday,place-river,Riverside,Green Line,89.0,899.9,901.1,896.9,360
2025-03-17 07:00:00,weekday,place-rcmnl,Roxbury Crossing,Orange Line,154.0,2916.6,3388.0,1712.4,359
2025-03-17 07:00:00,weekday,place-rugg,Ruggles,Orange Line,258.0,5463.2,6671.9,2435.5,361
2025-03-17 07:00:00,weekday,place-shmnl,Savin Hill,Red Line,116.0,1248.0,1417.1,824.3,361
2025-03-17 07:00:00,weekday,place-spmnl,Science Park,Green Line,17.0,733.3,762.6,660.0,361
2025-03-17 07:00:00,weekday,place-smmnl,Shawmut,Red Line,92.0,1085.6,1267.3,630.5,361
2025-03-17 07:00:00,weekday,place-sstat,South Station,"Red Line, Silver Line",438.0,11868.8,13721.2,7126.5,356
2025-03-17 07:00:00,weekday,place-state,State Street,"Blue Line, Orange Line",103.0,7246.9,8717.0,3578.8,360
2025-03-17 07:00:00,weekday,place-sbmnl,Stony Brook,Orange Line,241.0,1897.8,2150.5,1257.4,357
2025-03-17 07:00:00,weekday,place-sdmnl,Suffolk Downs,Blue Line,74.0,501.1,568.7,323.9,355
2025-03-17 07:00:00,weekday,place-sull,Sullivan Square,Orange Line,358.0,3949.4,4501.9,2538.3,359
2025-03-17 07:00:00,weekday,place-symcl,Symphony,Green Line,38.0,946.3,920.8,1010.2,327
2025-03-17 07:00:00,weekday,place-tumnl,Tufts Medical Center,Orange Line,174.0,3777.8,4535.5,1880.0,361
2025-03-17 07:00:00,weekday,place-unsqu,Union Square,Green Line,37.5,135.3,144.6,111.3,347
2025-03-17 07:00:00,weekday,place-welln,Wellington,Orange Line,443.0,3899.1,4551.5,2215.9,358
2025-03-17 07:00:00,weekday,place-wlsta,Wollaston,Red Line,313.0,1734.5,2020.8,1017.4,361
2025-03-17 07:00:00,weekday,place-wondl,Wonderland,Blue Line,649.0,3759.9,4264.2,2469.0,356
2025-03-17 07:00:00,weekday,place-wimnl,Wood Island,Blue Line,135.0,1318.7,1467.7,932.0,356
2025-03-17 07:00:00,weekday,place-wtcst,World Trade Center,Silver Line,34.0,1200.2,1316.5,909.0,361
2025-03-17 08:00:00,weekday,place-aport,Airport,Blue Line,357.0,6078.3,6569.2,4836.4,360
2025-03-17 08:00:00,weekday,place-alfcl,Alewife,Red Line,710.0,5780.6,6616.4,3687.0,361
2025-03-17 08:00:00,weekday,place-andrw,Andrew,Red Line,303.0,3255.3,3702.9,2134.3,361
2025-03-17 08:00:00,weekday,place-aqucl,Aquarium,Blue Line,48.0,3333.0,3432.4,3084.2,361
2025-03-17 08:00:00,weekday,place-armnl,Arlington,Green Line,82.0,3907.7,3974.4,3739.3,349
2025-03-17 08:00:00,weekday,place-asmnl,Ashmont,Red Line,129.0,3756.3,4380.3,2193.5,361
2025-03-17 08:00:00,weekday,place-astao,Assembly,Orange Line,156.0,2967.9,3119.5,2588.3,361
2025-03-17 08:00:00,weekday,place-bbsta,Back Bay,Orange Line,655.0,10028.9,11471.0,6270.6,357
2025-03-17 08:00:00,weekday,place-balsq,Ball Square,Green Line,91.66,139.3,150.9,109.9,350
2025-03-17 08:00:00,weekday,place-bmmnl,Beachmont,Blue Line,191.0,2348.0,2653.2,1560.5,358
2025-03-17 08:00:00,weekday,place-bomnl,Bowdoin,Blue Line,26.0,1406.3,1701.8,666.0,361
2025-03-17 08:00:00,weekday,place-boyls,Boylston,Green Line,70.0,3859.1,3732.2,4181.6,347
2025-03-17 08:00:00,weekday,place-brntn,Braintree,Red Line,209.0,2316.0,2671.8,1416.0,360
2025-03-17 08:00:00,weekday,place-brdwy,Broadway,Red Line,280.0,3513.1,3928.7,2393.2,351
2025-03-17 08:00:00,weekday,place-cntsq,Central,Red Line,632.0,8250.8,8876.6,6683.3,361
2025-03-17 08:00:00,weekday,place-chmnl,Charles/MGH,Red Line,221.0,5543.2,6654.1,2760.4,361
2025-03-17 08:00:00,weekday,place-chncl,Chinatown,Orange Line,109.0,3955.4,4305.4,3078.5,361
2025-03-17 08:00:00,weekday,place-ccmnl,Community College,Orange Line,130.0,2457.6,3023.7,1039.7,361
2025-03-17 08:00:00,weekday,place-coecl,Copley,Green Line,287.0,7980.6,7980.3,7981.3,350
2025-03-17 08:00:00,weekday,place-crtst,Courthouse,Silver Line,44.0,2253.6,2567.2,1468.3,361
2025-03-17 08:00:00,weekday,place-davis,Davis,Red Line,501.0,4866.6,5296.7,3789.1,361
2025-03-17 08:00:00,weekday,place-dwnxg,Downtown Crossing,"Orange Line, Red Line",225.0,10888.3,12269.6,7428.3,361
2025-03-17 08:00:00,weekday,place-esomr,East Somerville,Green Line,41.67,70.5,75.8,56.8,350
2025-03-17 08:00:00,weekday,place-fldcr,Fields Corner,Red Line,147.0,2377.4,2697.5,1575.7,361
2025-03-17 08:00:00,weekday,place-forhl,Forest Hills,Orange Line,971.0,6328.0,7469.5,3468.6,361
2025-03-17 08:00:00,weekday,place-gilmn,Gilman Square,Green Line,100.0,264.1,286.5,207.2,351
2025-03-17 08:00:00,weekday,place-gover,Government Center,"Blue Line, Green Line",93.0,4821.1,5170.1,3947.0,361
2025-03-17 08:00:00,weekday,place-grnst,Green Street,Orange Line,313.0,1799.9,2077.1,1101.4,359
2025-03-17 08:00:00,weekday,place-harsq,Harvard,Red Line,701.0,10860.0,11361.2,9604.7,361
2025-03-17 08:00:00,weekday,place-haecl,Haymarket,"Green Line, Orange Line",352.0,6453.5,6748.3,5715.2,361
2025-03-17 08:00:00,weekday,place-hymnl,Hynes Convention Center,Green Line,205.0,5288.6,5220.1,5460.7,355
2025-03-17 08:00:00,weekday,place-jfk,JFK/UMass,Red Line,312.0,4084.5,4808.4,2173.9,353
2025-03-17 08:00:00,weekday,place-jaksn,Jackson Square,Orange Line,294.0,2846.1,3326.1,1631.9,360
2025-03-17 08:00:00,weekday,place-knncl,Kendall/MIT,Red Line,242.0,8412.3,9925.9,4498.5,355
2025-03-17 08:00:00,weekday,place-kencl,Kenmore,Green Line,204.0,4439.8,4535.1,4203.1,352
2025-03-17 08:00:00,weekday,place-lech,Lechmere,Green Line,37.5,245.6,265.3,196.0,359
2025-03-17 08:00:00,weekday,place-mgngl,Magoun Square,Green Line,100.0,128.3,138.1,103.5,349
2025-03-17 08:00:00,weekday,place-mlmnl,Malden Center,Orange Line,884.0,5719.4,6595.3,3525.2,361
2025-03-17 08:00:00,weekday,place-masta,Massachusetts Avenue,Orange Line,263.0,3184.2,3658.5,1996.0,361
2025-03-17 08:00:00,weekday,place-matt,Mattapan Line,Mattapan Line,9.22,2785.5,3271.4,1568.2,361
2025-03-17 08:00:00,weekday,place-mvbcl,Maverick,Blue Line,921.0,7320.1,8106.1,5351.5,361
2025-03-17 08:00:00,weekday,place-mdftf,Medford/Tufts,Green Line,112.5,181.5,203.0,127.3,349
2025-03-17 08:00:00,weekday,place-nqncy,North Quincy,Red Line,302.0,2886.8,3386.6,1634.9,361
2025-03-17 08:00:00,weekday,place-north,North Station,"Green Line, Orange Line",1317.0,11662.5,13084.0,8031.2,359
2025-03-17 08:00:00,weekday,place-ogmnl,Oak Grove,Orange Line,638.0,3496.9,4070.8,2045.5,360
2025-03-17 08:00:00,weekday,place-orhte,Orient Heights,Blue Line,382.0,3047.0,3426.0,2079.0,359
2025-03-17 08:00:00,weekday,place-pktrm,Park Street,"Green Line, Red Line",148.0,8842.8,9190.0,7973.2,361
2025-03-17 08:00:00,weekday,place-portr,Porter,Red Line,525.0,4190.9,4505.7,3402.5,361
2025-03-17 08:00:00,weekday,place-prmnl,Prudential,Green Line,105.0,2182.0,2137.6,2292.7,353
2025-03-17 08:00:00,weekday,place-qamnl,Quincy Adams,Red Line,122.0,1560.4,1835.5,867.2,359
2025-03-17 08:00:00,weekday,place-qnctr,Quincy Center,Red Line,399.0,3374.7,3868.8,2094.1,352
2025-03-17 08:00:00,weekday,place-rbmnl,Revere Beach,Blue Line,192.0,2267.8,2518.2,1633.2,357
2025-03-17 08:00:00,weekday,place-river,Riverside,Green Line,71.0,899.9,901.1,896.9,360
2025-03-17 08:00:00,weekday,place-rcmnl,Roxbury Crossing,Orange Line,254.0,2916.6,3388.0,1712.4,359
2025-03-17 08:00:00,weekday,place-rugg,Ruggles,Orange Line,337.0,5463.2,6671.9,2435.5,361
2025-03-17 08:00:00,weekday,place-shmnl,Savin Hill,Red Line,175.0,1248.0,1417.1,824.3,361
2025-03-17 08:00:00,weekday,place-spmnl,Science Park,Green Line,27.0,733.3,762.6,660.0,361
2025-03-17 08:00:00,weekday,place-smmnl,Shawmut,Red Line,81.0,1085.6,1267.3,630.5,361
2025-03-17 08:00:00,weekday,place-sstat,South Station,"Red Line, Silver Line",742.0,11868.8,13721.2,7126.5,356
2025-03-17 08:00:00,weekday,place-state,State Street,"Blue Line, Orange Line",122.0,7246.9,8717.0,3578.8,360
2025-03-17 08:00:00,weekday,place-sbmnl,Stony Brook,Orange Line,354.0,1897.8,2150.5,1257.4,357
2025-03-17 08:00:00,weekday,place-sdmnl,Suffolk Downs,Blue Line,69.0,501.1,568.7,323.9,355
2025-03-17 08:00:00,weekday,place-sull,Sullivan Square,Orange Line,407.0,3949.4,4501.9,2538.3,359
2025-03-17 08:00:00,weekday,place-symcl,Symphony,Green Line,91.0,946.3,920.8,1010.2,327
2025-03-17 08:00:00,weekday,place-tumnl,Tufts Medical Center,Orange Line,183.0,3777.8,4535.5,1880.0,361
2025-03-17 08:00:00,weekday,place-unsqu,Union Square,Green Line,29.17,135.3,144.6,111.3,347
2025-03-17 08:00:00,weekday,place-welln,Wellington,Orange Line,640.0,3899.1,4551.5,2215.9,358
2025-03-17 08:00:00,weekday,place-wlsta,Wollaston,Red Line,265.0,1734.5,2020.8,1017.4,361
2025-03-17 08:00:00,weekday,place-wondl,Wonderland,Blue Line,603.0,3759.9,4264.2,2469.0,356
2025-03-17 08:00:00,weekday,place-wimnl,Wood Island,Blue Line,120.0,1318.7,1467.7,932.0,356
2025-03-17 08:00:00,weekday,place-wtcst,World Trade Center,Silver Line,35.0,1200.2,1316.5,909.0,361
2025-03-17 09:00:00,weekday,place-aport,Airport,Blue Line,269.0,6078.3,6569.2,4836.4,360
2025-03-17 09:00:00,weekday,place-alfcl,Alewife,Red Line,423.0,5780.6,6616.4,3687.0,361
2025-03-17 09:00:00,weekday,place-andrw,Andrew,Red Line,151.0,3255.3,3702.9,2134.3,361
2025-03-17 09:00:00,weekday,place-aqucl,Aquarium,Blue Line,28.0,3333.0,3432.4,3084.2,361
2025-03-17 09:00:00,weekday,place-armnl,Arlington,Green Line,104.0,3907.7,3974.4,3739.3,349
2025-03-17 09:00:00,weekday,place-asmnl,Ashmont,Red Line,75.0,3756.3,4380.3,2193.5,361
2025-03-17 09:00:00,weekday,place-astao,Assembly,Orange Line,104.0,2967.9,3119.5,2588.3,361
2025-03-17 09:00:00,weekday,place-bbsta,Back Bay,Orange Line,314.0,10028.9,11471.0,6270.6,357
2025-03-17 09:00:00,weekday,place-balsq,Ball Square,Green Line,45.83,139.3,150.9,109.9,350
2025-03-17 09:00:00,weekday,place-bmmnl,Beachmont,Blue Line,112.0,2348.0,2653.2,1560.5,358
2025-03-17 09:00:00,weekday,place-bomnl,Bowdoin,Blue Line,21.0,1406.3,1701.8,666.0,361
2025-03-17 09:00:00,weekday,place-boyls,Boylston,Green Line,72.0,3859.1,3732.2,4181.6,347
2025-03-17 09:00:00,weekday,place-brntn,Braintree,Red Line,98.0,2316.0,2671.8,1416.0,360
2025-03-17 09:00:00,weekday,place-brdwy,Broadway,Red Line,96.0,3513.1,3928.7,2393.2,351
2025-03-17 09:00:00,weekday,place-cntsq,Central,Red Line,337.0,8250.8,8876.6,6683.3,361
2025-03-17 09:00:00,weekday,place-chmnl,Charles/MGH,Red Line,170.0,5543.2,6654.1,2760.4,361
2025-03-17 09:00:00,weekday,place-chncl,Chinatown,Orange Line,112.0,3955.4,4305.4,3078.5,361
2025-03-17 09:00:00,weekday,place-ccmnl,Community College,Orange Line,75.0,2457.6,3023.7,1039.7,361
2025-03-17 09:00:00,weekday,place-coecl,Copley,Green Line,210.0,7980.6,7980.3,7981.3,350
2025-03-17 09:00:00,weekday,place-crtst,Courthouse,Silver Line,31.0,2253.6,2567.2,1468.3,361
2025-03-17 09:00:00,weekday,place-davis,Davis,Red Line,291.0,4866.6,5296.7,3789.1,361
2025-03-17 09:00:00,weekday,place-dwnxg,Downtown Crossing,"Orange Line, Red Line",237.0,10888.3,12269.6,7428.3,361
2025-03-17 09:00:00,weekday,place-esomr,East Somerville,Green Line,12.5,70.5,75.8,56.8,350
2025-03-17 09:00:00,weekday,place-fldcr,Fields Corner,Red Line,96.0,2377.4,2697.5,1575.7,361
2025-03-17 09:00:00,weekday,place-forhl,Forest Hills,Orange Line,513.0,6328.0,7469.5,3468.6,361
2025-03-17 09:00:00,weekday,place-gilmn,Gilman Square,Green Line,70.83,264.1,286.5,207.2,351
2025-03-17 09:00:00,weekday,place-gover,Government Center,"Blue Line, Green Line",89.0,4821.1,5170.1,3947.0,361
2025-03-17 09:00:00,weekday,place-grnst,Green Street,Orange Line,152.0,1799.9,2077.1,1101.4,359
2025-03-17 09:00:00,weekday,place-harsq,Harvard,Red Line,435.0,10860.0,11361.2,9604.7,361
2025-03-17 09:00:00,weekday,place-haecl,Haymarket,"Green Line, Orange Line",255.0,6453.5,6748.3,5715.2,361
2025-03-17 09:00:00,weekday,place-hymnl,Hynes Convention Center,Green Line,113.0,5288.6,5220.1,5460.7,355
2025-03-17 09:00:00,weekday,place-jfk,JFK/UMass,Red Line,162.0,4084.5,4808.4,2173.9,353
2025-03-17 09:00:00,weekday,place-jaksn,Jackson Square,Orange Line,167.0,2846.1,3326.1,1631.9,360
2025-03-17 09:00:00,weekday,place-knncl,Kendall/MIT,Red Line,183.0,8412.3,9925.9,4498.5,355
2025-03-17 09:00:00,weekday,place-kencl,Kenmore,Green Line,118.0,4439.8,4535.1,4203.1,352
2025-03-17 09:00:00,weekday,place-lech,Lechmere,Green Line,45.84,245.6,265.3,196.0,359
2025-03-17 09:00:00,weekday,place-mgngl,Magoun Square,Green Line,16.67,128.3,138.1,103.5,349
2025-03-17 09:00:00,weekday,place-mlmnl,Malden Center,Orange Line,479.0,5719.4,6595.3,3525.2,361
2025-03-17 09:00:00,weekday,place-masta,Massachusetts Avenue,Orange Line,100.0,3184.2,3658.5,1996.0,361
2025-03-17 09:00:00,weekday,place-matt,Mattapan Line,Mattapan Line,4.61,2785.5,3271.4,1568.2,361
2025-03-17 09:00:00,weekday,place-mvbcl,Maverick,Blue Line,555.0,7320.1,8106.1,5351.5,361
2025-03-17 09:00:00,weekday,place-mdftf,Medford/Tufts,Green Line,33.34,181.5,203.0,127.3,349
2025-03-17 09:00:00,weekday,place-nqncy,North Quincy,Red Line,154.0,2886.8,3386.6,1634.9,361
2025-03-17 09:00:00,weekday,place-north,North Station,"Green Line, Orange Line",622.0,11662.5,13084.0,8031.2,359
2025-03-17 09:00:00,weekday,place-ogmnl,Oak Grove,Orange Line,268.0,3496.9,4070.8,2045.5,360
2025-03-17 09:00:00,weekday,place-orhte,Orient Heights,Blue Line,193.0,3047.0,3426.0,2079.0,359
2025-03-17 09:00:00,weekday,place-pktrm,Park Street,"Green Line, Red Line",123.0,8842.8,9190.0,7973.2,361
2025-03-17 09:00:00,weekday,place-portr,Porter,Red Line,246.0,4190.9,4505.7,3402.5,361
2025-03-17 09:00:00,weekday,place-prmnl,Prudential,Green Line,105.0,2182.0,2137.6,2292.7,353
2025-03-17 09:00:00,weekday,place-qamnl,Quincy Adams,Red Line,73.0,1560.4,1835.5,867.2,359
2025-03-17 09:00:00,weekday,place-qnctr,Quincy Center,Red Line,176.0,3374.7,3868.8,2094.1,352
2025-03-17 09:00:00,weekday,place-rbmnl,Revere Beach,Blue Line,166.0,2267.8,2518.2,1633.2,357
2025-03-17 09:00:00,weekday,place-river,Riverside,Green Line,42.0,899.9,901.1,896.9,360
2025-03-17 09:00:00,weekday,place-rcmnl,Roxbury Crossing,Orange Line,143.0,2916.6,3388.0,1712.4,359
2025-03-17 09:00:00,weekday,place-rugg,Ruggles,Orange Line,204.0,5463.2,6671.9,2435.5,361
2025-03-17 09:00:00,weekday,place-shmnl,Savin Hill,Red Line,76.0,1248.0,1417.1,824.3,361
2025-03-17 09:00:00,weekday,place-spmnl,Science Park,Green Line,17.0,733.3,762.6,660.0,361
2025-03-17 09:00:00,weekday,place-smmnl,Shawmut,Red Line,43.0,1085.6,1267.3,630.5,361
2025-03-17 09:00:00,weekday,place-sstat,South Station,"Red Line, Silver Line",308.0,11868.8,13721.2,7126.5,356
2025-03-17 09:00:00,weekday,place-state,State Street,"Blue Line, Orange Line",147.0,7246.9,8717.0,3578.8,360
2025-03-17 09:00:00,weekday,place-sbmnl,Stony Brook,Orange Line,173.0,1897.8,2150.5,1257.4,357
2025-03-17 09:00:00,weekday,place-sdmnl,Suffolk Downs,Blue Line,30.0,501.1,568.7,323.9,355
2025-03-17 09:00:00,weekday,place-sull,Sullivan Square,Orange Line,254.0,3949.4,4501.9,2538.3,359
2025-03-17 09:00:00,weekday,place-symcl,Symphony,Green Line,36.0,946.3,920.8,1010.2,327
2025-03-17 09:00:00,weekday,place-tumnl,Tufts Medical Center,Orange Line,169.0,3777.8,4535.5,1880.0,361
2025-03-17 09:00:00,weekday,place-unsqu,Union Square,Green Line,8.34,135.3,144.6,111.3,347
2025-03-17 09:00:00,weekday,place-welln,Wellington,Orange Line,333.0,3899.1,4551.5,2215.9,358
2025-03-17 09:00:00,weekday,place-wlsta,Wollaston,Red Line,147.0,1734.5,2020.8,1017.4,361
2025-03-17 09:00:00,weekday,place-wondl,Wonderland,Blue Line,317.0,3759.9,4264.2,2469.0,356
2025-03-17 09:00:00,weekday,place-wimnl,Wood Island,Blue Line,87.0,1318.7,1467.7,932.0,356
2025-03-17 09:00:00,weekday,place-wtcst,World Trade Center,Silver Line,19.0,1200.2,1316.5,909.0,361
2025-03-17 10:00:00,weekday,place-aport,Airport,Blue Line,201.0,6078.3,6569.2,4836.4,360
2025-03-17 10:00:00,weekday,place-alfcl,Alewife,Red Line,161.0,5780.6,6616.4,3687.0,361
2025-03-17 10:00:00,weekday,place-andrw,Andrew,Red Line,122.0,3255.3,3702.9,2134.3,361
2025-03-17 10:00:00,weekday,place-aqucl,Aquarium,Blue Line,52.0,3333.0,3432.4,3084.2,361
2025-03-17 10:00:00,weekday,place-armnl,Arlington,Green Line,91.0,3907.7,3974.4,3739.3,349
2025-03-17 10:00:00,weekday,place-asmnl,Ashmont,Red Line,38.0,3756.3,4380.3,2193.5,361
2025-03-17 10:00:00,weekday,place-astao,Assembly,Orange Line,79.0,2967.9,3119.5,2588.3,361
2025-03-17 10:00:00,weekday,place-bbsta,Back Bay,Orange Line,263.0,10028.9,11471.0,6270.6,357
2025-03-17 10:00:00,weekday,place-balsq,Ball Square,Green Line,8.34,139.3,150.9,109.9,350
2025-03-17 10:00:00,weekday,place-bmmnl,Beachmont,Blue Line,65.0,2348.0,2653.2,1560.5,358
2025-03-17 10:00:00,weekday,place-bomnl,Bowdoin,Blue Line,39.0,1406.3,1701.8,666.0,361
2025-03-17 10:00:00,weekday,place-boyls,Boylston,Green Line,101.0,3859.1,3732.2,4181.6,347
2025-03-17 10:00:00,weekday,place-brntn,Braintree,Red Line,76.0,2316.0,2671.8,1416.0,360
2025-03-17 10:00:00,weekday,place-brdwy,Broadway,Red Line,76.0,3513.1,3928.7,2393.2,351
2025-03-17 10:00:00,weekday,place-cntsq,Central,Red Line,223.0,8250.8,8876.6,6683.3,361
2025-03-17 10:00:00,weekday,place-chmnl,Charles/MGH,Red Line,159.0,5543.2,6654.1,2760.4,361
2025-03-17 10:00:00,weekday,place-chncl,Chinatown,Orange Line,118.0,3955.4,4305.4,3078.5,361
2025-03-17 10:00:00,weekday,place-ccmnl,Community College,Orange Line,48.0,2457.6,3023.7,1039.7,361
2025-03-17 10:00:00,weekday,place-coecl,Copley,Green Line,215.0,7980.6,7980.3,7981.3,350
2025-03-17 10:00:00,weekday,place-crtst,Courthouse,Silver Line,37.0,2253.6,2567.2,1468.3,361
2025-03-17 10:00:00,weekday,place-davis,Davis,Red Line,171.0,4866.6,5296.7,3789.1,361
2025-03-17 10:00:00,weekday,place-dwnxg,Downtown Crossing,"Orange Line, Red Line",273.0,10888.3,12269.6,7428.3,361
2025-03-17 10:00:00,weekday,place-esomr,East Somerville,Green Line,8.34,70.5,75.8,56.8,350
2025-03-17 10:00:00,weekday,place-fldcr,Fields Corner,Red Line,65.0,2377.4,2697.5,1575.7,361
2025-03-17 10:00:00,weekday,place-forhl,Forest Hills,Orange Line,292.0,6328.0,7469.5,3468.6,361
2025-03-17 10:00:00,weekday,place-gilmn,Gilman Square,Green Line,54.16,264.1,286.5,207.2,351
2025-03-17 10:00:00,weekday,place-gover,Government Center,"Blue Line, Green Line",132.0,4821.1,5170.1,3947.0,361
2025-03-17 10:00:00,weekday,place-grnst,Green Street,Orange Line,88.0,1799.9,2077.1,1101.4,359
2025-03-17 10:00:00,weekday,place-harsq,Harvard,Red Line,290.0,10860.0,11361.2,9604.7,361
2025-03-17 10:00:00,weekday,place-haecl,Haymarket,"Green Line, Orange Line",204.0,6453.5,6748.3,5715.2,361
2025-03-17 10:00:00,weekday,place-hymnl,Hynes Convention Center,Green Line,115.0,5288.6,5220.1,5460.7,355
2025-03-17 10:00:00,weekday,place-jfk,JFK/UMass,Red Line,124.0,4084.5,4808.4,2173.9,353
2025-03-17 10:00:00,weekday,place-jaksn,Jackson Square,Orange Line,143.0,2846.1,3326.1,1631.9,360
2025-03-17 10:00:00,weekday,place-knncl,Kendall/MIT,Red Line,153.0,8412.3,9925.9,4498.5,355
2025-03-17 10:00:00,weekday,place-kencl,Kenmore,Green Line,137.0,4439.8,4535.1,4203.1,352
2025-03-17 10:00:00,weekday,place-lech,Lechmere,Green Line,50.0,245.6,265.3,196.0,359
2025-03-17 10:00:00,weekday,place-mgngl,Magoun Square,Green Line,16.67,128.3,138.1,103.5,349
2025-03-17 10:00:00,weekday,place-mlmnl,Malden Center,Orange Line,287.0,5719.4,6595.3,3525.2,361
2025-03-17 10:00:00,weekday,place-masta,Massachusetts Avenue,Orange Line,92.0,3184.2,3658.5,1996.0,361
2025-03-17 10:00:00,weekday,place-matt,Mattapan Line,Mattapan Line,0.0,2785.5,3271.4,1568.2,361
2025-03-17 10:00:00,weekday,place-mvbcl,Maverick,Blue Line,395.0,7320.1,8106.1,5351.5,361
2025-03-17 10:00:00,weekday,place-mdftf,Medford/Tufts,Green Line,25.0,181.5,203.0,127.3,349
2025-03-17 10:00:00,weekday,place-nqncy,North Quincy,Red Line,111.0,2886.8,3386.6,1634.9,361
2025-03-17 10:00:00,weekday,place-north,North Station,"Green Line, Orange Line",382.0,11662.5,13084.0,8031.2,359
2025-03-17 10:00:00,weekday,place-ogmnl,Oak Grove,Orange Line,126.0,3496.9,4070.8,2045.5,360
2025-03-17 10:00:00,weekday,place-orhte,Orient Heights,Blue Line,153.0,3047.0,3426.0,2079.0,359
2025-03-17 10:00:00,weekday,place-pktrm,Park Street,"Green Line, Red Line",113.0,8842.8,9190.0,7973.2,361
2025-03-17 10:00:00,weekday,place-portr,Porter,Red Line,151.0,4190.9,4505.7,3402.5,361
2025-03-17 10:00:00,weekday,place-prmnl,Prudential,Green Line,92.0,2182.0,2137.6,2292.7,353
2025-03-17 10:00:00,weekday,place-qamnl,Quincy Adams,Red Line,41.0,1560.4,1835.5,867.2,359
2025-03-17 10:00:00,weekday,place-qnctr,Quincy Center,Red Line,107.0,3374.7,3868.8,2094.1,352
2025-03-17 10:00:00,weekday,place-rbmnl,Revere Beach,Blue Line,106.0,2267.8,2518.2,1633.2,357
2025-03-17 10:00:00,weekday,place-river,Riverside,Green Line,33.0,899.9,901.1,896.9,360
2025-03-17 10:00:00,weekday,place-rcmnl,Roxbury Crossing,Orange Line,111.0,2916.6,3388.0,1712.4,359
2025-03-17 10:00:00,weekday,place-rugg,Ruggles,Orange Line,198.0,5463.2,6671.9,2435.5,361
2025-03-17 10:00:00,weekday,place-shmnl,Savin Hill,Red Line,53.0,1248.0,1417.1,824.3,361
2025-03-17 10:00:00,weekday,place-spmnl,Science Park,Green Line,29.0,733.3,762.6,660.0,361
2025-03-17 10:00:00,weekday,place-smmnl,Shawmut,Red Line,27.0,1085.6,1267.3,630.5,361
2025-03-17 10:00:00,weekday,place-sstat,South Station,"Red Line, Silver Line",172.0,11868.8,13721.2,7126.5,356
2025-03-17 10:00:00,weekday,place-state,State Street,"Blue Line, Orange Line",124.0,7246.9,8717.0,3578.8,360
2025-03-17 10:00:00,weekday,place-sbmnl,Stony Brook,Orange Line,81.0,1897.8,2150.5,1257.4,357
2025-03-17 10:00:00,weekday,place-sdmnl,Suffolk Downs,Blue Line,27.0,501.1,568.7,323.9,355
2025-03-17 10:00:00,weekday,place-sull,Sullivan Square,Orange Line,140.0,3949.4,4501.9,2538.3,359
2025-03-17 10:00:00,weekday,place-symcl,Symphony,Green Line,35.0,946.3,920.8,1010.2,327
2025-03-17 10:00:00,weekday,place-tumnl,Tufts Medical Center,Orange Line,126.0,3777.8,4535.5,1880.0,361
2025-03-17 10:00:00,weekday,place-unsqu,Union Square,Green Line,29.16,135.3,144.6,111.3,347
2025-03-17 10:00:00,weekday,place-welln,Wellington,Orange Line,180.0,3899.1,4551.5,2215.9,358
2025-03-17 10:00:00,weekday,place-wlsta,Wollaston,Red Line,108.0,1734.5,2020.8,1017.4,361
2025-03-17 10:00:00,weekday,place-wondl,Wonderland,Blue Line,191.0,3759.9,4264.2,2469.0,356
2025-03-17 10:00:00,weekday,place-wimnl,Wood Island,Blue Line,59.0,1318.7,1467.7,932.0,356
2025-03-17 10:00:00,weekday,place-wtcst,World Trade Center,Silver Line,13.0,1200.2,1316.5,909.0,361
2025-03-17 11:00:00,weekday,place-aport,Airport,Blue Line,198.0,6078.3,6569.2,4836.4,360
2025-03-17 11:00:00,weekday,place-alfcl,Alewife,Red Line,167.0,5780.6,6616.4,3687.0,361
2025-03-17 11:00:00,weekday,place-andrw,Andrew,Red Line,121.0,3255.3,3702.9,2134.3,361
2025-03-17 11:00:00,weekday,place-aqucl,Aquarium,Blue Line,60.0,3333.0,3432.4,3084.2,361
2025-03-17 11:00:00,weekday,place-armnl,Arlington,Green Line,98.0,3907.7,3974.4,3739.3,349
2025-03-17 11:00:00,weekday,place-asmnl,Ashmont,Red Line,42.0,3756.3,4380.3,2193.5,361
2025-03-17 11:00:00,weekday,place-astao,Assembly,Orange Line,71.0,2967.9,3119.5,2588.3,361
2025-03-17 11:00:00,weekday,place-bbsta,Back Bay,Orange Line,282.0,10028.9,11471.0,6270.6,357
2025-03-17 11:00:00,weekday,place-balsq,Ball Square,Green Line,12.5,139.3,150.9,109.9,350
2025-03-17 11:00:00,weekday,place-bmmnl,Beachmont,Blue Line,62.0,2348.0,2653.2,1560.5,358
2025-03-17 11:00:00,weekday,place-bomnl,Bowdoin,Blue Line,31.0,1406.3,1701.8,666.0,361
2025-03-17 11:00:00,weekday,place-boyls,Boylston,Green Line,89.0,3859.1,3732.2,4181.6,347
2025-03-17 11:00:00,weekday,place-brntn,Braintree,Red Line,57.0,2316.0,2671.8,1416.0,360
2025-03-17 11:00:00,weekday,place-brdwy,Broadway,Red Line,51.0,3513.1,3928.7,2393.2,351
2025-03-17 11:00:00,weekday,place-cntsq,Central,Red Line,209.0,8250.8,8876.6,6683.3,361
2025-03-17 11:00:00,weekday,place-chmnl,Charles/MGH,Red Line,174.0,5543.2,6654.1,2760.4,361
2025-03-17 11:00:00,weekday,place-chncl,Chinatown,Orange Line,152.0,3955.4,4305.4,3078.5,361
2025-03-17 11:00:00,weekday,place-ccmnl,Community College,Orange Line,55.0,2457.6,3023.7,1039.7,361
2025-03-17 11:00:00,weekday,place-coecl,Copley,Green Line,246.0,7980.6,7980.3,7981.3,350
2025-03-17 11:00:00,weekday,place-crtst,Courthouse,Silver Line,29.0,2253.6,2567.2,1468.3,361
2025-03-17 11:00:00,weekday,place-davis,Davis,Red Line,147.0,4866.6,5296.7,3789.1,361
2025-03-17 11:00:00,weekday,place-dwnxg,Downtown Crossing,"Orange Line, Red Line",336.0,10888.3,12269.6,7428.3,361
2025-03-17 11:00:00,weekday,place-esomr,East Somerville,Green Line,4.17,70.5,75.8,56.8,350
2025-03-17 11:00:00,weekday,place-fldcr,Fields Corner,Red Line,73.0,2377.4,2697.5,1575.7,361
2025-03-17 11:00:00,weekday,place-forhl,Forest Hills,Orange Line,243.0,6328.0,7469.5,3468.6,361
2025-03-17 11:00:00,weekday,place-gilmn,Gilman Square,Green Line,4.17,264.1,286.5,207.2,351
2025-03-17 11:00:00,weekday,place-gover,Government Center,"Blue Line, Green Line",174.0,4821.1,5170.1,3947.0,361
2025-03-17 11:00:00,weekday,place-grnst,Green Street,Orange Line,73.0,1799.9,2077.1,1101.4,359
2025-03-17 11:00:00,weekday,place-harsq,Harvard,Red Line,313.0,10860.0,11361.2,9604.7,361
2025-03-17 11:00:00,weekday,place-haecl,Haymarket,"Green Line, Orange Line",207.0,6453.5,6748.3,5715.2,361
2025-03-17 11:00:00,weekday,place-hymnl,Hynes Convention Center,Green Line,132.0,5288.6,5220.1,5460.7,355
2025-03-17 11:00:00,weekday,place-jfk,JFK/UMass,Red Line,116.0,4084.5,4808.4,2173.9,353
2025-03-17 11:00:00,weekday,place-jaksn,Jackson Square,Orange Line,104.0,2846.1,3326.1,1631.9,360
2025-03-17 11:00:00,weekday,place-knncl,Kendall/MIT,Red Line,164.0,8412.3,9925.9,4498.5,355
2025-03-17 11:00:00,weekday,place-kencl,Kenmore,Green Line,151.0,4439.8,4535.1,4203.1,352
2025-03-17 11:00:00,weekday,place-lech,Lechmere,Green Line,4.17,245.6,265.3,196.0,359
2025-03-17 11:00:00,weekday,place-mgngl,Magoun Square,Green Line,16.67,128.3,138.1,103.5,349
2025-03-17 11:00:00,weekday,place-mlmnl,Malden Center,Orange Line,243.0,5719.4,6595.3,3525.2,361
2025-03-17 11:00:00,weekday,place-masta,Massachusetts Avenue,Orange Line,104.0,3184.2,3658.5,1996.0,361
2025-03-17 11:00:00,weekday,place-mvbcl,Maverick,Blue Line,364.0,7320.1,8106.1,5351.5,361
2025-03-17 11:00:00,weekday,place-mdftf,Medford/Tufts,Green Line,29.17,181.5,203.0,127.3,349
2025-03-17 11:00:00,weekday,place-nqncy,North Quincy,Red Line,73.0,2886.8,3386.6,1634.9,361
2025-03-17 11:00:00,weekday,place-north,North Station,"Green Line, Orange Line",426.0,11662.5,13084.0,8031.2,359
2025-03-17 11:00:00,weekday,place-ogmnl,Oak Grove,Orange Line,98.0,3496.9,4070.8,2045.5,360
2025-03-17 11:00:00,weekday,place-orhte,Orient Heights,Blue Line,133.0,3047.0,3426.0,2079.0,359
2025-03-17 11:00:00,weekday,place-pktrm,Park Street,"Green Line, Red Line",153.0,8842.8,9190.0,7973.2,361
2025-03-17 11:00:00,weekday,place-portr,Porter,Red Line,93.0,4190.9,4505.7,3402.5,361
2025-03-17 11:00:00,weekday,place-prmnl,Prudential,Green Line,84.0,2182.0,2137.6,2292.7,353
2025-03-17 11:00:00,weekday,place-qamnl,Quincy Adams,Red Line,40.0,1560.4,1835.5,867.2,359
2025-03-17 11:00:00,weekday,place-qnctr,Quincy Center,Red Line,113.0,3374.7,3868.8,2094.1,352
2025-03-17 11:00:00,weekday,place-rbmnl,Revere Beach,Blue Line,90.0,2267.8,2518.2,1633.2,357
2025-03-17 11:00:00,weekday,place-river,Riverside,Green Line,21.0,899.9,901.1,896.9,360
2025-03-17 11:00:00,weekday,place-rcmnl,Roxbury Crossing,Orange Line,122.0,2916.6,3388.0,1712.4,359
2025-03-17 11:00:00,weekday,place-rugg,Ruggles,Orange Line,223.0,5463.2,6671.9,2435.5,361
2025-03-17 11:00:00,weekday,place-shmnl,Savin Hill,Red Line,43.0,1248.0,1417.1,824.3,361
2025-03-17 11:00:00,weekday,place-spmnl,Science Park,Green Line,11.0,733.3,762.6,660.0,361
2025-03-17 11:00:00,weekday,place-smmnl,Shawmut,Red Line,22.0,1085.6,1267.3,630.5,361
2025-03-17 11:00:00,weekday,place-sstat,South Station,"Red Line, Silver Line",155.0,11868.8,13721.2,7126.5,356
2025-03-17 11:00:00,weekday,place-state,State Street,"Blue Line, Orange Line",207.0,7246.9,8717.0,3578.8,360
2025-03-17 11:00:00,weekday,place-sbmnl,Stony Brook,Orange Line,87.0,1897.8,2150.5,1257.4,357
2025-03-17 11:00:00,weekday,place-sdmnl,Suffolk Downs,Blue Line,10.0,501.1,568.7,323.9,355
2025-03-17 11:00:00,weekday,place-sull,Sullivan Square,Orange Line,149.0,3949.4,4501.9,2538.3,359
2025-03-17 11:00:00,weekday,place-symcl,Symphony,Green Line,20.0,946.3,920.8,1010.2,327
2025-03-17 11:00:00,weekday,place-tumnl,Tufts Medical Center,Orange Line,142.0,3777.8,4535.5,1880.0,361
2025-03-17 11:00:00,weekday,place-unsqu,Union Square,Green Line,20.84,135.3,144.6,111.3,347
2025-03-17 11:00:00,weekday,place-welln,Wellington,Orange Line,155.0,3899.1,4551.5,2215.9,358
2025-03-17 11:00:00,weekday,place-wlsta,Wollaston,Red Line,52.0,1734.5,2020.8,1017.4,361
2025-03-17 11:00:00,weekday,place-wondl,Wonderland,Blue Line,154.0,3759.9,4264.2,2469.0,356
2025-03-17 11:00:00,weekday,place-wimnl,Wood Island,Blue Line,72.0,1318.7,1467.7,932.0,356
2025-03-17 11:00:00,weekday,place-wtcst,World Trade Center,Silver Line,10.0,1200.2,1316.5,909.0,361
2025-03-17 12:00:00,weekday,place-aport,Airport,Blue Line,200.0,6078.3,6569.2,4836.4,360
2025-03-17 12:00:00,weekday,place-alfcl,Alewife,Red Line,134.0,5780.6,6616.4,3687.0,361
2025-03-17 12:00:00,weekday,place-andrw,Andrew,Red Line,125.0,3255.3,3702.9,2134.3,361
2025-03-17 12:00:00,weekday,place-aqucl,Aquarium,Blue Line,104.0,3333.0,3432.4,3084.2,361
2025-03-17 12:00:00,weekday,place-armnl,Arlington,Green Line,50.0,3907.7,3974.4,3739.3,349
2025-03-17 12:00:00,weekday,place-asmnl,Ashmont,Red Line,38.0,3756.3,4380.3,2193.5,361
2025-03-17 12:00:00,weekday,place-astao,Assembly,Orange Line,82.0,2967.9,3119.5,2588.3,361
2025-03-17 12:00:00,weekday,place-bbsta,Back Bay,Orange Line,329.0,10028.9,11471.0,6270.6,357
2025-03-17 12:00:00,weekday,place-balsq,Ball Square,Green Line,8.33,139.3,150.9,109.9,350
2025-03-17 12:00:00,weekday,place-bmmnl,Beachmont,Blue Line,56.0,2348.0,2653.2,1560.5,358
2025-03-17 12:00:00,weekday,place-bomnl,Bowdoin,Blue Line,48.0,1406.3,1701.8,666.0,361
2025-03-17 12:00:00,weekday,place-boyls,Boylston,Green Line,79.0,3859.1,3732.2,4181.6,347
2025-03-17 12:00:00,weekday,place-brntn,Braintree,Red Line,47.0,2316.0,2671.8,1416.0,360
2025-03-17 12:00:00,weekday,place-brdwy,Broadway,Red Line,57.0,3513.1,3928.7,2393.2,351
2025-03-17 12:00:00,weekday,place-cntsq,Central,Red Line,272.0,8250.8,8876.6,6683.3,361
2025-03-17 12:00:00,weekday,place-chmnl,Charles/MGH,Red Line,188.0,5543.2,6654.1,2760.4,361
2025-03-17 12:00:00,weekday,place-chncl,Chinatown,Orange Line,148.0,3955.4,4305.4,3078.5,361
2025-03-17 12:00:00,weekday,place-ccmnl,Community College,Orange Line,61.0,2457.6,3023.7,1039.7,361
2025-03-17 12:00:00,weekday,place-coecl,Copley,Green Line,318.0,7980.6,7980.3,7981.3,350
2025-03-17 12:00:00,weekday,place-crtst,Courthouse,Silver Line,38.0,2253.6,2567.2,1468.3,361
2025-03-17 12:00:00,weekday,place-davis,Davis,Red Line,145.0,4866.6,5296.7,3789.1,361
2025-03-17 12:00:00,weekday,place-dwnxg,Downtown Crossing,"Orange Line, Red Line",408.0,10888.3,12269.6,7428.3,361
2025-03-17 12:00:00,weekday,place-esomr,East Somerville,Green Line,8.33,70.5,75.8,56.8,350
2025-03-17 12:00:00,weekday,place-fldcr,Fields Corner,Red Line,83.0,2377.4,2697.5,1575.7,361
2025-03-17 12:00:00,weekday,place-forhl,Forest Hills,Orange Line,235.0,6328.0,7469.5,3468.6,361
2025-03-17 12:00:00,weekday,place-gilmn,Gilman Square,Green Line,37.5,264.1,286.5,207.2,351
2025-03-17 12:00:00,weekday,place-gover,Government Center,"Blue Line, Green Line",168.0,4821.1,5170.1,3947.0,361
2025-03-17 12:00:00,weekday,place-grnst,Green Street,Orange Line,76.0,1799.9,2077.1,1101.4,359
2025-03-17 12:00:00,weekday,place-harsq,Harvard,Red Line,330.0,10860.0,11361.2,9604.7,361
2025-03-17 12:00:00,weekday,place-haecl,Haymarket,"Green Line, Orange Line",229.0,6453.5,6748.3,5715.2,361
2025-03-17 12:00:00,weekday,place-hymnl,Hynes Convention Center,Green Line,168.0,5288.6,5220.1,5460.7,355
2025-03-17 12:00:00,weekday,place-jfk,JFK/UMass,Red Line,119.0,4084.5,4808.4,2173.9,353
2025-03-17 12:00:00,weekday,place-jaksn,Jackson Square,Orange Line,125.0,2846.1,3326.1,1631.9,360
2025-03-17 12:00:00,weekday,place-knncl,Kendall/MIT,Red Line,246.0,8412.3,9925.9,4498.5,355
2025-03-17 12:00:00,weekday,place-kencl,Kenmore,Green Line,158.0,4439.8,4535.1,4203.1,352
2025-03-17 12:00:00,weekday,place-lech,Lechmere,Green Line,33.34,245.6,265.3,196.0,359
2025-03-17 12:00:00,weekday,place-mgngl,Magoun Square,Green Line,25.0,128.3,138.1,103.5,349
2025-03-17 12:00:00,weekday,place-mlmnl,Malden Center,Orange Line,282.0,5719.4,6595.3,3525.2,361
2025-03-17 12:00:00,weekday,place-masta,Massachusetts Avenue,Orange Line,119.0,3184.2,3658.5,1996.0,361
2025-03-17 12:00:00,weekday,place-mvbcl,Maverick,Blue Line,386.0,7320.1,8106.1,5351.5,361
2025-03-17 12:00:00,weekday,place-mdftf,Medford/Tufts,Green Line,8.34,181.5,203.0,127.3,349
2025-03-17 12:00:00,weekday,place-nqncy,North Quincy,Red Line,112.0,2886.8,3386.6,1634.9,361
2025-03-17 12:00:00,weekday,place-north,North Station,"Green Line, Orange Line",329.0,11662.5,13084.0,8031.2,359
2025-03-17 12:00:00,weekday,place-ogmnl,Oak Grove,Orange Line,95.0,3496.9,4070.8,2045.5,360
2025-03-17 12:00:00,weekday,place-orhte,Orient Heights,Blue Line,113.0,3047.0,3426.0,2079.0,359
2025-03-17 12:00:00,weekday,place-pktrm,Park Street,"Green Line, Red Line",204.0,8842.8,9190.0,7973.2,361
2025-03-17 12:00:00,weekday,place-portr,Porter,Red Line,136.0,4190.9,4505.7,3402.5,361
2025-03-17 12:00:00,weekday,place-prmnl,Prudential,Green Line,86.0,2182.0,2137.6,2292.7,353
2025-03-17 12:00:00,weekday,place-qamnl,Quincy Adams,Red Line,27.0,1560.4,1835.5,867.2,359
2025-03-17 12:00:00,weekday,place-qnctr,Quincy Center,Red Line,144.0,3374.7,3868.8,2094.1,352
2025-03-17 12:00:00,weekday,place-rbmnl,Revere Beach,Blue Line,95.0,2267.8,2518.2,1633.2,357
2025-03-17 12:00:00,weekday,place-river,Riverside,Green Line,15.0,899.9,901.1,896.9,360
2025-03-17 12:00:00,weekday,place-rcmnl,Roxbury Crossing,Orange Line,116.0,2916.6,3388.0,1712.4,359
2025-03-17 12:00:00,weekday,place-rugg,Ruggles,Orange Line,222.0,5463.2,6671.9,2435.5,361
2025-03-17 12:00:00,weekday,place-shmnl,Savin Hill,Red Line,43.0,1248.0,1417.1,824.3,361
2025-03-17 12:00:00,weekday,place-spmnl,Science Park,Green Line,41.0,733.3,762.6,660.0,361
2025-03-17 12:00:00,weekday,place-smmnl,Shawmut,Red Line,26.0,1085.6,1267.3,630.5,361
2025-03-17 12:00:00,weekday,place-sstat,South Station,"Red Line, Silver Line",193.0,11868.8,13721.2,7126.5,356
2025-03-17 12:00:00,weekday,place-state,State Street,"Blue Line, Orange Line",267.0,7246.9,8717.0,3578.8,360
2025-03-17 12:00:00,weekday,place-sbmnl,Stony Brook,Orange Line,84.0,1897.8,2150.5,1257.4,357
2025-03-17 12:00:00,weekday,place-sdmnl,Suffolk Downs,Blue Line,20.0,501.1,568.7,323.9,355
2025-03-17 12:00:00,weekday,place-sull,Sullivan Square,Orange Line,153.0,3949.4,4501.9,2538.3,359
2025-03-17 12:00:00,weekday,place-symcl,Symphony,Green Line,27.0,946.3,920.8,1010.2,327
2025-03-17 12:00:00,weekday,place-tumnl,Tufts Medical Center,Orange Line,174.0,3777.8,4535.5,1880.0,361
2025-03-17 12:00:00,weekday,place-unsqu,Union Square,Green Line,20.83,135.3,144.6,111.3,347
2025-03-17 12:00:00,weekday,place-welln,Wellington,Orange Line,134.0,3899.1,4551.5,2215.9,358
2025-03-17 12:00:00,weekday,place-wlsta,Wollaston,Red Line,67.0,1734.5,2020.8,1017.4,361
2025-03-17 12:00:00,weekday,place-wondl,Wonderland,Blue Line,147.0,3759.9,4264.2,2469.0,356
2025-03-17 12:00:00,weekday,place-wimnl,Wood Island,Blue Line,34.0,1318.7,1467.7,932.0,356
2025-03-17 12:00:00,weekday,place-wtcst,World Trade Center,Silver Line,30.0,1200.2,1316.5,909.0,361
2025-03-17 13:00:00,weekday,place-aport,Airport,Blue Line,195.0,6078.3,6569.2,4836.4,360
2025-03-17 13:00:00,weekday,place-alfcl,Alewife,Red Line,130.0,5780.6,6616.4,3687.0,361
2025-03-17 13:00:00,weekday,place-andrw,Andrew,Red Line,76.0,3255.3,3702.9,2134.3,361
2025-03-17 13:00:00,weekday,place-aqucl,Aquarium,Blue Line,110.0,3333.0,3432.4,3084.2,361
2025-03-17 13:00:00,weekday,place-armnl,Arlington,Green Line,71.0,3907.7,3974.4,3739.3,349
2025-03-17 13:00:00,weekday,place-asmnl,Ashmont,Red Line,40.0,3756.3,4380.3,2193.5,361
2025-03-17 13:00:00,weekday,place-astao,Assembly,Orange Line,88.0,2967.9,3119.5,2588.3,361
2025-03-17 13:00:00,weekday,place-bbsta,Back Bay,Orange Line,382.0,10028.9,11471.0,6270.6,357
2025-03-17 13:00:00,weekday,place-balsq,Ball Square,Green Line,8.33,139.3,150.9,109.9,350
2025-03-17 13:00:00,weekday,place-bmmnl,Beachmont,Blue Line,81.0,2348.0,2653.2,1560.5,358
2025-03-17 13:00:00,weekday,place-bomnl,Bowdoin,Blue Line,54.0,1406.3,1701.8,666.0,361
2025-03-17 13:00:00,weekday,place-boyls,Boylston,Green Line,105.0,3859.1,3732.2,4181.6,347
2025-03-17 13:00:00,weekday,place-brntn,Braintree,Red Line,47.0,2316.0,2671.8,1416.0,360
2025-03-17 13:00:00,weekday,place-brdwy,Broadway,Red Line,79.0,3513.1,3928.7,2393.2,351
2025-03-17 13:00:00,weekday,place-cntsq,Central,Red Line,293.0,8250.8,8876.6,6683.3,361
2025-03-17 13:00:00,weekday,place-chmnl,Charles/MGH,Red Line,167.0,5543.2,6654.1,2760.4,361
2025-03-17 13:00:00,weekday,place-chncl,Chinatown,Orange Line,203.0,3955.4,4305.4,3078.5,361
2025-03-17 13:00:00,weekday,place-ccmnl,Community College,Orange Line,87.0,2457.6,3023.7,1039.7,361
2025-03-17 13:00:00,weekday,place-coecl,Copley,Green Line,344.0,7980.6,7980.3,7981.3,350
2025-03-17 13:00:00,weekday,place-crtst,Courthouse,Silver Line,46.0,2253.6,2567.2,1468.3,361
2025-03-17 13:00:00,weekday,place-davis,Davis,Red Line,111.0,4866.6,5296.7,3789.1,361
2025-03-17 13:00:00,weekday,place-dwnxg,Downtown Crossing,"Orange Line, Red Line",501.0,10888.3,12269.6,7428.3,361
2025-03-17 13:00:00,weekday,place-esomr,East Somerville,Green Line,8.33,70.5,75.8,56.8,350
2025-03-17 13:00:00,weekday,place-fldcr,Fields Corner,Red Line,86.0,2377.4,2697.5,1575.7,361
2025-03-17 13:00:00,weekday,place-forhl,Forest Hills,Orange Line,294.0,6328.0,7469.5,3468.6,361
2025-03-17 13:00:00,weekday,place-gilmn,Gilman Square,Green Line,29.17,264.1,286.5,207.2,351
2025-03-17 13:00:00,weekday,place-gover,Government Center,"Blue Line, Green Line",229.0,4821.1,5170.1,3947.0,361
2025-03-17 13:00:00,weekday,place-grnst,Green Street,Orange Line,69.0,1799.9,2077.1,1101.4,359
2025-03-17 13:00:00,weekday,place-harsq,Harvard,Red Line,470.0,10860.0,11361.2,9604.7,361
2025-03-17 13:00:00,weekday,place-haecl,Haymarket,"Green Line, Orange Line",289.0,6453.5,6748.3,5715.2,361
2025-03-17 13:00:00,weekday,place-hymnl,Hynes Convention Center,Green Line,158.0,5288.6,5220.1,5460.7,355
2025-03-17 13:00:00,weekday,place-jfk,JFK/UMass,Red Line,165.0,4084.5,4808.4,2173.9,353
2025-03-17 13:00:00,weekday,place-jaksn,Jackson Square,Orange Line,135.0,2846.1,3326.1,1631.9,360
2025-03-17 13:00:00,weekday,place-knncl,Kendall/MIT,Red Line,254.0,8412.3,9925.9,4498.5,355
2025-03-17 13:00:00,weekday,place-kencl,Kenmore,Green Line,170.0,4439.8,4535.1,4203.1,352
2025-03-17 13:00:00,weekday,place-lech,Lechmere,Green Line,37.5,245.6,265.3,196.0,359
2025-03-17 13:00:00,weekday,place-mgngl,Magoun Square,Green Line,12.5,128.3,138.1,103.5,349
2025-03-17 13:00:00,weekday,place-mlmnl,Malden Center,Orange Line,284.0,5719.4,6595.3,3525.2,361
2025-03-17 13:00:00,weekday,place-masta,Massachusetts Avenue,Orange Line,134.0,3184.2,3658.5,1996.0,361
2025-03-17 13:00:00,weekday,place-matt,Mattapan Line,Mattapan Line,4.61,2785.5,3271.4,1568.2,361
2025-03-17 13:00:00,weekday,place-mvbcl,Maverick,Blue Line,405.0,7320.1,8106.1,5351.5,361
2025-03-17 13:00:00,weekday,place-mdftf,Medford/Tufts,Green Line,37.5,181.5,203.0,127.3,349
2025-03-17 13:00:00,weekday,place-nqncy,North Quincy,Red Line,82.0,2886.8,3386.6,1634.9,361
2025-03-17 13:00:00,weekday,place-north,North Station,"Green Line, Orange Line",354.0,11662.5,13084.0,8031.2,359
2025-03-17 13:00:00,weekday,place-ogmnl,Oak Grove,Orange Line,87.0,3496.9,4070.8,2045.5,360
2025-03-17 13:00:00,weekday,place-orhte,Orient Heights,Blue Line,155.0,3047.0,3426.0,2079.0,359
2025-03-17 13:00:00,weekday,place-pktrm,Park Street,"Green Line, Red Line",279.0,8842.8,9190.0,7973.2,361
2025-03-17 13:00:00,weekday,place-portr,Porter,Red Line,145.0,4190.9,4505.7,3402.5,361
2025-03-17 13:00:00,weekday,place-prmnl,Prudential,Green Line,92.0,2182.0,2137.6,2292.7,353
2025-03-17 13:00:00,weekday,place-qamnl,Quincy Adams,Red Line,30.0,1560.4,1835.5,867.2,359
2025-03-17 13:00:00,weekday,place-qnctr,Quincy Center,Red Line,137.0,3374.7,3868.8,2094.1,352
2025-03-17 13:00:00,weekday,place-rbmnl,Revere Beach,Blue Line,117.0,2267.8,2518.2,1633.2,357
2025-03-17 13:00:00,weekday,place-river,Riverside,Green Line,20.0,899.9,901.1,896.9,360
2025-03-17 13:00:00,weekday,place-rcmnl,Roxbury Crossing,Orange Line,228.0,2916.6,3388.0,1712.4,359
2025-03-17 13:00:00,weekday,place-rugg,Ruggles,Orange Line,325.0,5463.2,6671.9,2435.5,361
2025-03-17 13:00:00,weekday,place-shmnl,Savin Hill,Red Line,57.0,1248.0,1417.1,824.3,361
2025-03-17 13:00:00,weekday,place-spmnl,Science Park,Green Line,42.0,733.3,762.6,660.0,361
2025-03-17 13:00:00,weekday,place-smmnl,Shawmut,Red Line,29.0,1085.6,1267.3,630.5,361
2025-03-17 13:00:00,weekday,place-sstat,South Station,"Red Line, Silver Line",239.0,11868.8,13721.2,7126.5,356
2025-03-17 13:00:00,weekday,place-state,State Street,"Blue Line, Orange Line",301.0,7246.9,8717.0,3578.8,360
2025-03-17 13:00:00,weekday,place-sbmnl,Stony Brook,Orange Line,84.0,1897.8,2150.5,1257.4,357
2025-03-17 13:00:00,weekday,place-sdmnl,Suffolk Downs,Blue Line,15.0,501.1,568.7,323.9,355
2025-03-17 13:00:00,weekday,place-sull,Sullivan Square,Orange Line,182.0,3949.4,4501.9,2538.3,359
2025-03-17 13:00:00,weekday,place-symcl,Symphony,Green Line,48.0,946.3,920.8,1010.2,327
2025-03-17 13:00:00,weekday,place-tumnl,Tufts Medical Center,Orange Line,150.0,3777.8,4535.5,1880.0,361
2025-03-17 13:00:00,weekday,place-unsqu,Union Square,Green Line,20.83,135.3,144.6,111.3,347
2025-03-17 13:00:00,weekday,place-welln,Wellington,Orange Line,138.0,3899.1,4551.5,2215.9,358
2025-03-17 13:00:00,weekday,place-wlsta,Wollaston,Red Line,62.0,1734.5,2020.8,1017.4,361
2025-03-17 13:00:00,weekday,place-wondl,Wonderland,Blue Line,160.0,3759.9,4264.2,2469.0,356
2025-03-17 13:00:00,weekday,place-wimnl,Wood Island,Blue Line,64.0,1318.7,1467.7,932.0,356
2025-03-17 13:00:00,weekday,place-wtcst,World Trade Center,Silver Line,31.0,1200.2,1316.5,909.0,361
2025-03-17 14:00:00,weekday,place-aport,Airport,Blue Line,277.0,6078.3,6569.2,4836.4,360
2025-03-17 14:00:00,weekday,place-alfcl,Alewife,Red Line,100.0,5780.6,6616.4,3687.0,361
2025-03-17 14:00:00,weekday,place-andrw,Andrew,Red Line,120.0,3255.3,3702.9,2134.3,361
2025-03-17 14:00:00,weekday,place-aqucl,Aquarium,Blue Line,193.0,3333.0,3432.4,3084.2,361
2025-03-17 14:00:00,weekday,place-armnl,Arlington,Green Line,214.0,3907.7,3974.4,3739.3,349
2025-03-17 14:00:00,weekday,place-asmnl,Ashmont,Red Line,31.0,3756.3,4380.3,2193.5,361
2025-03-17 14:00:00,weekday,place-astao,Assembly,Orange Line,108.0,2967.9,3119.5,2588.3,361
2025-03-17 14:00:00,weekday,place-bbsta,Back Bay,Orange Line,589.0,10028.9,11471.0,6270.6,357
2025-03-17 14:00:00,weekday,place-balsq,Ball Square,Green Line,12.5,139.3,150.9,109.9,350
2025-03-17 14:00:00,weekday,place-bmmnl,Beachmont,Blue Line,116.0,2348.0,2653.2,1560.5,358
2025-03-17 14:00:00,weekday,place-bomnl,Bowdoin,Blue Line,100.0,1406.3,1701.8,666.0,361
2025-03-17 14:00:00,weekday,place-boyls,Boylston,Green Line,101.0,3859.1,3732.2,4181.6,347
2025-03-17 14:00:00,weekday,place-brntn,Braintree,Red Line,63.0,2316.0,2671.8,1416.0,360
2025-03-17 14:00:00,weekday,place-brdwy,Broadway,Red Line,131.0,3513.1,3928.7,2393.2,351
2025-03-17 14:00:00,weekday,place-cntsq,Central,Red Line,364.0,8250.8,8876.6,6683.3,361
2025-03-17 14:00:00,weekday,place-chmnl,Charles/MGH,Red Line,325.0,5543.2,6654.1,2760.4,361
2025-03-17 14:00:00,weekday,place-chncl,Chinatown,Orange Line,231.0,3955.4,4305.4,3078.5,361
2025-03-17 14:00:00,weekday,place-ccmnl,Community College,Orange Line,194.0,2457.6,3023.7,1039.7,361
2025-03-17 14:00:00,weekday,place-coecl,Copley,Green Line,407.0,7980.6,7980.3,7981.3,350
2025-03-17 14:00:00,weekday,place-crtst,Courthouse,Silver Line,89.0,2253.6,2567.2,1468.3,361
2025-03-17 14:00:00,weekday,place-davis,Davis,Red Line,136.0,4866.6,5296.7,3789.1,361
2025-03-17 14:00:00,weekday,place-dwnxg,Downtown Crossing,"Orange Line, Red Line",672.0,10888.3,12269.6,7428.3,361
2025-03-17 14:00:00,weekday,place-esomr,East Somerville,Green Line,4.17,70.5,75.8,56.8,350
2025-03-17 14:00:00,weekday,place-fldcr,Fields Corner,Red Line,101.0,2377.4,2697.5,1575.7,361
2025-03-17 14:00:00,weekday,place-forhl,Forest Hills,Orange Line,308.0,6328.0,7469.5,3468.6,361
2025-03-17 14:00:00,weekday,place-gilmn,Gilman Square,Green Line,29.17,264.1,286.5,207.2,351
2025-03-17 14:00:00,weekday,place-gover,Government Center,"Blue Line, Green Line",340.0,4821.1,5170.1,3947.0,361
2025-03-17 14:00:00,weekday,place-grnst,Green Street,Orange Line,147.0,1799.9,2077.1,1101.4,359
2025-03-17 14:00:00,weekday,place-harsq,Harvard,Red Line,566.0,10860.0,11361.2,9604.7,361
2025-03-17 14:00:00,weekday,place-haecl,Haymarket,"Green Line, Orange Line",326.0,6453.5,6748.3,5715.2,361
2025-03-17 14:00:00,weekday,place-hymnl,Hynes Convention Center,Green Line,181.0,5288.6,5220.1,5460.7,355
2025-03-17 14:00:00,weekday,place-jfk,JFK/UMass,Red Line,259.0,4084.5,4808.4,2173.9,353
2025-03-17 14:00:00,weekday,place-jaksn,Jackson Square,Orange Line,159.0,2846.1,3326.1,1631.9,360
2025-03-17 14:00:00,weekday,place-knncl,Kendall/MIT,Red Line,490.0,8412.3,9925.9,4498.5,355
2025-03-17 14:00:00,weekday,place-kencl,Kenmore,Green Line,226.0,4439.8,4535.1,4203.1,352
2025-03-17 14:00:00,weekday,place-lech,Lechmere,Green Line,16.66,245.6,265.3,196.0,359
2025-03-17 14:00:00,weekday,place-mlmnl,Malden Center,Orange Line,303.0,5719.4,6595.3,3525.2,361
2025-03-17 14:00:00,weekday,place-masta,Massachusetts Avenue,Orange Line,165.0,3184.2,3658.5,1996.0,361
2025-03-17 14:00:00,weekday,place-matt,Mattapan Line,Mattapan Line,6.91,2785.5,3271.4,1568.2,361
2025-03-17 14:00:00,weekday,place-mvbcl,Maverick,Blue Line,469.0,7320.1,8106.1,5351.5,361
2025-03-17 14:00:00,weekday,place-mdftf,Medford/Tufts,Green Line,25.0,181.5,203.0,127.3,349
2025-03-17 14:00:00,weekday,place-nqncy,North Quincy,Red Line,158.0,2886.8,3386.6,1634.9,361
2025-03-17 14:00:00,weekday,place-north,North Station,"Green Line, Orange Line",507.0,11662.5,13084.0,8031.2,359
2025-03-17 14:00:00,weekday,place-ogmnl,Oak Grove,Orange Line,94.0,3496.9,4070.8,2045.5,360
2025-03-17 14:00:00,weekday,place-orhte,Orient Heights,Blue Line,171.0,3047.0,3426.0,2079.0,359
2025-03-17 14:00:00,weekday,place-pktrm,Park Street,"Green Line, Red Line",315.0,8842.8,9190.0,7973.2,361
2025-03-17 14:00:00,weekday,place-portr,Porter,Red Line,122.0,4190.9,4505.7,3402.5,361
2025-03-17 14:00:00,weekday,place-prmnl,Prudential,Green Line,131.0,2182.0,2137.6,2292.7,353
2025-03-17 14:00:00,weekday,place-qamnl,Quincy Adams,Red Line,46.0,1560.4,1835.5,867.2,359
2025-03-17 14:00:00,weekday,place-qnctr,Quincy Center,Red Line,129.0,3374.7,3868.8,2094.1,352
2025-03-17 14:00:00,weekday,place-rbmnl,Revere Beach,Blue Line,176.0,2267.8,2518.2,1633.2,357
2025-03-17 14:00:00,weekday,place-river,Riverside,Green Line,42.0,899.9,901.1,896.9,360
2025-03-17 14:00:00,weekday,place-rcmnl,Roxbury Crossing,Orange Line,356.0,2916.6,3388.0,1712.4,359
2025-03-17 14:00:00,weekday,place-rugg,Ruggles,Orange Line,568.0,5463.2,6671.9,2435.5,361
2025-03-17 14:00:00,weekday,place-shmnl,Savin Hill,Red Line,46.0,1248.0,1417.1,824.3,361
2025-03-17 14:00:00,weekday,place-spmnl,Science Park,Green Line,51.0,733.3,762.6,660.0,361
2025-03-17 14:00:00,weekday,place-smmnl,Shawmut,Red Line,35.0,1085.6,1267.3,630.5,361
2025-03-17 14:00:00,weekday,place-sstat,South Station,"Red Line, Silver Line",240.0,11868.8,13721.2,7126.5,356
2025-03-17 14:00:00,weekday,place-state,State Street,"Blue Line, Orange Line",553.0,7246.9,8717.0,3578.8,360
2025-03-17 14:00:00,weekday,place-sbmnl,Stony Brook,Orange Line,114.0,1897.8,2150.5,1257.4,357
2025-03-17 14:00:00,weekday,place-sdmnl,Suffolk Downs,Blue Line,25.0,501.1,568.7,323.9,355
2025-03-17 14:00:00,weekday,place-sull,Sullivan Square,Orange Line,261.0,3949.4,4501.9,2538.3,359
2025-03-17 14:00:00,weekday,place-symcl,Symphony,Green Line,37.0,946.3,920.8,1010.2,327
2025-03-17 14:00:00,weekday,place-tumnl,Tufts Medical Center,Orange Line,297.0,3777.8,4535.5,1880.0,361
2025-03-17 14:00:00,weekday,place-unsqu,Union Square,Green Line,12.5,135.3,144.6,111.3,347
2025-03-17 14:00:00,weekday,place-welln,Wellington,Orange Line,145.0,3899.1,4551.5,2215.9,358
2025-03-17 14:00:00,weekday,place-wlsta,Wollaston,Red Line,62.0,1734.5,2020.8,1017.4,361
2025-03-17 14:00:00,weekday,place-wondl,Wonderland,Blue Line,207.0,3759.9,4264.2,2469.0,356
2025-03-17 14:00:00,weekday,place-wimnl,Wood Island,Blue Line,101.0,1318.7,1467.7,932.0,356
2025-03-17 14:00:00,weekday,place-wtcst,World Trade Center,Silver Line,71.0,1200.2,1316.5,909.0,361
2025-03-17 15:00:00,weekday,place-aport,Airport,Blue Line,320.0,6078.3,6569.2,4836.4,360
2025-03-17 15:00:00,weekday,place-alfcl,Alewife,Red Line,146.0,5780.6,6616.4,3687.0,361
2025-03-17 15:00:00,weekday,place-andrw,Andrew,Red Line,151.0,3255.3,3702.9,2134.3,361
2025-03-17 15:00:00,weekday,place-aqucl,Aquarium,Blue Line,263.0,3333.0,3432.4,3084.2,361
2025-03-17 15:00:00,weekday,place-armnl,Arlington,Green Line,230.0,3907.7,3974.4,3739.3,349
2025-03-17 15:00:00,weekday,place-asmnl,Ashmont,Red Line,55.0,3756.3,4380.3,2193.5,361
2025-03-17 15:00:00,weekday,place-astao,Assembly,Orange Line,167.0,2967.9,3119.5,2588.3,361
2025-03-17 15:00:00,weekday,place-bbsta,Back Bay,Orange Line,721.0,10028.9,11471.0,6270.6,357
2025-03-17 15:00:00,weekday,place-balsq,Ball Square,Green Line,8.33,139.3,150.9,109.9,350
2025-03-17 15:00:00,weekday,place-bmmnl,Beachmont,Blue Line,96.0,2348.0,2653.2,1560.5,358
2025-03-17 15:00:00,weekday,place-bomnl,Bowdoin,Blue Line,208.0,1406.3,1701.8,666.0,361
2025-03-17 15:00:00,weekday,place-boyls,Boylston,Green Line,152.0,3859.1,3732.2,4181.6,347
2025-03-17 15:00:00,weekday,place-brntn,Braintree,Red Line,58.0,2316.0,2671.8,1416.0,360
2025-03-17 15:00:00,weekday,place-brdwy,Broadway,Red Line,164.0,3513.1,3928.7,2393.2,351
2025-03-17 15:00:00,weekday,place-cntsq,Central,Red Line,530.0,8250.8,8876.6,6683.3,361
2025-03-17 15:00:00,weekday,place-chmnl,Charles/MGH,Red Line,548.0,5543.2,6654.1,2760.4,361
2025-03-17 15:00:00,weekday,place-chncl,Chinatown,Orange Line,258.0,3955.4,4305.4,3078.5,361
2025-03-17 15:00:00,weekday,place-ccmnl,Community College,Orange Line,154.0,2457.6,3023.7,1039.7,361
2025-03-17 15:00:00,weekday,place-coecl,Copley,Green Line,466.0,7980.6,7980.3,7981.3,350
2025-03-17 15:00:00,weekday,place-crtst,Courthouse,Silver Line,190.0,2253.6,2567.2,1468.3,361
2025-03-17 15:00:00,weekday,place-davis,Davis,Red Line,119.0,4866.6,5296.7,3789.1,361
2025-03-17 15:00:00,weekday,place-dwnxg,Downtown Crossing,"Orange Line, Red Line",836.0,10888.3,12269.6,7428.3,361
2025-03-17 15:00:00,weekday,place-esomr,East Somerville,Green Line,16.66,70.5,75.8,56.8,350
2025-03-17 15:00:00,weekday,place-fldcr,Fields Corner,Red Line,93.0,2377.4,2697.5,1575.7,361
2025-03-17 15:00:00,weekday,place-forhl,Forest Hills,Orange Line,408.0,6328.0,7469.5,3468.6,361
2025-03-17 15:00:00,weekday,place-gilmn,Gilman Square,Green Line,16.67,264.1,286.5,207.2,351
2025-03-17 15:00:00,weekday,place-gover,Government Center,"Blue Line, Green Line",540.0,4821.1,5170.1,3947.0,361
2025-03-17 15:00:00,weekday,place-grnst,Green Street,Orange Line,101.0,1799.9,2077.1,1101.4,359
2025-03-17 15:00:00,weekday,place-harsq,Harvard,Red Line,762.0,10860.0,11361.2,9604.7,361
2025-03-17 15:00:00,weekday,place-haecl,Haymarket,"Green Line, Orange Line",429.0,6453.5,6748.3,5715.2,361
2025-03-17 15:00:00,weekday,place-hymnl,Hynes Convention Center,Green Line,245.0,5288.6,5220.1,5460.7,355
2025-03-17 15:00:00,weekday,place-jfk,JFK/UMass,Red Line,289.0,4084.5,4808.4,2173.9,353
2025-03-17 15:00:00,weekday,place-jaksn,Jackson Square,Orange Line,151.0,2846.1,3326.1,1631.9,360
2025-03-17 15:00:00,weekday,place-knncl,Kendall/MIT,Red Line,875.0,8412.3,9925.9,4498.5,355
2025-03-17 15:00:00,weekday,place-kencl,Kenmore,Green Line,304.0,4439.8,4535.1,4203.1,352
2025-03-17 15:00:00,weekday,place-lech,Lechmere,Green Line,75.0,245.6,265.3,196.0,359
2025-03-17 15:00:00,weekday,place-mgngl,Magoun Square,Green Line,12.5,128.3,138.1,103.5,349
2025-03-17 15:00:00,weekday,place-mlmnl,Malden Center,Orange Line,237.0,5719.4,6595.3,3525.2,361
2025-03-17 15:00:00,weekday,place-masta,Massachusetts Avenue,Orange Line,254.0,3184.2,3658.5,1996.0,361
2025-03-17 15:00:00,weekday,place-matt,Mattapan Line,Mattapan Line,26.5,2785.5,3271.4,1568.2,361
2025-03-17 15:00:00,weekday,place-mvbcl,Maverick,Blue Line,618.0,7320.1,8106.1,5351.5,361
2025-03-17 15:00:00,weekday,place-mdftf,Medford/Tufts,Green Line,41.67,181.5,203.0,127.3,349
2025-03-17 15:00:00,weekday,place-nqncy,North Quincy,Red Line,99.0,2886.8,3386.6,1634.9,361
2025-03-17 15:00:00,weekday,place-north,North Station,"Green Line, Orange Line",759.0,11662.5,13084.0,8031.2,359
2025-03-17 15:00:00,weekday,place-ogmnl,Oak Grove,Orange Line,106.0,3496.9,4070.8,2045.5,360
2025-03-17 15:00:00,weekday,place-orhte,Orient Heights,Blue Line,205.0,3047.0,3426.0,2079.0,359
2025-03-17 15:00:00,weekday,place-pktrm,Park Street,"Green Line, Red Line",384.0,8842.8,9190.0,7973.2,361
2025-03-17 15:00:00,weekday,place-portr,Porter,Red Line,145.0,4190.9,4505.7,3402.5,361
2025-03-17 15:00:00,weekday,place-prmnl,Prudential,Green Line,157.0,2182.0,2137.6,2292.7,353
2025-03-17 15:00:00,weekday,place-qamnl,Quincy Adams,Red Line,45.0,1560.4,1835.5,867.2,359
2025-03-17 15:00:00,weekday,place-qnctr,Quincy Center,Red Line,117.0,3374.7,3868.8,2094.1,352
2025-03-17 15:00:00,weekday,place-rbmnl,Revere Beach,Blue Line,174.0,2267.8,2518.2,1633.2,357
2025-03-17 15:00:00,weekday,place-river,Riverside,Green Line,32.0,899.9,901.1,896.9,360
2025-03-17 15:00:00,weekday,place-rcmnl,Roxbury Crossing,Orange Line,255.0,2916.6,3388.0,1712.4,359
2025-03-17 15:00:00,weekday,place-rugg,Ruggles,Orange Line,711.0,5463.2,6671.9,2435.5,361
2025-03-17 15:00:00,weekday,place-shmnl,Savin Hill,Red Line,84.0,1248.0,1417.1,824.3,361
2025-03-17 15:00:00,weekday,place-spmnl,Science Park,Green Line,82.0,733.3,762.6,660.0,361
2025-03-17 15:00:00,weekday,place-smmnl,Shawmut,Red Line,20.0,1085.6,1267.3,630.5,361
2025-03-17 15:00:00,weekday,place-sstat,South Station,"Red Line, Silver Line",322.0,11868.8,13721.2,7126.5,356
2025-03-17 15:00:00,weekday,place-state,State Street,"Blue Line, Orange Line",734.0,7246.9,8717.0,3578.8,360
2025-03-17 15:00:00,weekday,place-sbmnl,Stony Brook,Orange Line,118.0,1897.8,2150.5,1257.4,357
2025-03-17 15:00:00,weekday,place-sdmnl,Suffolk Downs,Blue Line,16.0,501.1,568.7,323.9,355
2025-03-17 15:00:00,weekday,place-sull,Sullivan Square,Orange Line,313.0,3949.4,4501.9,2538.3,359
2025-03-17 15:00:00,weekday,place-symcl,Symphony,Green Line,57.0,946.3,920.8,1010.2,327
2025-03-17 15:00:00,weekday,place-tumnl,Tufts Medical Center,Orange Line,443.0,3777.8,4535.5,1880.0,361
2025-03-17 15:00:00,weekday,place-unsqu,Union Square,Green Line,33.34,135.3,144.6,111.3,347
2025-03-17 15:00:00,weekday,place-welln,Wellington,Orange Line,184.0,3899.1,4551.5,2215.9,358
2025-03-17 15:00:00,weekday,place-wlsta,Wollaston,Red Line,49.0,1734.5,2020.8,1017.4,361
2025-03-17 15:00:00,weekday,place-wondl,Wonderland,Blue Line,189.0,3759.9,4264.2,2469.0,356
2025-03-17 15:00:00,weekday,place-wimnl,Wood Island,Blue Line,134.0,1318.7,1467.7,932.0,356
2025-03-17 15:00:00,weekday,place-wtcst,World Trade Center,Silver Line,95.0,1200.2,1316.5,909.0,361
2025-03-17 16:00:00,weekday,place-aport,Airport,Blue Line,260.0,6078.3,6569.2,4836.4,360
2025-03-17 16:00:00,weekday,place-alfcl,Alewife,Red Line,218.0,5780.6,6616.4,3687.0,361
2025-03-17 16:00:00,weekday,place-andrw,Andrew,Red Line,137.0,3255.3,3702.9,2134.3,361
2025-03-17 16:00:00,weekday,place-aqucl,Aquarium,Blue Line,334.0,3333.0,3432.4,3084.2,361
2025-03-17 16:00:00,weekday,place-armnl,Arlington,Green Line,366.0,3907.7,3974.4,3739.3,349
2025-03-17 16:00:00,weekday,place-asmnl,Ashmont,Red Line,64.0,3756.3,4380.3,2193.5,361
2025-03-17 16:00:00,weekday,place-astao,Assembly,Orange Line,226.0,2967.9,3119.5,2588.3,361
2025-03-17 16:00:00,weekday,place-bbsta,Back Bay,Orange Line,1115.0,10028.9,11471.0,6270.6,357
2025-03-17 16:00:00,weekday,place-balsq,Ball Square,Green Line,16.66,139.3,150.9,109.9,350
2025-03-17 16:00:00,weekday,place-bmmnl,Beachmont,Blue Line,76.0,2348.0,2653.2,1560.5,358
2025-03-17 16:00:00,weekday,place-bomnl,Bowdoin,Blue Line,294.0,1406.3,1701.8,666.0,361
2025-03-17 16:00:00,weekday,place-boyls,Boylston,Green Line,227.0,3859.1,3732.2,4181.6,347
2025-03-17 16:00:00,weekday,place-brntn,Braintree,Red Line,95.0,2316.0,2671.8,1416.0,360
2025-03-17 16:00:00,weekday,place-brdwy,Broadway,Red Line,186.0,3513.1,3928.7,2393.2,351
2025-03-17 16:00:00,weekday,place-cntsq,Central,Red Line,678.0,8250.8,8876.6,6683.3,361
2025-03-17 16:00:00,weekday,place-chmnl,Charles/MGH,Red Line,761.0,5543.2,6654.1,2760.4,361
2025-03-17 16:00:00,weekday,place-chncl,Chinatown,Orange Line,387.0,3955.4,4305.4,3078.5,361
2025-03-17 16:00:00,weekday,place-ccmnl,Community College,Orange Line,220.0,2457.6,3023.7,1039.7,361
2025-03-17 16:00:00,weekday,place-coecl,Copley,Green Line,644.0,7980.6,7980.3,7981.3,350
2025-03-17 16:00:00,weekday,place-crtst,Courthouse,Silver Line,284.0,2253.6,2567.2,1468.3,361
2025-03-17 16:00:00,weekday,place-davis,Davis,Red Line,147.0,4866.6,5296.7,3789.1,361
2025-03-17 16:00:00,weekday,place-dwnxg,Downtown Crossing,"Orange Line, Red Line",1348.0,10888.3,12269.6,7428.3,361
2025-03-17 16:00:00,weekday,place-esomr,East Somerville,Green Line,12.5,70.5,75.8,56.8,350
2025-03-17 16:00:00,weekday,place-fldcr,Fields Corner,Red Line,74.0,2377.4,2697.5,1575.7,361
2025-03-17 16:00:00,weekday,place-forhl,Forest Hills,Orange Line,350.0,6328.0,7469.5,3468.6,361
2025-03-17 16:00:00,weekday,place-gilmn,Gilman Square,Green Line,25.0,264.1,286.5,207.2,351
2025-03-17 16:00:00,weekday,place-gover,Government Center,"Blue Line, Green Line",932.0,4821.1,5170.1,3947.0,361
2025-03-17 16:00:00,weekday,place-grnst,Green Street,Orange Line,104.0,1799.9,2077.1,1101.4,359
2025-03-17 16:00:00,weekday,place-harsq,Harvard,Red Line,828.0,10860.0,11361.2,9604.7,361
2025-03-17 16:00:00,weekday,place-haecl,Haymarket,"Green Line, Orange Line",557.0,6453.5,6748.3,5715.2,361
2025-03-17 16:00:00,weekday,place-hymnl,Hynes Convention Center,Green Line,333.0,5288.6,5220.1,5460.7,355
2025-03-17 16:00:00,weekday,place-jfk,JFK/UMass,Red Line,267.0,4084.5,4808.4,2173.9,353
2025-03-17 16:00:00,weekday,place-jaksn,Jackson Square,Orange Line,206.0,2846.1,3326.1,1631.9,360
2025-03-17 16:00:00,weekday,place-knncl,Kendall/MIT,Red Line,1362.0,8412.3,9925.9,4498.5,355
2025-03-17 16:00:00,weekday,place-kencl,Kenmore,Green Line,403.0,4439.8,4535.1,4203.1,352
2025-03-17 16:00:00,weekday,place-lech,Lechmere,Green Line,66.66,245.6,265.3,196.0,359
2025-03-17 16:00:00,weekday,place-mgngl,Magoun Square,Green Line,8.34,128.3,138.1,103.5,349
2025-03-17 16:00:00,weekday,place-mlmnl,Malden Center,Orange Line,271.0,5719.4,6595.3,3525.2,361
2025-03-17 16:00:00,weekday,place-masta,Massachusetts Avenue,Orange Line,322.0,3184.2,3658.5,1996.0,361
2025-03-17 16:00:00,weekday,place-matt,Mattapan Line,Mattapan Line,20.74,2785.5,3271.4,1568.2,361
2025-03-17 16:00:00,weekday,place-mvbcl,Maverick,Blue Line,538.0,7320.1,8106.1,5351.5,361
2025-03-17 16:00:00,weekday,place-mdftf,Medford/Tufts,Green Line,25.0,181.5,203.0,127.3,349
2025-03-17 16:00:00,weekday,place-nqncy,North Quincy,Red Line,132.0,2886.8,3386.6,1634.9,361
2025-03-17 16:00:00,weekday,place-north,North Station,"Green Line, Orange Line",1066.0,11662.5,13084.0,8031.2,359
2025-03-17 16:00:00,weekday,place-ogmnl,Oak Grove,Orange Line,137.0,3496.9,4070.8,2045.5,360
2025-03-17 16:00:00,weekday,place-orhte,Orient Heights,Blue Line,160.0,3047.0,3426.0,2079.0,359
2025-03-17 16:00:00,weekday,place-pktrm,Park Street,"Green Line, Red Line",739.0,8842.8,9190.0,7973.2,361
2025-03-17 16:00:00,weekday,place-portr,Porter,Red Line,153.0,4190.9,4505.7,3402.5,361
2025-03-17 16:00:00,weekday,place-prmnl,Prudential,Green Line,156.0,2182.0,2137.6,2292.7,353
2025-03-17 16:00:00,weekday,place-qamnl,Quincy Adams,Red Line,61.0,1560.4,1835.5,867.2,359
2025-03-17 16:00:00,weekday,place-qnctr,Quincy Center,Red Line,140.0,3374.7,3868.8,2094.1,352
2025-03-17 16:00:00,weekday,place-rbmnl,Revere Beach,Blue Line,103.0,2267.8,2518.2,1633.2,357
2025-03-17 16:00:00,weekday,place-river,Riverside,Green Line,40.0,899.9,901.1,896.9,360
2025-03-17 16:00:00,weekday,place-rcmnl,Roxbury Crossing,Orange Line,263.0,2916.6,3388.0,1712.4,359
2025-03-17 16:00:00,weekday,place-rugg,Ruggles,Orange Line,1017.0,5463.2,6671.9,2435.5,361
2025-03-17 16:00:00,weekday,place-shmnl,Savin Hill,Red Line,49.0,1248.0,1417.1,824.3,361
2025-03-17 16:00:00,weekday,place-spmnl,Science Park,Green Line,125.0,733.3,762.6,660.0,361
2025-03-17 16:00:00,weekday,place-smmnl,Shawmut,Red Line,45.0,1085.6,1267.3,630.5,361
2025-03-17 16:00:00,weekday,place-sstat,South Station,"Red Line, Silver Line",489.0,11868.8,13721.2,7126.5,356
2025-03-17 16:00:00,weekday,place-state,State Street,"Blue Line, Orange Line",1316.0,7246.9,8717.0,3578.8,360
2025-03-17 16:00:00,weekday,place-sbmnl,Stony Brook,Orange Line,109.0,1897.8,2150.5,1257.4,357
2025-03-17 16:00:00,weekday,place-sdmnl,Suffolk Downs,Blue Line,29.0,501.1,568.7,323.9,355
2025-03-17 16:00:00,weekday,place-sull,Sullivan Square,Orange Line,328.0,3949.4,4501.9,2538.3,359
2025-03-17 16:00:00,weekday,place-symcl,Symphony,Green Line,66.0,946.3,920.8,1010.2,327
2025-03-17 16:00:00,weekday,place-tumnl,Tufts Medical Center,Orange Line,611.0,3777.8,4535.5,1880.0,361
2025-03-17 16:00:00,weekday,place-unsqu,Union Square,Green Line,54.17,135.3,144.6,111.3,347
2025-03-17 16:00:00,weekday,place-welln,Wellington,Orange Line,212.0,3899.1,4551.5,2215.9,358
2025-03-17 16:00:00,weekday,place-wlsta,Wollaston,Red Line,50.0,1734.5,2020.8,1017.4,361
2025-03-17 16:00:00,weekday,place-wondl,Wonderland,Blue Line,156.0,3759.9,4264.2,2469.0,356
2025-03-17 16:00:00,weekday,place-wimnl,Wood Island,Blue Line,111.0,1318.7,1467.7,932.0,356
2025-03-17 16:00:00,weekday,place-wtcst,World Trade Center,Silver Line,159.0,1200.2,1316.5,909.0,361
2025-03-17 17:00:00,weekday,place-aport,Airport,Blue Line,311.0,6078.3,6569.2,4836.4,360
2025-03-17 17:00:00,weekday,place-alfcl,Alewife,Red Line,291.0,5780.6,6616.4,3687.0,361
2025-03-17 17:00:00,weekday,place-andrw,Andrew,Red Line,177.0,3255.3,3702.9,2134.3,361
2025-03-17 17:00:00,weekday,place-aqucl,Aquarium,Blue Line,331.0,3333.0,3432.4,3084.2,361
2025-03-17 17:00:00,weekday,place-armnl,Arlington,Green Line,449.0,3907.7,3974.4,3739.3,349
2025-03-17 17:00:00,weekday,place-asmnl,Ashmont,Red Line,38.0,3756.3,4380.3,2193.5,361
2025-03-17 17:00:00,weekday,place-astao,Assembly,Orange Line,250.0,2967.9,3119.5,2588.3,361
2025-03-17 17:00:00,weekday,place-bbsta,Back Bay,Orange Line,1330.0,10028.9,11471.0,6270.6,357
2025-03-17 17:00:00,weekday,place-balsq,Ball Square,Green Line,8.34,139.3,150.9,109.9,350
2025-03-17 17:00:00,weekday,place-bmmnl,Beachmont,Blue Line,56.0,2348.0,2653.2,1560.5,358
2025-03-17 17:00:00,weekday,place-bomnl,Bowdoin,Blue Line,239.0,1406.3,1701.8,666.0,361
2025-03-17 17:00:00,weekday,place-boyls,Boylston,Green Line,221.0,3859.1,3732.2,4181.6,347
2025-03-17 17:00:00,weekday,place-brntn,Braintree,Red Line,88.0,2316.0,2671.8,1416.0,360
2025-03-17 17:00:00,weekday,place-brdwy,Broadway,Red Line,196.0,3513.1,3928.7,2393.2,351
2025-03-17 17:00:00,weekday,place-cntsq,Central,Red Line,748.0,8250.8,8876.6,6683.3,361
2025-03-17 17:00:00,weekday,place-chmnl,Charles/MGH,Red Line,700.0,5543.2,6654.1,2760.4,361
2025-03-17 17:00:00,weekday,place-chncl,Chinatown,Orange Line,438.0,3955.4,4305.4,3078.5,361
2025-03-17 17:00:00,weekday,place-ccmnl,Community College,Orange Line,188.0,2457.6,3023.7,1039.7,361
2025-03-17 17:00:00,weekday,place-coecl,Copley,Green Line,843.0,7980.6,7980.3,7981.3,350
2025-03-17 17:00:00,weekday,place-crtst,Courthouse,Silver Line,386.0,2253.6,2567.2,1468.3,361
2025-03-17 17:00:00,weekday,place-davis,Davis,Red Line,207.0,4866.6,5296.7,3789.1,361
2025-03-17 17:00:00,weekday,place-dwnxg,Downtown Crossing,"Orange Line, Red Line",1747.0,10888.3,12269.6,7428.3,361
2025-03-17 17:00:00,weekday,place-esomr,East Somerville,Green Line,4.17,70.5,75.8,56.8,350
2025-03-17 17:00:00,weekday,place-fldcr,Fields Corner,Red Line,65.0,2377.4,2697.5,1575.7,361
2025-03-17 17:00:00,weekday,place-forhl,Forest Hills,Orange Line,333.0,6328.0,7469.5,3468.6,361
2025-03-17 17:00:00,weekday,place-gilmn,Gilman Square,Green Line,29.17,264.1,286.5,207.2,351
2025-03-17 17:00:00,weekday,place-gover,Government Center,"Blue Line, Green Line",1010.0,4821.1,5170.1,3947.0,361
2025-03-17 17:00:00,weekday,place-grnst,Green Street,Orange Line,122.0,1799.9,2077.1,1101.4,359
2025-03-17 17:00:00,weekday,place-harsq,Harvard,Red Line,924.0,10860.0,11361.2,9604.7,361
2025-03-17 17:00:00,weekday,place-haecl,Haymarket,"Green Line, Orange Line",623.0,6453.5,6748.3,5715.2,361
2025-03-17 17:00:00,weekday,place-hymnl,Hynes Convention Center,Green Line,418.0,5288.6,5220.1,5460.7,355
2025-03-17 17:00:00,weekday,place-jfk,JFK/UMass,Red Line,296.0,4084.5,4808.4,2173.9,353
2025-03-17 17:00:00,weekday,place-jaksn,Jackson Square,Orange Line,160.0,2846.1,3326.1,1631.9,360
2025-03-17 17:00:00,weekday,place-knncl,Kendall/MIT,Red Line,1501.0,8412.3,9925.9,4498.5,355
2025-03-17 17:00:00,weekday,place-kencl,Kenmore,Green Line,496.0,4439.8,4535.1,4203.1,352
2025-03-17 17:00:00,weekday,place-lech,Lechmere,Green Line,87.5,245.6,265.3,196.0,359
2025-03-17 17:00:00,weekday,place-mgngl,Magoun Square,Green Line,4.17,128.3,138.1,103.5,349
2025-03-17 17:00:00,weekday,place-mlmnl,Malden Center,Orange Line,223.0,5719.4,6595.3,3525.2,361
2025-03-17 17:00:00,weekday,place-masta,Massachusetts Avenue,Orange Line,365.0,3184.2,3658.5,1996.0,361
2025-03-17 17:00:00,weekday,place-matt,Mattapan Line,Mattapan Line,1.15,2785.5,3271.4,1568.2,361
2025-03-17 17:00:00,weekday,place-mvbcl,Maverick,Blue Line,395.0,7320.1,8106.1,5351.5,361
2025-03-17 17:00:00,weekday,place-mdftf,Medford/Tufts,Green Line,29.17,181.5,203.0,127.3,349
2025-03-17 17:00:00,weekday,place-nqncy,North Quincy,Red Line,125.0,2886.8,3386.6,1634.9,361
2025-03-17 17:00:00,weekday,place-north,North Station,"Green Line, Orange Line",1143.0,11662.5,13084.0,8031.2,359
2025-03-17 17:00:00,weekday,place-ogmnl,Oak Grove,Orange Line,167.0,3496.9,4070.8,2045.5,360
2025-03-17 17:00:00,weekday,place-orhte,Orient Heights,Blue Line,111.0,3047.0,3426.0,2079.0,359
2025-03-17 17:00:00,weekday,place-pktrm,Park Street,"Green Line, Red Line",762.0,8842.8,9190.0,7973.2,361
2025-03-17 17:00:00,weekday,place-portr,Porter,Red Line,197.0,4190.9,4505.7,3402.5,361
2025-03-17 17:00:00,weekday,place-prmnl,Prudential,Green Line,234.0,2182.0,2137.6,2292.7,353
2025-03-17 17:00:00,weekday,place-qamnl,Quincy Adams,Red Line,69.0,1560.4,1835.5,867.2,359
2025-03-17 17:00:00,weekday,place-qnctr,Quincy Center,Red Line,130.0,3374.7,3868.8,2094.1,352
2025-03-17 17:00:00,weekday,place-rbmnl,Revere Beach,Blue Line,69.0,2267.8,2518.2,1633.2,357
2025-03-17 17:00:00,weekday,place-river,Riverside,Green Line,63.0,899.9,901.1,896.9,360
2025-03-17 17:00:00,weekday,place-rcmnl,Roxbury Crossing,Orange Line,256.0,2916.6,3388.0,1712.4,359
2025-03-17 17:00:00,weekday,place-rugg,Ruggles,Orange Line,910.0,5463.2,6671.9,2435.5,361
2025-03-17 17:00:00,weekday,place-shmnl,Savin Hill,Red Line,47.0,1248.0,1417.1,824.3,361
2025-03-17 17:00:00,weekday,place-spmnl,Science Park,Green Line,128.0,733.3,762.6,660.0,361
2025-03-17 17:00:00,weekday,place-smmnl,Shawmut,Red Line,31.0,1085.6,1267.3,630.5,361
2025-03-17 17:00:00,weekday,place-sstat,South Station,"Red Line, Silver Line",789.0,11868.8,13721.2,7126.5,356
2025-03-17 17:00:00,weekday,place-state,State Street,"Blue Line, Orange Line",1587.0,7246.9,8717.0,3578.8,360
2025-03-17 17:00:00,weekday,place-sbmnl,Stony Brook,Orange Line,101.0,1897.8,2150.5,1257.4,357
2025-03-17 17:00:00,weekday,place-sdmnl,Suffolk Downs,Blue Line,12.0,501.1,568.7,323.9,355
2025-03-17 17:00:00,weekday,place-sull,Sullivan Square,Orange Line,352.0,3949.4,4501.9,2538.3,359
2025-03-17 17:00:00,weekday,place-symcl,Symphony,Green Line,76.0,946.3,920.8,1010.2,327
2025-03-17 17:00:00,weekday,place-tumnl,Tufts Medical Center,Orange Line,548.0,3777.8,4535.5,1880.0,361
2025-03-17 17:00:00,weekday,place-unsqu,Union Square,Green Line,25.0,135.3,144.6,111.3,347
2025-03-17 17:00:00,weekday,place-welln,Wellington,Orange Line,228.0,3899.1,4551.5,2215.9,358
2025-03-17 17:00:00,weekday,place-wlsta,Wollaston,Red Line,57.0,1734.5,2020.8,1017.4,361
2025-03-17 17:00:00,weekday,place-wondl,Wonderland,Blue Line,121.0,3759.9,4264.2,2469.0,356
2025-03-17 17:00:00,weekday,place-wimnl,Wood Island,Blue Line,67.0,1318.7,1467.7,932.0,356
2025-03-17 17:00:00,weekday,place-wtcst,World Trade Center,Silver Line,184.0,1200.2,1316.5,909.0,361
2025-03-17 18:00:00,weekday,place-aport,Airport,Blue Line,187.0,6078.3,6569.2,4836.4,360
2025-03-17 18:00:00,weekday,place-alfcl,Alewife,Red Line,168.0,5780.6,6616.4,3687.0,361
2025-03-17 18:00:00,weekday,place-andrw,Andrew,Red Line,66.0,3255.3,3702.9,2134.3,361
2025-03-17 18:00:00,weekday,place-aqucl,Aquarium,Blue Line,166.0,3333.0,3432.4,3084.2,361
2025-03-17 18:00:00,weekday,place-armnl,Arlington,Green Line,286.0,3907.7,3974.4,3739.3,349
2025-03-17 18:00:00,weekday,place-asmnl,Ashmont,Red Line,31.0,3756.3,4380.3,2193.5,361
2025-03-17 18:00:00,weekday,place-astao,Assembly,Orange Line,253.0,2967.9,3119.5,2588.3,361
2025-03-17 18:00:00,weekday,place-bbsta,Back Bay,Orange Line,850.0,10028.9,11471.0,6270.6,357
2025-03-17 18:00:00,weekday,place-balsq,Ball Square,Green Line,29.17,139.3,150.9,109.9,350
2025-03-17 18:00:00,weekday,place-bmmnl,Beachmont,Blue Line,51.0,2348.0,2653.2,1560.5,358
2025-03-17 18:00:00,weekday,place-bomnl,Bowdoin,Blue Line,141.0,1406.3,1701.8,666.0,361
2025-03-17 18:00:00,weekday,place-boyls,Boylston,Green Line,163.0,3859.1,3732.2,4181.6,347
2025-03-17 18:00:00,weekday,place-brntn,Braintree,Red Line,50.0,2316.0,2671.8,1416.0,360
2025-03-17 18:00:00,weekday,place-brdwy,Broadway,Red Line,131.0,3513.1,3928.7,2393.2,351
2025-03-17 18:00:00,weekday,place-cntsq,Central,Red Line,489.0,8250.8,8876.6,6683.3,361
2025-03-17 18:00:00,weekday,place-chmnl,Charles/MGH,Red Line,355.0,5543.2,6654.1,2760.4,361
2025-03-17 18:00:00,weekday,place-chncl,Chinatown,Orange Line,270.0,3955.4,4305.4,3078.5,361
2025-03-17 18:00:00,weekday,place-ccmnl,Community College,Orange Line,116.0,2457.6,3023.7,1039.7,361
2025-03-17 18:00:00,weekday,place-coecl,Copley,Green Line,587.0,7980.6,7980.3,7981.3,350
2025-03-17 18:00:00,weekday,place-crtst,Courthouse,Silver Line,170.0,2253.6,2567.2,1468.3,361
2025-03-17 18:00:00,weekday,place-davis,Davis,Red Line,139.0,4866.6,5296.7,3789.1,361
2025-03-17 18:00:00,weekday,place-dwnxg,Downtown Crossing,"Orange Line, Red Line",1002.0,10888.3,12269.6,7428.3,361
2025-03-17 18:00:00,weekday,place-esomr,East Somerville,Green Line,33.33,70.5,75.8,56.8,350
2025-03-17 18:00:00,weekday,place-fldcr,Fields Corner,Red Line,46.0,2377.4,2697.5,1575.7,361
2025-03-17 18:00:00,weekday,place-forhl,Forest Hills,Orange Line,220.0,6328.0,7469.5,3468.6,361
2025-03-17 18:00:00,weekday,place-gilmn,Gilman Square,Green Line,33.34,264.1,286.5,207.2,351
2025-03-17 18:00:00,weekday,place-gover,Government Center,"Blue Line, Green Line",458.0,4821.1,5170.1,3947.0,361
2025-03-17 18:00:00,weekday,place-grnst,Green Street,Orange Line,77.0,1799.9,2077.1,1101.4,359
2025-03-17 18:00:00,weekday,place-harsq,Harvard,Red Line,586.0,10860.0,11361.2,9604.7,361
2025-03-17 18:00:00,weekday,place-haecl,Haymarket,"Green Line, Orange Line",360.0,6453.5,6748.3,5715.2,361
2025-03-17 18:00:00,weekday,place-hymnl,Hynes Convention Center,Green Line,322.0,5288.6,5220.1,5460.7,355
2025-03-17 18:00:00,weekday,place-jfk,JFK/UMass,Red Line,134.0,4084.5,4808.4,2173.9,353
2025-03-17 18:00:00,weekday,place-jaksn,Jackson Square,Orange Line,128.0,2846.1,3326.1,1631.9,360
2025-03-17 18:00:00,weekday,place-knncl,Kendall/MIT,Red Line,792.0,8412.3,9925.9,4498.5,355
2025-03-17 18:00:00,weekday,place-kencl,Kenmore,Green Line,308.0,4439.8,4535.1,4203.1,352
2025-03-17 18:00:00,weekday,place-lech,Lechmere,Green Line,37.5,245.6,265.3,196.0,359
2025-03-17 18:00:00,weekday,place-mgngl,Magoun Square,Green Line,33.33,128.3,138.1,103.5,349
2025-03-17 18:00:00,weekday,place-mlmnl,Malden Center,Orange Line,152.0,5719.4,6595.3,3525.2,361
2025-03-17 18:00:00,weekday,place-masta,Massachusetts Avenue,Orange Line,198.0,3184.2,3658.5,1996.0,361
2025-03-17 18:00:00,weekday,place-matt,Mattapan Line,Mattapan Line,1.15,2785.5,3271.4,1568.2,361
2025-03-17 18:00:00,weekday,place-mvbcl,Maverick,Blue Line,294.0,7320.1,8106.1,5351.5,361
2025-03-17 18:00:00,weekday,place-mdftf,Medford/Tufts,Green Line,58.33,181.5,203.0,127.3,349
2025-03-17 18:00:00,weekday,place-nqncy,North Quincy,Red Line,56.0,2886.8,3386.6,1634.9,361
2025-03-17 18:00:00,weekday,place-north,North Station,"Green Line, Orange Line",681.0,11662.5,13084.0,8031.2,359
2025-03-17 18:00:00,weekday,place-ogmnl,Oak Grove,Orange Line,156.0,3496.9,4070.8,2045.5,360
2025-03-17 18:00:00,weekday,place-orhte,Orient Heights,Blue Line,88.0,3047.0,3426.0,2079.0,359
2025-03-17 18:00:00,weekday,place-pktrm,Park Street,"Green Line, Red Line",454.0,8842.8,9190.0,7973.2,361
2025-03-17 18:00:00,weekday,place-portr,Porter,Red Line,172.0,4190.9,4505.7,3402.5,361
2025-03-17 18:00:00,weekday,place-prmnl,Prudential,Green Line,169.0,2182.0,2137.6,2292.7,353
2025-03-17 18:00:00,weekday,place-qamnl,Quincy Adams,Red Line,33.0,1560.4,1835.5,867.2,359
2025-03-17 18:00:00,weekday,place-qnctr,Quincy Center,Red Line,80.0,3374.7,3868.8,2094.1,352
2025-03-17 18:00:00,weekday,place-rbmnl,Revere Beach,Blue Line,68.0,2267.8,2518.2,1633.2,357
2025-03-17 18:00:00,weekday,place-river,Riverside,Green Line,25.0,899.9,901.1,896.9,360
2025-03-17 18:00:00,weekday,place-rcmnl,Roxbury Crossing,Orange Line,154.0,2916.6,3388.0,1712.4,359
2025-03-17 18:00:00,weekday,place-rugg,Ruggles,Orange Line,457.0,5463.2,6671.9,2435.5,361
2025-03-17 18:00:00,weekday,place-shmnl,Savin Hill,Red Line,33.0,1248.0,1417.1,824.3,361
2025-03-17 18:00:00,weekday,place-spmnl,Science Park,Green Line,51.0,733.3,762.6,660.0,361
2025-03-17 18:00:00,weekday,place-smmnl,Shawmut,Red Line,18.0,1085.6,1267.3,630.5,361
2025-03-17 18:00:00,weekday,place-sstat,South Station,"Red Line, Silver Line",400.0,11868.8,13721.2,7126.5,356
2025-03-17 18:00:00,weekday,place-state,State Street,"Blue Line, Orange Line",751.0,7246.9,8717.0,3578.8,360
2025-03-17 18:00:00,weekday,place-sbmnl,Stony Brook,Orange Line,69.0,1897.8,2150.5,1257.4,357
2025-03-17 18:00:00,weekday,place-sdmnl,Suffolk Downs,Blue Line,7.0,501.1,568.7,323.9,355
2025-03-17 18:00:00,weekday,place-sull,Sullivan Square,Orange Line,213.0,3949.4,4501.9,2538.3,359
2025-03-17 18:00:00,weekday,place-symcl,Symphony,Green Line,42.0,946.3,920.8,1010.2,327
2025-03-17 18:00:00,weekday,place-tumnl,Tufts Medical Center,Orange Line,269.0,3777.8,4535.5,1880.0,361
2025-03-17 18:00:00,weekday,place-unsqu,Union Square,Green Line,25.0,135.3,144.6,111.3,347
2025-03-17 18:00:00,weekday,place-welln,Wellington,Orange Line,155.0,3899.1,4551.5,2215.9,358
2025-03-17 18:00:00,weekday,place-wlsta,Wollaston,Red Line,35.0,1734.5,2020.8,1017.4,361
2025-03-17 18:00:00,weekday,place-wondl,Wonderland,Blue Line,85.0,3759.9,4264.2,2469.0,356
2025-03-17 18:00:00,weekday,place-wimnl,Wood Island,Blue Line,27.0,1318.7,1467.7,932.0,356
2025-03-17 18:00:00,weekday,place-wtcst,World Trade Center,Silver Line,72.0,1200.2,1316.5,909.0,361
2025-03-17 19:00:00,weekday,place-aport,Airport,Blue Line,166.0,6078.3,6569.2,4836.4,360
2025-03-17 19:00:00,weekday,place-alfcl,Alewife,Red Line,67.0,5780.6,6616.4,3687.0,361
2025-03-17 19:00:00,weekday,place-andrw,Andrew,Red Line,48.0,3255.3,3702.9,2134.3,361
2025-03-17 19:00:00,weekday,place-aqucl,Aquarium,Blue Line,154.0,3333.0,3432.4,3084.2,361
2025-03-17 19:00:00,weekday,place-armnl,Arlington,Green Line,220.0,3907.7,3974.4,3739.3,349
2025-03-17 19:00:00,weekday,place-asmnl,Ashmont,Red Line,23.0,3756.3,4380.3,2193.5,361
2025-03-17 19:00:00,weekday,place-astao,Assembly,Orange Line,102.0,2967.9,3119.5,2588.3,361
2025-03-17 19:00:00,weekday,place-bbsta,Back Bay,Orange Line,511.0,10028.9,11471.0,6270.6,357
2025-03-17 19:00:00,weekday,place-bmmnl,Beachmont,Blue Line,30.0,2348.0,2653.2,1560.5,358
2025-03-17 19:00:00,weekday,place-bomnl,Bowdoin,Blue Line,89.0,1406.3,1701.8,666.0,361
2025-03-17 19:00:00,weekday,place-boyls,Boylston,Green Line,156.0,3859.1,3732.2,4181.6,347
2025-03-17 19:00:00,weekday,place-brntn,Braintree,Red Line,27.0,2316.0,2671.8,1416.0,360
2025-03-17 19:00:00,weekday,place-brdwy,Broadway,Red Line,90.0,3513.1,3928.7,2393.2,351
2025-03-17 19:00:00,weekday,place-cntsq,Central,Red Line,349.0,8250.8,8876.6,6683.3,361
2025-03-17 19:00:00,weekday,place-chmnl,Charles/MGH,Red Line,351.0,5543.2,6654.1,2760.4,361
2025-03-17 19:00:00,weekday,place-chncl,Chinatown,Orange Line,240.0,3955.4,4305.4,3078.5,361
2025-03-17 19:00:00,weekday,place-ccmnl,Community College,Orange Line,62.0,2457.6,3023.7,1039.7,361
2025-03-17 19:00:00,weekday,place-coecl,Copley,Green Line,474.0,7980.6,7980.3,7981.3,350
2025-03-17 19:00:00,weekday,place-crtst,Courthouse,Silver Line,79.0,2253.6,2567.2,1468.3,361
2025-03-17 19:00:00,weekday,place-davis,Davis,Red Line,95.0,4866.6,5296.7,3789.1,361
2025-03-17 19:00:00,weekday,place-dwnxg,Downtown Crossing,"Orange Line, Red Line",583.0,10888.3,12269.6,7428.3,361
2025-03-17 19:00:00,weekday,place-esomr,East Somerville,Green Line,8.33,70.5,75.8,56.8,350
2025-03-17 19:00:00,weekday,place-fldcr,Fields Corner,Red Line,24.0,2377.4,2697.5,1575.7,361
2025-03-17 19:00:00,weekday,place-forhl,Forest Hills,Orange Line,115.0,6328.0,7469.5,3468.6,361
2025-03-17 19:00:00,weekday,place-gilmn,Gilman Square,Green Line,16.67,264.1,286.5,207.2,351
2025-03-17 19:00:00,weekday,place-gover,Government Center,"Blue Line, Green Line",280.0,4821.1,5170.1,3947.0,361
2025-03-17 19:00:00,weekday,place-grnst,Green Street,Orange Line,33.0,1799.9,2077.1,1101.4,359
2025-03-17 19:00:00,weekday,place-harsq,Harvard,Red Line,379.0,10860.0,11361.2,9604.7,361
2025-03-17 19:00:00,weekday,place-haecl,Haymarket,"Green Line, Orange Line",224.0,6453.5,6748.3,5715.2,361
2025-03-17 19:00:00,weekday,place-hymnl,Hynes Convention Center,Green Line,267.0,5288.6,5220.1,5460.7,355
2025-03-17 19:00:00,weekday,place-jfk,JFK/UMass,Red Line,77.0,4084.5,4808.4,2173.9,353
2025-03-17 19:00:00,weekday,place-jaksn,Jackson Square,Orange Line,62.0,2846.1,3326.1,1631.9,360
2025-03-17 19:00:00,weekday,place-knncl,Kendall/MIT,Red Line,376.0,8412.3,9925.9,4498.5,355
2025-03-17 19:00:00,weekday,place-kencl,Kenmore,Green Line,152.0,4439.8,4535.1,4203.1,352
2025-03-17 19:00:00,weekday,place-lech,Lechmere,Green Line,12.5,245.6,265.3,196.0,359
2025-03-17 19:00:00,weekday,place-mgngl,Magoun Square,Green Line,4.17,128.3,138.1,103.5,349
2025-03-17 19:00:00,weekday,place-mlmnl,Malden Center,Orange Line,99.0,5719.4,6595.3,3525.2,361
2025-03-17 19:00:00,weekday,place-masta,Massachusetts Avenue,Orange Line,142.0,3184.2,3658.5,1996.0,361
2025-03-17 19:00:00,weekday,place-matt,Mattapan Line,Mattapan Line,6.91,2785.5,3271.4,1568.2,361
2025-03-17 19:00:00,weekday,place-mvbcl,Maverick,Blue Line,166.0,7320.1,8106.1,5351.5,361
2025-03-17 19:00:00,weekday,place-mdftf,Medford/Tufts,Green Line,12.5,181.5,203.0,127.3,349
2025-03-17 19:00:00,weekday,place-nqncy,North Quincy,Red Line,36.0,2886.8,3386.6,1634.9,361
2025-03-17 19:00:00,weekday,place-north,North Station,"Green Line, Orange Line",404.0,11662.5,13084.0,8031.2,359
2025-03-17 19:00:00,weekday,place-ogmnl,Oak Grove,Orange Line,39.0,3496.9,4070.8,2045.5,360
2025-03-17 19:00:00,weekday,place-orhte,Orient Heights,Blue Line,49.0,3047.0,3426.0,2079.0,359
2025-03-17 19:00:00,weekday,place-pktrm,Park Street,"Green Line, Red Line",300.0,8842.8,9190.0,7973.2,361
2025-03-17 19:00:00,weekday,place-portr,Porter,Red Line,131.0,4190.9,4505.7,3402.5,361
2025-03-17 19:00:00,weekday,place-prmnl,Prudential,Green Line,132.0,2182.0,2137.6,2292.7,353
2025-03-17 19:00:00,weekday,place-qamnl,Quincy Adams,Red Line,17.0,1560.4,1835.5,867.2,359
2025-03-17 19:00:00,weekday,place-qnctr,Quincy Center,Red Line,61.0,3374.7,3868.8,2094.1,352
2025-03-17 19:00:00,weekday,place-rbmnl,Revere Beach,Blue Line,33.0,2267.8,2518.2,1633.2,357
2025-03-17 19:00:00,weekday,place-river,Riverside,Green Line,20.0,899.9,901.1,896.9,360
2025-03-17 19:00:00,weekday,place-rcmnl,Roxbury Crossing,Orange Line,88.0,2916.6,3388.0,1712.4,359
2025-03-17 19:00:00,weekday,place-rugg,Ruggles,Orange Line,363.0,5463.2,6671.9,2435.5,361
2025-03-17 19:00:00,weekday,place-shmnl,Savin Hill,Red Line,15.0,1248.0,1417.1,824.3,361
2025-03-17 19:00:00,weekday,place-spmnl,Science Park,Green Line,40.0,733.3,762.6,660.0,361
2025-03-17 19:00:00,weekday,place-smmnl,Shawmut,Red Line,8.0,1085.6,1267.3,630.5,361
2025-03-17 19:00:00,weekday,place-sstat,South Station,"Red Line, Silver Line",242.0,11868.8,13721.2,7126.5,356
2025-03-17 19:00:00,weekday,place-state,State Street,"Blue Line, Orange Line",422.0,7246.9,8717.0,3578.8,360
2025-03-17 19:00:00,weekday,place-sbmnl,Stony Brook,Orange Line,41.0,1897.8,2150.5,1257.4,357
2025-03-17 19:00:00,weekday,place-sdmnl,Suffolk Downs,Blue Line,10.0,501.1,568.7,323.9,355
2025-03-17 19:00:00,weekday,place-sull,Sullivan Square,Orange Line,122.0,3949.4,4501.9,2538.3,359
2025-03-17 19:00:00,weekday,place-symcl,Symphony,Green Line,33.0,946.3,920.8,1010.2,327
2025-03-17 19:00:00,weekday,place-tumnl,Tufts Medical Center,Orange Line,195.0,3777.8,4535.5,1880.0,361
2025-03-17 19:00:00,weekday,place-unsqu,Union Square,Green Line,12.5,135.3,144.6,111.3,347
2025-03-17 19:00:00,weekday,place-welln,Wellington,Orange Line,62.0,3899.1,4551.5,2215.9,358
2025-03-17 19:00:00,weekday,place-wlsta,Wollaston,Red Line,31.0,1734.5,2020.8,1017.4,361
2025-03-17 19:00:00,weekday,place-wondl,Wonderland,Blue Line,41.0,3759.9,4264.2,2469.0,356
2025-03-17 19:00:00,weekday,place-wimnl,Wood Island,Blue Line,18.0,1318.7,1467.7,932.0,356
2025-03-17 19:00:00,weekday,place-wtcst,World Trade Center,Silver Line,25.0,1200.2,1316.5,909.0,361
2025-03-17 20:00:00,weekday,place-aport,Airport,Blue Line,157.0,6078.3,6569.2,4836.4,360
2025-03-17 20:00:00,weekday,place-alfcl,Alewife,Red Line,47.0,5780.6,6616.4,3687.0,361
2025-03-17 20:00:00,weekday,place-andrw,Andrew,Red Line,48.0,3255.3,3702.9,2134.3,361
2025-03-17 20:00:00,weekday,place-aqucl,Aquarium,Blue Line,92.0,3333.0,3432.4,3084.2,361
2025-03-17 20:00:00,weekday,place-armnl,Arlington,Green Line,130.0,3907.7,3974.4,3739.3,349
2025-03-17 20:00:00,weekday,place-asmnl,Ashmont,Red Line,17.0,3756.3,4380.3,2193.5,361
2025-03-17 20:00:00,weekday,place-astao,Assembly,Orange Line,71.0,2967.9,3119.5,2588.3,361
2025-03-17 20:00:00,weekday,place-bbsta,Back Bay,Orange Line,291.0,10028.9,11471.0,6270.6,357
2025-03-17 20:00:00,weekday,place-bmmnl,Beachmont,Blue Line,26.0,2348.0,2653.2,1560.5,358
2025-03-17 20:00:00,weekday,place-bomnl,Bowdoin,Blue Line,60.0,1406.3,1701.8,666.0,361
2025-03-17 20:00:00,weekday,place-boyls,Boylston,Green Line,136.0,3859.1,3732.2,4181.6,347
2025-03-17 20:00:00,weekday,place-brntn,Braintree,Red Line,23.0,2316.0,2671.8,1416.0,360
2025-03-17 20:00:00,weekday,place-brdwy,Broadway,Red Line,54.0,3513.1,3928.7,2393.2,351
2025-03-17 20:00:00,weekday,place-cntsq,Central,Red Line,250.0,8250.8,8876.6,6683.3,361
2025-03-17 20:00:00,weekday,place-chmnl,Charles/MGH,Red Line,131.0,5543.2,6654.1,2760.4,361
2025-03-17 20:00:00,weekday,place-chncl,Chinatown,Orange Line,208.0,3955.4,4305.4,3078.5,361
2025-03-17 20:00:00,weekday,place-ccmnl,Community College,Orange Line,33.0,2457.6,3023.7,1039.7,361
2025-03-17 20:00:00,weekday,place-coecl,Copley,Green Line,302.0,7980.6,7980.3,7981.3,350
2025-03-17 20:00:00,weekday,place-crtst,Courthouse,Silver Line,58.0,2253.6,2567.2,1468.3,361
2025-03-17 20:00:00,weekday,place-davis,Davis,Red Line,57.0,4866.6,5296.7,3789.1,361
2025-03-17 20:00:00,weekday,place-dwnxg,Downtown Crossing,"Orange Line, Red Line",358.0,10888.3,12269.6,7428.3,361
2025-03-17 20:00:00,weekday,place-esomr,East Somerville,Green Line,4.17,70.5,75.8,56.8,350
2025-03-17 20:00:00,weekday,place-fldcr,Fields Corner,Red Line,18.0,2377.4,2697.5,1575.7,361
2025-03-17 20:00:00,weekday,place-forhl,Forest Hills,Orange Line,72.0,6328.0,7469.5,3468.6,361
2025-03-17 20:00:00,weekday,place-gover,Government Center,"Blue Line, Green Line",227.0,4821.1,5170.1,3947.0,361
2025-03-17 20:00:00,weekday,place-grnst,Green Street,Orange Line,7.0,1799.9,2077.1,1101.4,359
2025-03-17 20:00:00,weekday,place-harsq,Harvard,Red Line,306.0,10860.0,11361.2,9604.7,361
2025-03-17 20:00:00,weekday,place-haecl,Haymarket,"Green Line, Orange Line",225.0,6453.5,6748.3,5715.2,361
2025-03-17 20:00:00,weekday,place-hymnl,Hynes Convention Center,Green Line,202.0,5288.6,5220.1,5460.7,355
2025-03-17 20:00:00,weekday,place-jfk,JFK/UMass,Red Line,50.0,4084.5,4808.4,2173.9,353
2025-03-17 20:00:00,weekday,place-jaksn,Jackson Square,Orange Line,49.0,2846.1,3326.1,1631.9,360
2025-03-17 20:00:00,weekday,place-knncl,Kendall/MIT,Red Line,270.0,8412.3,9925.9,4498.5,355
2025-03-17 20:00:00,weekday,place-kencl,Kenmore,Green Line,142.0,4439.8,4535.1,4203.1,352
2025-03-17 20:00:00,weekday,place-lech,Lechmere,Green Line,8.33,245.6,265.3,196.0,359
2025-03-17 20:00:00,weekday,place-mlmnl,Malden Center,Orange Line,62.0,5719.4,6595.3,3525.2,361
2025-03-17 20:00:00,weekday,place-masta,Massachusetts Avenue,Orange Line,80.0,3184.2,3658.5,1996.0,361
2025-03-17 20:00:00,weekday,place-matt,Mattapan Line,Mattapan Line,4.61,2785.5,3271.4,1568.2,361
2025-03-17 20:00:00,weekday,place-mvbcl,Maverick,Blue Line,121.0,7320.1,8106.1,5351.5,361
2025-03-17 20:00:00,weekday,place-mdftf,Medford/Tufts,Green Line,4.17,181.5,203.0,127.3,349
2025-03-17 20:00:00,weekday,place-nqncy,North Quincy,Red Line,36.0,2886.8,3386.6,1634.9,361
2025-03-17 20:00:00,weekday,place-north,North Station,"Green Line, Orange Line",460.0,11662.5,13084.0,8031.2,359
2025-03-17 20:00:00,weekday,place-ogmnl,Oak Grove,Orange Line,13.0,3496.9,4070.8,2045.5,360
2025-03-17 20:00:00,weekday,place-orhte,Orient Heights,Blue Line,48.0,3047.0,3426.0,2079.0,359
2025-03-17 20:00:00,weekday,place-pktrm,Park Street,"Green Line, Red Line",186.0,8842.8,9190.0,7973.2,361
2025-03-17 20:00:00,weekday,place-portr,Porter,Red Line,111.0,4190.9,4505.7,3402.5,361
2025-03-17 20:00:00,weekday,place-prmnl,Prudential,Green Line,107.0,2182.0,2137.6,2292.7,353
2025-03-17 20:00:00,weekday,place-qamnl,Quincy Adams,Red Line,16.0,1560.4,1835.5,867.2,359
2025-03-17 20:00:00,weekday,place-qnctr,Quincy Center,Red Line,56.0,3374.7,3868.8,2094.1,352
2025-03-17 20:00:00,weekday,place-rbmnl,Revere Beach,Blue Line,31.0,2267.8,2518.2,1633.2,357
2025-03-17 20:00:00,weekday,place-river,Riverside,Green Line,15.0,899.9,901.1,896.9,360
2025-03-17 20:00:00,weekday,place-rcmnl,Roxbury Crossing,Orange Line,73.0,2916.6,3388.0,1712.4,359
2025-03-17 20:00:00,weekday,place-rugg,Ruggles,Orange Line,260.0,5463.2,6671.9,2435.5,361
2025-03-17 20:00:00,weekday,place-shmnl,Savin Hill,Red Line,14.0,1248.0,1417.1,824.3,361
2025-03-17 20:00:00,weekday,place-spmnl,Science Park,Green Line,13.0,733.3,762.6,660.0,361
2025-03-17 20:00:00,weekday,place-smmnl,Shawmut,Red Line,11.0,1085.6,1267.3,630.5,361
2025-03-17 20:00:00,weekday,place-sstat,South Station,"Red Line, Silver Line",118.0,11868.8,13721.2,7126.5,356
2025-03-17 20:00:00,weekday,place-state,State Street,"Blue Line, Orange Line",258.0,7246.9,8717.0,3578.8,360
2025-03-17 20:00:00,weekday,place-sbmnl,Stony Brook,Orange Line,26.0,1897.8,2150.5,1257.4,357
2025-03-17 20:00:00,weekday,place-sdmnl,Suffolk Downs,Blue Line,9.0,501.1,568.7,323.9,355
2025-03-17 20:00:00,weekday,place-sull,Sullivan Square,Orange Line,54.0,3949.4,4501.9,2538.3,359
2025-03-17 20:00:00,weekday,place-symcl,Symphony,Green Line,30.0,946.3,920.8,1010.2,327
2025-03-17 20:00:00,weekday,place-tumnl,Tufts Medical Center,Orange Line,126.0,3777.8,4535.5,1880.0,361
2025-03-17 20:00:00,weekday,place-unsqu,Union Square,Green Line,4.17,135.3,144.6,111.3,347
2025-03-17 20:00:00,weekday,place-welln,Wellington,Orange Line,48.0,3899.1,4551.5,2215.9,358
2025-03-17 20:00:00,weekday,place-wlsta,Wollaston,Red Line,14.0,1734.5,2020.8,1017.4,361
2025-03-17 20:00:00,weekday,place-wondl,Wonderland,Blue Line,61.0,3759.9,4264.2,2469.0,356
2025-03-17 20:00:00,weekday,place-wimnl,Wood Island,Blue Line,31.0,1318.7,1467.7,932.0,356
2025-03-17 20:00:00,weekday,place-wtcst,World Trade Center,Silver Line,19.0,1200.2,1316.5,909.0,361
2025-03-17 21:00:00,weekday,place-aport,Airport,Blue Line,135.0,6078.3,6569.2,4836.4,360
2025-03-17 21:00:00,weekday,place-alfcl,Alewife,Red Line,59.0,5780.6,6616.4,3687.0,361
2025-03-17 21:00:00,weekday,place-andrw,Andrew,Red Line,40.0,3255.3,3702.9,2134.3,361
2025-03-17 21:00:00,weekday,place-aqucl,Aquarium,Blue Line,119.0,3333.0,3432.4,3084.2,361
2025-03-17 21:00:00,weekday,place-armnl,Arlington,Green Line,90.0,3907.7,3974.4,3739.3,349
2025-03-17 21:00:00,weekday,place-asmnl,Ashmont,Red Line,13.0,3756.3,4380.3,2193.5,361
2025-03-17 21:00:00,weekday,place-astao,Assembly,Orange Line,69.0,2967.9,3119.5,2588.3,361
2025-03-17 21:00:00,weekday,place-bbsta,Back Bay,Orange Line,294.0,10028.9,11471.0,6270.6,357
2025-03-17 21:00:00,weekday,place-balsq,Ball Square,Green Line,4.17,139.3,150.9,109.9,350
2025-03-17 21:00:00,weekday,place-bmmnl,Beachmont,Blue Line,27.0,2348.0,2653.2,1560.5,358
2025-03-17 21:00:00,weekday,place-bomnl,Bowdoin,Blue Line,61.0,1406.3,1701.8,666.0,361
2025-03-17 21:00:00,weekday,place-boyls,Boylston,Green Line,116.0,3859.1,3732.2,4181.6,347
2025-03-17 21:00:00,weekday,place-brntn,Braintree,Red Line,28.0,2316.0,2671.8,1416.0,360
2025-03-17 21:00:00,weekday,place-brdwy,Broadway,Red Line,74.0,3513.1,3928.7,2393.2,351
2025-03-17 21:00:00,weekday,place-cntsq,Central,Red Line,245.0,8250.8,8876.6,6683.3,361
2025-03-17 21:00:00,weekday,place-chmnl,Charles/MGH,Red Line,76.0,5543.2,6654.1,2760.4,361
2025-03-17 21:00:00,weekday,place-chncl,Chinatown,Orange Line,183.0,3955.4,4305.4,3078.5,361
2025-03-17 21:00:00,weekday,place-ccmnl,Community College,Orange Line,42.0,2457.6,3023.7,1039.7,361
2025-03-17 21:00:00,weekday,place-coecl,Copley,Green Line,249.0,7980.6,7980.3,7981.3,350
2025-03-17 21:00:00,weekday,place-crtst,Courthouse,Silver Line,75.0,2253.6,2567.2,1468.3,361
2025-03-17 21:00:00,weekday,place-davis,Davis,Red Line,86.0,4866.6,5296.7,3789.1,361
2025-03-17 21:00:00,weekday,place-dwnxg,Downtown Crossing,"Orange Line, Red Line",293.0,10888.3,12269.6,7428.3,361
2025-03-17 21:00:00,weekday,place-fldcr,Fields Corner,Red Line,17.0,2377.4,2697.5,1575.7,361
2025-03-17 21:00:00,weekday,place-forhl,Forest Hills,Orange Line,94.0,6328.0,7469.5,3468.6,361
2025-03-17 21:00:00,weekday,place-gilmn,Gilman Square,Green Line,4.17,264.1,286.5,207.2,351
2025-03-17 21:00:00,weekday,place-gover,Government Center,"Blue Line, Green Line",150.0,4821.1,5170.1,3947.0,361
2025-03-17 21:00:00,weekday,place-grnst,Green Street,Orange Line,24.0,1799.9,2077.1,1101.4,359
2025-03-17 21:00:00,weekday,place-harsq,Harvard,Red Line,260.0,10860.0,11361.2,9604.7,361
2025-03-17 21:00:00,weekday,place-haecl,Haymarket,"Green Line, Orange Line",194.0,6453.5,6748.3,5715.2,361
2025-03-17 21:00:00,weekday,place-hymnl,Hynes Convention Center,Green Line,180.0,5288.6,5220.1,5460.7,355
2025-03-17 21:00:00,weekday,place-jfk,JFK/UMass,Red Line,36.0,4084.5,4808.4,2173.9,353
2025-03-17 21:00:00,weekday,place-jaksn,Jackson Square,Orange Line,37.0,2846.1,3326.1,1631.9,360
2025-03-17 21:00:00,weekday,place-knncl,Kendall/MIT,Red Line,226.0,8412.3,9925.9,4498.5,355
2025-03-17 21:00:00,weekday,place-kencl,Kenmore,Green Line,134.0,4439.8,4535.1,4203.1,352
2025-03-17 21:00:00,weekday,place-mlmnl,Malden Center,Orange Line,79.0,5719.4,6595.3,3525.2,361
2025-03-17 21:00:00,weekday,place-masta,Massachusetts Avenue,Orange Line,125.0,3184.2,3658.5,1996.0,361
2025-03-17 21:00:00,weekday,place-matt,Mattapan Line,Mattapan Line,2.3,2785.5,3271.4,1568.2,361
2025-03-17 21:00:00,weekday,place-mvbcl,Maverick,Blue Line,92.0,7320.1,8106.1,5351.5,361
2025-03-17 21:00:00,weekday,place-mdftf,Medford/Tufts,Green Line,4.17,181.5,203.0,127.3,349
2025-03-17 21:00:00,weekday,place-nqncy,North Quincy,Red Line,35.0,2886.8,3386.6,1634.9,361
2025-03-17 21:00:00,weekday,place-north,North Station,"Green Line, Orange Line",1935.0,11662.5,13084.0,8031.2,359
2025-03-17 21:00:00,weekday,place-ogmnl,Oak Grove,Orange Line,20.0,3496.9,4070.8,2045.5,360
2025-03-17 21:00:00,weekday,place-orhte,Orient Heights,Blue Line,42.0,3047.0,3426.0,2079.0,359
2025-03-17 21:00:00,weekday,place-pktrm,Park Street,"Green Line, Red Line",182.0,8842.8,9190.0,7973.2,361
2025-03-17 21:00:00,weekday,place-portr,Porter,Red Line,90.0,4190.9,4505.7,3402.5,361
2025-03-17 21:00:00,weekday,place-prmnl,Prudential,Green Line,86.0,2182.0,2137.6,2292.7,353
2025-03-17 21:00:00,weekday,place-qamnl,Quincy Adams,Red Line,11.0,1560.4,1835.5,867.2,359
2025-03-17 21:00:00,weekday,place-qnctr,Quincy Center,Red Line,66.0,3374.7,3868.8,2094.1,352
2025-03-17 21:00:00,weekday,place-rbmnl,Revere Beach,Blue Line,28.0,2267.8,2518.2,1633.2,357
2025-03-17 21:00:00,weekday,place-river,Riverside,Green Line,5.0,899.9,901.1,896.9,360
2025-03-17 21:00:00,weekday,place-rcmnl,Roxbury Crossing,Orange Line,64.0,2916.6,3388.0,1712.4,359
2025-03-17 21:00:00,weekday,place-rugg,Ruggles,Orange Line,200.0,5463.2,6671.9,2435.5,361
2025-03-17 21:00:00,weekday,place-shmnl,Savin Hill,Red Line,9.0,1248.0,1417.1,824.3,361
2025-03-17 21:00:00,weekday,place-spmnl,Science Park,Green Line,7.0,733.3,762.6,660.0,361
2025-03-17 21:00:00,weekday,place-smmnl,Shawmut,Red Line,11.0,1085.6,1267.3,630.5,361
2025-03-17 21:00:00,weekday,place-sstat,South Station,"Red Line, Silver Line",116.0,11868.8,13721.2,7126.5,356
2025-03-17 21:00:00,weekday,place-state,State Street,"Blue Line, Orange Line",255.0,7246.9,8717.0,3578.8,360
2025-03-17 21:00:00,weekday,place-sbmnl,Stony Brook,Orange Line,22.0,1897.8,2150.5,1257.4,357
2025-03-17 21:00:00,weekday,place-sdmnl,Suffolk Downs,Blue Line,9.0,501.1,568.7,323.9,355
2025-03-17 21:00:00,weekday,place-sull,Sullivan Square,Orange Line,77.0,3949.4,4501.9,2538.3,359
2025-03-17 21:00:00,weekday,place-symcl,Symphony,Green Line,49.0,946.3,920.8,1010.2,327
2025-03-17 21:00:00,weekday,place-tumnl,Tufts Medical Center,Orange Line,82.0,3777.8,4535.5,1880.0,361
2025-03-17 21:00:00,weekday,place-welln,Wellington,Orange Line,60.0,3899.1,4551.5,2215.9,358
2025-03-17 21:00:00,weekday,place-wlsta,Wollaston,Red Line,17.0,1734.5,2020.8,1017.4,361
2025-03-17 21:00:00,weekday,place-wondl,Wonderland,Blue Line,38.0,3759.9,4264.2,2469.0,356
2025-03-17 21:00:00,weekday,place-wimnl,Wood Island,Blue Line,30.0,1318.7,1467.7,932.0,356
2025-03-17 21:00:00,weekday,place-wtcst,World Trade Center,Silver Line,17.0,1200.2,1316.5,909.0,361
2025-03-17 22:00:00,weekday,place-aport,Airport,Blue Line,148.0,6078.3,6569.2,4836.4,360
2025-03-17 22:00:00,weekday,place-alfcl,Alewife,Red Line,26.0,5780.6,6616.4,3687.0,361
2025-03-17 22:00:00,weekday,place-andrw,Andrew,Red Line,36.0,3255.3,3702.9,2134.3,361
2025-03-17 22:00:00,weekday,place-aqucl,Aquarium,Blue Line,174.0,3333.0,3432.4,3084.2,361
2025-03-17 22:00:00,weekday,place-armnl,Arlington,Green Line,82.0,3907.7,3974.4,3739.3,349
2025-03-17 22:00:00,weekday,place-asmnl,Ashmont,Red Line,9.0,3756.3,4380.3,2193.5,361
2025-03-17 22:00:00,weekday,place-astao,Assembly,Orange Line,45.0,2967.9,3119.5,2588.3,361
2025-03-17 22:00:00,weekday,place-bbsta,Back Bay,Orange Line,246.0,10028.9,11471.0,6270.6,357
2025-03-17 22:00:00,weekday,place-bmmnl,Beachmont,Blue Line,26.0,2348.0,2653.2,1560.5,358
2025-03-17 22:00:00,weekday,place-bomnl,Bowdoin,Blue Line,72.0,1406.3,1701.8,666.0,361
2025-03-17 22:00:00,weekday,place-boyls,Boylston,Green Line,74.0,3859.1,3732.2,4181.6,347
2025-03-17 22:00:00,weekday,place-brntn,Braintree,Red Line,17.0,2316.0,2671.8,1416.0,360
2025-03-17 22:00:00,weekday,place-brdwy,Broadway,Red Line,42.0,3513.1,3928.7,2393.2,351
2025-03-17 22:00:00,weekday,place-cntsq,Central,Red Line,171.0,8250.8,8876.6,6683.3,361
2025-03-17 22:00:00,weekday,place-chmnl,Charles/MGH,Red Line,143.0,5543.2,6654.1,2760.4,361
2025-03-17 22:00:00,weekday,place-chncl,Chinatown,Orange Line,124.0,3955.4,4305.4,3078.5,361
2025-03-17 22:00:00,weekday,place-ccmnl,Community College,Orange Line,23.0,2457.6,3023.7,1039.7,361
2025-03-17 22:00:00,weekday,place-coecl,Copley,Green Line,162.0,7980.6,7980.3,7981.3,350
2025-03-17 22:00:00,weekday,place-crtst,Courthouse,Silver Line,83.0,2253.6,2567.2,1468.3,361
2025-03-17 22:00:00,weekday,place-davis,Davis,Red Line,43.0,4866.6,5296.7,3789.1,361
2025-03-17 22:00:00,weekday,place-dwnxg,Downtown Crossing,"Orange Line, Red Line",152.0,10888.3,12269.6,7428.3,361
2025-03-17 22:00:00,weekday,place-fldcr,Fields Corner,Red Line,21.0,2377.4,2697.5,1575.7,361
2025-03-17 22:00:00,weekday,place-forhl,Forest Hills,Orange Line,56.0,6328.0,7469.5,3468.6,361
2025-03-17 22:00:00,weekday,place-gilmn,Gilman Square,Green Line,4.17,264.1,286.5,207.2,351
2025-03-17 22:00:00,weekday,place-gover,Government Center,"Blue Line, Green Line",156.0,4821.1,5170.1,3947.0,361
2025-03-17 22:00:00,weekday,place-grnst,Green Street,Orange Line,16.0,1799.9,2077.1,1101.4,359
2025-03-17 22:00:00,weekday,place-harsq,Harvard,Red Line,140.0,10860.0,11361.2,9604.7,361
2025-03-17 22:00:00,weekday,place-haecl,Haymarket,"Green Line, Orange Line",211.0,6453.5,6748.3,5715.2,361
2025-03-17 22:00:00,weekday,place-hymnl,Hynes Convention Center,Green Line,78.0,5288.6,5220.1,5460.7,355
2025-03-17 22:00:00,weekday,place-jfk,JFK/UMass,Red Line,20.0,4084.5,4808.4,2173.9,353
2025-03-17 22:00:00,weekday,place-jaksn,Jackson Square,Orange Line,36.0,2846.1,3326.1,1631.9,360
2025-03-17 22:00:00,weekday,place-knncl,Kendall/MIT,Red Line,167.0,8412.3,9925.9,4498.5,355
2025-03-17 22:00:00,weekday,place-kencl,Kenmore,Green Line,157.0,4439.8,4535.1,4203.1,352
2025-03-17 22:00:00,weekday,place-lech,Lechmere,Green Line,12.5,245.6,265.3,196.0,359
2025-03-17 22:00:00,weekday,place-mlmnl,Malden Center,Orange Line,41.0,5719.4,6595.3,3525.2,361
2025-03-17 22:00:00,weekday,place-masta,Massachusetts Avenue,Orange Line,94.0,3184.2,3658.5,1996.0,361
2025-03-17 22:00:00,weekday,place-matt,Mattapan Line,Mattapan Line,3.45,2785.5,3271.4,1568.2,361
2025-03-17 22:00:00,weekday,place-mvbcl,Maverick,Blue Line,96.0,7320.1,8106.1,5351.5,361
2025-03-17 22:00:00,weekday,place-nqncy,North Quincy,Red Line,26.0,2886.8,3386.6,1634.9,361
2025-03-17 22:00:00,weekday,place-north,North Station,"Green Line, Orange Line",1145.0,11662.5,13084.0,8031.2,359
2025-03-17 22:00:00,weekday,place-ogmnl,Oak Grove,Orange Line,8.0,3496.9,4070.8,2045.5,360
2025-03-17 22:00:00,weekday,place-orhte,Orient Heights,Blue Line,42.0,3047.0,3426.0,2079.0,359
2025-03-17 22:00:00,weekday,place-pktrm,Park Street,"Green Line, Red Line",144.0,8842.8,9190.0,7973.2,361
2025-03-17 22:00:00,weekday,place-portr,Porter,Red Line,34.0,4190.9,4505.7,3402.5,361
2025-03-17 22:00:00,weekday,place-prmnl,Prudential,Green Line,73.0,2182.0,2137.6,2292.7,353
2025-03-17 22:00:00,weekday,place-qamnl,Quincy Adams,Red Line,8.0,1560.4,1835.5,867.2,359
2025-03-17 22:00:00,weekday,place-qnctr,Quincy Center,Red Line,36.0,3374.7,3868.8,2094.1,352
2025-03-17 22:00:00,weekday,place-rbmnl,Revere Beach,Blue Line,30.0,2267.8,2518.2,1633.2,357
2025-03-17 22:00:00,weekday,place-river,Riverside,Green Line,6.0,899.9,901.1,896.9,360
2025-03-17 22:00:00,weekday,place-rcmnl,Roxbury Crossing,Orange Line,59.0,2916.6,3388.0,1712.4,359
2025-03-17 22:00:00,weekday,place-rugg,Ruggles,Orange Line,105.0,5463.2,6671.9,2435.5,361
2025-03-17 22:00:00,weekday,place-shmnl,Savin Hill,Red Line,4.0,1248.0,1417.1,824.3,361
2025-03-17 22:00:00,weekday,place-spmnl,Science Park,Green Line,10.0,733.3,762.6,660.0,361
2025-03-17 22:00:00,weekday,place-smmnl,Shawmut,Red Line,9.0,1085.6,1267.3,630.5,361
2025-03-17 22:00:00,weekday,place-sstat,South Station,"Red Line, Silver Line",63.0,11868.8,13721.2,7126.5,356
2025-03-17 22:00:00,weekday,place-state,State Street,"Blue Line, Orange Line",181.0,7246.9,8717.0,3578.8,360
2025-03-17 22:00:00,weekday,place-sbmnl,Stony Brook,Orange Line,16.0,1897.8,2150.5,1257.4,357
2025-03-17 22:00:00,weekday,place-sdmnl,Suffolk Downs,Blue Line,7.0,501.1,568.7,323.9,355
2025-03-17 22:00:00,weekday,place-sull,Sullivan Square,Orange Line,74.0,3949.4,4501.9,2538.3,359
2025-03-17 22:00:00,weekday,place-symcl,Symphony,Green Line,7.0,946.3,920.8,1010.2,327
2025-03-17 22:00:00,weekday,place-tumnl,Tufts Medical Center,Orange Line,79.0,3777.8,4535.5,1880.0,361
2025-03-17 22:00:00,weekday,place-unsqu,Union Square,Green Line,4.17,135.3,144.6,111.3,347
2025-03-17 22:00:00,weekday,place-welln,Wellington,Orange Line,45.0,3899.1,4551.5,2215.9,358
2025-03-17 22:00:00,weekday,place-wlsta,Wollaston,Red Line,15.0,1734.5,2020.8,1017.4,361
2025-03-17 22:00:00,weekday,place-wondl,Wonderland,Blue Line,38.0,3759.9,4264.2,2469.0,356
2025-03-17 22:00:00,weekday,place-wimnl,Wood Island,Blue Line,21.0,1318.7,1467.7,932.0,356
2025-03-17 22:00:00,weekday,place-wtcst,World Trade Center,Silver Line,23.0,1200.2,1316.5,909.0,361
2025-03-17 23:00:00,weekday,place-aport,Airport,Blue Line,118.0,6078.3,6569.2,4836.4,360
2025-03-17 23:00:00,weekday,place-alfcl,Alewife,Red Line,17.0,5780.6,6616.4,3687.0,361
2025-03-17 23:00:00,weekday,place-andrw,Andrew,Red Line,21.0,3255.3,3702.9,2134.3,361
2025-03-17 23:00:00,weekday,place-aqucl,Aquarium,Blue Line,126.0,3333.0,3432.4,3084.2,361
2025-03-17 23:00:00,weekday,place-armnl,Arlington,Green Line,66.0,3907.7,3974.4,3739.3,349
2025-03-17 23:00:00,weekday,place-asmnl,Ashmont,Red Line,7.0,3756.3,4380.3,2193.5,361
2025-03-17 23:00:00,weekday,place-astao,Assembly,Orange Line,17.0,2967.9,3119.5,2588.3,361
2025-03-17 23:00:00,weekday,place-bbsta,Back Bay,Orange Line,170.0,10028.9,11471.0,6270.6,357
2025-03-17 23:00:00,weekday,place-bmmnl,Beachmont,Blue Line,8.0,2348.0,2653.2,1560.5,358
2025-03-17 23:00:00,weekday,place-bomnl,Bowdoin,Blue Line,67.0,1406.3,1701.8,666.0,361
2025-03-17 23:00:00,weekday,place-boyls,Boylston,Green Line,42.0,3859.1,3732.2,4181.6,347
2025-03-17 23:00:00,weekday,place-brntn,Braintree,Red Line,9.0,2316.0,2671.8,1416.0,360
2025-03-17 23:00:00,weekday,place-brdwy,Broadway,Red Line,24.0,3513.1,3928.7,2393.2,351
2025-03-17 23:00:00,weekday,place-cntsq,Central,Red Line,94.0,8250.8,8876.6,6683.3,361
2025-03-17 23:00:00,weekday,place-chmnl,Charles/MGH,Red Line,114.0,5543.2,6654.1,2760.4,361
2025-03-17 23:00:00,weekday,place-chncl,Chinatown,Orange Line,74.0,3955.4,4305.4,3078.5,361
2025-03-17 23:00:00,weekday,place-ccmnl,Community College,Orange Line,27.0,2457.6,3023.7,1039.7,361
2025-03-17 23:00:00,weekday,place-coecl,Copley,Green Line,93.0,7980.6,7980.3,7981.3,350
2025-03-17 23:00:00,weekday,place-crtst,Courthouse,Silver Line,34.0,2253.6,2567.2,1468.3,361
2025-03-17 23:00:00,weekday,place-davis,Davis,Red Line,16.0,4866.6,5296.7,3789.1,361
2025-03-17 23:00:00,weekday,place-dwnxg,Downtown Crossing,"Orange Line, Red Line",138.0,10888.3,12269.6,7428.3,361
2025-03-17 23:00:00,weekday,place-fldcr,Fields Corner,Red Line,7.0,2377.4,2697.5,1575.7,361
2025-03-17 23:00:00,weekday,place-forhl,Forest Hills,Orange Line,32.0,6328.0,7469.5,3468.6,361
2025-03-17 23:00:00,weekday,place-gilmn,Gilman Square,Green Line,4.17,264.1,286.5,207.2,351
2025-03-17 23:00:00,weekday,place-gover,Government Center,"Blue Line, Green Line",83.0,4821.1,5170.1,3947.0,361
2025-03-17 23:00:00,weekday,place-grnst,Green Street,Orange Line,12.0,1799.9,2077.1,1101.4,359
2025-03-17 23:00:00,weekday,place-harsq,Harvard,Red Line,112.0,10860.0,11361.2,9604.7,361
2025-03-17 23:00:00,weekday,place-haecl,Haymarket,"Green Line, Orange Line",94.0,6453.5,6748.3,5715.2,361
2025-03-17 23:00:00,weekday,place-hymnl,Hynes Convention Center,Green Line,59.0,5288.6,5220.1,5460.7,355
2025-03-17 23:00:00,weekday,place-jfk,JFK/UMass,Red Line,17.0,4084.5,4808.4,2173.9,353
2025-03-17 23:00:00,weekday,place-jaksn,Jackson Square,Orange Line,12.0,2846.1,3326.1,1631.9,360
2025-03-17 23:00:00,weekday,place-knncl,Kendall/MIT,Red Line,82.0,8412.3,9925.9,4498.5,355
2025-03-17 23:00:00,weekday,place-kencl,Kenmore,Green Line,248.0,4439.8,4535.1,4203.1,352
2025-03-17 23:00:00,weekday,place-lech,Lechmere,Green Line,4.17,245.6,265.3,196.0,359
2025-03-17 23:00:00,weekday,place-mlmnl,Malden Center,Orange Line,23.0,5719.4,6595.3,3525.2,361
2025-03-17 23:00:00,weekday,place-masta,Massachusetts Avenue,Orange Line,49.0,3184.2,3658.5,1996.0,361
2025-03-17 23:00:00,weekday,place-matt,Mattapan Line,Mattapan Line,1.15,2785.5,3271.4,1568.2,361
2025-03-17 23:00:00,weekday,place-mvbcl,Maverick,Blue Line,56.0,7320.1,8106.1,5351.5,361
2025-03-17 23:00:00,weekday,place-nqncy,North Quincy,Red Line,10.0,2886.8,3386.6,1634.9,361
2025-03-17 23:00:00,weekday,place-north,North Station,"Green Line, Orange Line",205.0,11662.5,13084.0,8031.2,359
2025-03-17 23:00:00,weekday,place-ogmnl,Oak Grove,Orange Line,3.0,3496.9,4070.8,2045.5,360
2025-03-17 23:00:00,weekday,place-orhte,Orient Heights,Blue Line,21.0,3047.0,3426.0,2079.0,359
2025-03-17 23:00:00,weekday,place-pktrm,Park Street,"Green Line, Red Line",98.0,8842.8,9190.0,7973.2,361
2025-03-17 23:00:00,weekday,place-portr,Porter,Red Line,21.0,4190.9,4505.7,3402.5,361
2025-03-17 23:00:00,weekday,place-prmnl,Prudential,Green Line,36.0,2182.0,2137.6,2292.7,353
2025-03-17 23:00:00,weekday,place-qamnl,Quincy Adams,Red Line,5.0,1560.4,1835.5,867.2,359
2025-03-17 23:00:00,weekday,place-qnctr,Quincy Center,Red Line,20.0,3374.7,3868.8,2094.1,352
2025-03-17 23:00:00,weekday,place-rbmnl,Revere Beach,Blue Line,17.0,2267.8,2518.2,1633.2,357
2025-03-17 23:00:00,weekday,place-river,Riverside,Green Line,7.0,899.9,901.1,896.9,360
2025-03-17 23:00:00,weekday,place-rcmnl,Roxbury Crossing,Orange Line,30.0,2916.6,3388.0,1712.4,359
2025-03-17 23:00:00,weekday,place-rugg,Ruggles,Orange Line,79.0,5463.2,6671.9,2435.5,361
2025-03-17 23:00:00,weekday,place-shmnl,Savin Hill,Red Line,2.0,1248.0,1417.1,824.3,361
2025-03-17 23:00:00,weekday,place-spmnl,Science Park,Green Line,9.0,733.3,762.6,660.0,361
2025-03-17 23:00:00,weekday,place-smmnl,Shawmut,Red Line,2.0,1085.6,1267.3,630.5,361
2025-03-17 23:00:00,weekday,place-sstat,South Station,"Red Line, Silver Line",51.0,11868.8,13721.2,7126.5,356
2025-03-17 23:00:00,weekday,place-state,State Street,"Blue Line, Orange Line",138.0,7246.9,8717.0,3578.8,360
2025-03-17 23:00:00,weekday,place-sbmnl,Stony Brook,Orange Line,7.0,1897.8,2150.5,1257.4,357
2025-03-17 23:00:00,weekday,place-sdmnl,Suffolk Downs,Blue Line,2.0,501.1,568.7,323.9,355
2025-03-17 23:00:00,weekday,place-sull,Sullivan Square,Orange Line,37.0,3949.4,4501.9,2538.3,359
2025-03-17 23:00:00,weekday,place-symcl,Symphony,Green Line,2.0,946.3,920.8,1010.2,327
2025-03-17 23:00:00,weekday,place-tumnl,Tufts Medical Center,Orange Line,67.0,3777.8,4535.5,1880.0,361
2025-03-17 23:00:00,weekday,place-welln,Wellington,Orange Line,21.0,3899.1,4551.5,2215.9,358
2025-03-17 23:00:00,weekday,place-wlsta,Wollaston,Red Line,3.0,1734.5,2020.8,1017.4,361
2025-03-17 23:00:00,weekday,place-wondl,Wonderland,Blue Line,28.0,3759.9,4264.2,2469.0,356
2025-03-17 23:00:00,weekday,place-wimnl,Wood Island,Blue Line,15.0,1318.7,1467.7,932.0,356
2025-03-17 23:00:00,weekday,place-wtcst,World Trade Center,Silver Line,23.0,1200.2,1316.5,909.0,361
2025-10-13 00:00:00,weekday,place-aport,Airport,Blue Line,66.0,6078.3,6569.2,4836.4,360
2025-10-13 00:00:00,weekday,place-alfcl,Alewife,Red Line,5.0,5780.6,6616.4,3687.0,361
2025-10-13 00:00:00,weekday,place-andrw,Andrew,Red Line,5.0,3255.3,3702.9,2134.3,361
2025-10-13 00:00:00,weekday,place-aqucl,Aquarium,Blue Line,31.0,3333.0,3432.4,3084.2,361
2025-10-13 00:00:00,weekday,place-armnl,Arlington,Green Line,16.0,3907.7,3974.4,3739.3,349
2025-10-13 00:00:00,weekday,place-asmnl,Ashmont,Red Line,10.0,3756.3,4380.3,2193.5,361
2025-10-13 00:00:00,weekday,place-astao,Assembly,Orange Line,5.0,2967.9,3119.5,2588.3,361
2025-10-13 00:00:00,weekday,place-bmmnl,Beachmont,Blue Line,3.0,2348.0,2653.2,1560.5,358
2025-10-13 00:00:00,weekday,place-bomnl,Bowdoin,Blue Line,5.0,1406.3,1701.8,666.0,361
2025-10-13 00:00:00,weekday,place-boyls,Boylston,Green Line,50.0,3859.1,3732.2,4181.6,347
2025-10-13 00:00:00,weekday,place-brntn,Braintree,Red Line,5.0,2316.0,2671.8,1416.0,360
2025-10-13 00:00:00,weekday,place-brdwy,Broadway,Red Line,8.0,3513.1,3928.7,2393.2,351
2025-10-13 00:00:00,weekday,place-cntsq,Central,Red Line,32.0,8250.8,8876.6,6683.3,361
2025-10-13 00:00:00,weekday,place-chmnl,Charles/MGH,Red Line,6.0,5543.2,6654.1,2760.4,361
2025-10-13 00:00:00,weekday,place-ccmnl,Community College,Orange Line,2.0,2457.6,3023.7,1039.7,361
2025-10-13 00:00:00,weekday,place-coecl,Copley,Green Line,47.0,7980.6,7980.3,7981.3,350
2025-10-13 00:00:00,weekday,place-crtst,Courthouse,Silver Line,6.0,2253.6,2567.2,1468.3,361
2025-10-13 00:00:00,weekday,place-davis,Davis,Red Line,12.0,4866.6,5296.7,3789.1,361
2025-10-13 00:00:00,weekday,place-dwnxg,Downtown Crossing,"Orange Line, Red Line",24.0,10888.3,12269.6,7428.3,361
2025-10-13 00:00:00,weekday,place-fldcr,Fields Corner,Red Line,5.0,2377.4,2697.5,1575.7,361
2025-10-13 00:00:00,weekday,place-gover,Government Center,"Blue Line, Green Line",18.0,4821.1,5170.1,3947.0,361
2025-10-13 00:00:00,weekday,place-harsq,Harvard,Red Line,41.0,10860.0,11361.2,9604.7,361
2025-10-13 00:00:00,weekday,place-haecl,Haymarket,"Green Line, Orange Line",22.0,6453.5,6748.3,5715.2,361
2025-10-13 00:00:00,weekday,place-hymnl,Hynes Convention Center,Green Line,56.0,5288.6,5220.1,5460.7,355
2025-10-13 00:00:00,weekday,place-jfk,JFK/UMass,Red Line,2.0,4084.5,4808.4,2173.9,353
2025-10-13 00:00:00,weekday,place-knncl,Kendall/MIT,Red Line,23.0,8412.3,9925.9,4498.5,355
2025-10-13 00:00:00,weekday,place-kencl,Kenmore,Green Line,28.0,4439.8,4535.1,4203.1,352
2025-10-13 00:00:00,weekday,place-mgngl,Magoun Square,Green Line,0.84,128.3,138.1,103.5,349
2025-10-13 00:00:00,weekday,place-mlmnl,Malden Center,Orange Line,3.0,5719.4,6595.3,3525.2,361
2025-10-13 00:00:00,weekday,place-matt,Mattapan Line,Mattapan Line,8.06,2785.5,3271.4,1568.2,361
2025-10-13 00:00:00,weekday,place-mvbcl,Maverick,Blue Line,20.0,7320.1,8106.1,5351.5,361
2025-10-13 00:00:00,weekday,place-nqncy,North Quincy,Red Line,3.0,2886.8,3386.6,1634.9,361
2025-10-13 00:00:00,weekday,place-north,North Station,"Green Line, Orange Line",62.0,11662.5,13084.0,8031.2,359
2025-10-13 00:00:00,weekday,place-ogmnl,Oak Grove,Orange Line,2.0,3496.9,4070.8,2045.5,360
2025-10-13 00:00:00,weekday,place-orhte,Orient Heights,Blue Line,6.0,3047.0,3426.0,2079.0,359
2025-10-13 00:00:00,weekday,place-pktrm,Park Street,"Green Line, Red Line",43.0,8842.8,9190.0,7973.2,361
2025-10-13 00:00:00,weekday,place-portr,Porter,Red Line,10.0,4190.9,4505.7,3402.5,361
2025-10-13 00:00:00,weekday,place-prmnl,Prudential,Green Line,10.0,2182.0,2137.6,2292.7,353
2025-10-13 00:00:00,weekday,place-qamnl,Quincy Adams,Red Line,2.0,1560.4,1835.5,867.2,359
2025-10-13 00:00:00,weekday,place-qnctr,Quincy Center,Red Line,2.0,3374.7,3868.8,2094.1,352
2025-10-13 00:00:00,weekday,place-rbmnl,Revere Beach,Blue Line,2.0,2267.8,2518.2,1633.2,357
2025-10-13 00:00:00,weekday,place-river,Riverside,Green Line,1.0,899.9,901.1,896.9,360
2025-10-13 00:00:00,weekday,place-rugg,Ruggles,Orange Line,4.0,5463.2,6671.9,2435.5,361
2025-10-13 00:00:00,weekday,place-shmnl,Savin Hill,Red Line,4.0,1248.0,1417.1,824.3,361
2025-10-13 00:00:00,weekday,place-spmnl,Science Park,Green Line,2.0,733.3,762.6,660.0,361
2025-10-13 00:00:00,weekday,place-smmnl,Shawmut,Red Line,2.0,1085.6,1267.3,630.5,361
2025-10-13 00:00:00,weekday,place-sstat,South Station,"Red Line, Silver Line",58.0,11868.8,13721.2,7126.5,356
2025-10-13 00:00:00,weekday,place-state,State Street,"Blue Line, Orange Line",13.0,7246.9,8717.0,3578.8,360
2025-10-13 00:00:00,weekday,place-sdmnl,Suffolk Downs,Blue Line,1.0,501.1,568.7,323.9,355
2025-10-13 00:00:00,weekday,place-sull,Sullivan Square,Orange Line,8.0,3949.4,4501.9,2538.3,359
2025-10-13 00:00:00,weekday,place-symcl,Symphony,Green Line,13.0,946.3,920.8,1010.2,327
2025-10-13 00:00:00,weekday,place-tumnl,Tufts Medical Center,Orange Line,1.0,3777.8,4535.5,1880.0,361
2025-10-13 00:00:00,weekday,place-welln,Wellington,Orange Line,1.0,3899.1,4551.5,2215.9,358
2025-10-13 00:00:00,weekday,place-wlsta,Wollaston,Red Line,2.0,1734.5,2020.8,1017.4,361
2025-10-13 00:00:00,weekday,place-wondl,Wonderland,Blue Line,6.0,3759.9,4264.2,2469.0,356
2025-10-13 00:00:00,weekday,place-wimnl,Wood Island,Blue Line,5.0,1318.7,1467.7,932.0,356
2025-10-13 00:00:00,weekday,place-wtcst,World Trade Center,Silver Line,8.0,1200.2,1316.5,909.0,361
2025-10-13 01:00:00,weekday,place-aport,Airport,Blue Line,5.0,6078.3,6569.2,4836.4,360
2025-10-13 01:00:00,weekday,place-alfcl,Alewife,Red Line,2.0,5780.6,6616.4,3687.0,361
2025-10-13 01:00:00,weekday,place-armnl,Arlington,Green Line,2.0,3907.7,3974.4,3739.3,349
2025-10-13 01:00:00,weekday,place-asmnl,Ashmont,Red Line,3.0,3756.3,4380.3,2193.5,361
2025-10-13 01:00:00,weekday,place-bbsta,Back Bay,Orange Line,2.0,10028.9,11471.0,6270.6,357
2025-10-13 01:00:00,weekday,place-bmmnl,Beachmont,Blue Line,2.0,2348.0,2653.2,1560.5,358
2025-10-13 01:00:00,weekday,place-boyls,Boylston,Green Line,6.0,3859.1,3732.2,4181.6,347
2025-10-13 01:00:00,weekday,place-brntn,Braintree,Red Line,2.0,2316.0,2671.8,1416.0,360
2025-10-13 01:00:00,weekday,place-brdwy,Broadway,Red Line,2.0,3513.1,3928.7,2393.2,351
2025-10-13 01:00:00,weekday,place-cntsq,Central,Red Line,2.0,8250.8,8876.6,6683.3,361
2025-10-13 01:00:00,weekday,place-chmnl,Charles/MGH,Red Line,1.0,5543.2,6654.1,2760.4,361
2025-10-13 01:00:00,weekday,place-chncl,Chinatown,Orange Line,1.0,3955.4,4305.4,3078.5,361
2025-10-13 01:00:00,weekday,place-ccmnl,Community College,Orange Line,3.0,2457.6,3023.7,1039.7,361
2025-10-13 01:00:00,weekday,place-coecl,Copley,Green Line,6.0,7980.6,7980.3,7981.3,350
2025-10-13 01:00:00,weekday,place-davis,Davis,Red Line,1.0,4866.6,5296.7,3789.1,361
2025-10-13 01:00:00,weekday,place-dwnxg,Downtown Crossing,"Orange Line, Red Line",2.0,10888.3,12269.6,7428.3,361
2025-10-13 01:00:00,weekday,place-fldcr,Fields Corner,Red Line,1.0,2377.4,2697.5,1575.7,361
2025-10-13 01:00:00,weekday,place-gover,Government Center,"Blue Line, Green Line",1.0,4821.1,5170.1,3947.0,361
2025-10-13 01:00:00,weekday,place-harsq,Harvard,Red Line,1.0,10860.0,11361.2,9604.7,361
2025-10-13 01:00:00,weekday,place-haecl,Haymarket,"Green Line, Orange Line",8.0,6453.5,6748.3,5715.2,361
2025-10-13 01:00:00,weekday,place-hymnl,Hynes Convention Center,Green Line,5.0,5288.6,5220.1,5460.7,355
2025-10-13 01:00:00,weekday,place-jfk,JFK/UMass,Red Line,3.0,4084.5,4808.4,2173.9,353
2025-10-13 01:00:00,weekday,place-kencl,Kenmore,Green Line,5.0,4439.8,4535.1,4203.1,352
2025-10-13 01:00:00,weekday,place-mlmnl,Malden Center,Orange Line,1.0,5719.4,6595.3,3525.2,361
2025-10-13 01:00:00,weekday,place-matt,Mattapan Line,Mattapan Line,1.15,2785.5,3271.4,1568.2,361
2025-10-13 01:00:00,weekday,place-mvbcl,Maverick,Blue Line,2.0,7320.1,8106.1,5351.5,361
2025-10-13 01:00:00,weekday,place-nqncy,North Quincy,Red Line,1.0,2886.8,3386.6,1634.9,361
2025-10-13 01:00:00,weekday,place-north,North Station,"Green Line, Orange Line",5.0,11662.5,13084.0,8031.2,359
2025-10-13 01:00:00,weekday,place-ogmnl,Oak Grove,Orange Line,2.0,3496.9,4070.8,2045.5,360
2025-10-13 01:00:00,weekday,place-orhte,Orient Heights,Blue Line,1.0,3047.0,3426.0,2079.0,359
2025-10-13 01:00:00,weekday,place-pktrm,Park Street,"Green Line, Red Line",7.0,8842.8,9190.0,7973.2,361
2025-10-13 01:00:00,weekday,place-prmnl,Prudential,Green Line,1.0,2182.0,2137.6,2292.7,353
2025-10-13 01:00:00,weekday,place-qnctr,Quincy Center,Red Line,2.0,3374.7,3868.8,2094.1,352
2025-10-13 01:00:00,weekday,place-rbmnl,Revere Beach,Blue Line,2.0,2267.8,2518.2,1633.2,357
2025-10-13 01:00:00,weekday,place-rugg,Ruggles,Orange Line,2.0,5463.2,6671.9,2435.5,361
2025-10-13 01:00:00,weekday,place-spmnl,Science Park,Green Line,1.0,733.3,762.6,660.0,361
2025-10-13 01:00:00,weekday,place-sstat,South Station,"Red Line, Silver Line",5.0,11868.8,13721.2,7126.5,356
2025-10-13 01:00:00,weekday,place-sull,Sullivan Square,Orange Line,2.0,3949.4,4501.9,2538.3,359
2025-10-13 01:00:00,weekday,place-symcl,Symphony,Green Line,2.0,946.3,920.8,1010.2,327
2025-10-13 01:00:00,weekday,place-welln,Wellington,Orange Line,1.0,3899.1,4551.5,2215.9,358
2025-10-13 01:00:00,weekday,place-wlsta,Wollaston,Red Line,1.0,1734.5,2020.8,1017.4,361
2025-10-13 01:00:00,weekday,place-wimnl,Wood Island,Blue Line,1.0,1318.7,1467.7,932.0,356
2025-10-13 02:00:00,weekday,place-rugg,Ruggles,Orange Line,1.0,5463.2,6671.9,2435.5,361
2025-10-13 03:00:00,weekday,place-aport,Airport,Blue Line,1.0,6078.3,6569.2,4836.4,360
2025-10-13 03:00:00,weekday,place-bbsta,Back Bay,Orange Line,1.0,10028.9,11471.0,6270.6,357
2025-10-13 03:00:00,weekday,place-brntn,Braintree,Red Line,1.0,2316.0,2671.8,1416.0,360
2025-10-13 03:00:00,weekday,place-dwnxg,Downtown Crossing,"Orange Line, Red Line",1.0,10888.3,12269.6,7428.3,361
2025-10-13 03:00:00,weekday,place-jfk,JFK/UMass,Red Line,1.0,4084.5,4808.4,2173.9,353
2025-10-13 03:00:00,weekday,place-smmnl,Shawmut,Red Line,1.0,1085.6,1267.3,630.5,361
2025-10-13 03:00:00,weekday,place-state,State Street,"Blue Line, Orange Line",1.0,7246.9,8717.0,3578.8,360
2025-10-13 03:00:00,weekday,place-wlsta,Wollaston,Red Line,4.0,1734.5,2020.8,1017.4,361
2025-10-13 04:00:00,weekday,place-aport,Airport,Blue Line,9.0,6078.3,6569.2,4836.4,360
2025-10-13 04:00:00,weekday,place-alfcl,Alewife,Red Line,4.0,5780.6,6616.4,3687.0,361
2025-10-13 04:00:00,weekday,place-aqucl,Aquarium,Blue Line,3.0,3333.0,3432.4,3084.2,361
2025-10-13 04:00:00,weekday,place-armnl,Arlington,Green Line,1.0,3907.7,3974.4,3739.3,349
2025-10-13 04:00:00,weekday,place-asmnl,Ashmont,Red Line,10.0,3756.3,4380.3,2193.5,361
2025-10-13 04:00:00,weekday,place-astao,Assembly,Orange Line,2.0,2967.9,3119.5,2588.3,361
2025-10-13 04:00:00,weekday,place-bmmnl,Beachmont,Blue Line,3.0,2348.0,2653.2,1560.5,358
2025-10-13 04:00:00,weekday,place-brntn,Braintree,Red Line,24.0,2316.0,2671.8,1416.0,360
2025-10-13 04:00:00,weekday,place-brdwy,Broadway,Red Line,2.0,3513.1,3928.7,2393.2,351
2025-10-13 04:00:00,weekday,place-cntsq,Central,Red Line,4.0,8250.8,8876.6,6683.3,361
2025-10-13 04:00:00,weekday,place-chmnl,Charles/MGH,Red Line,1.0,5543.2,6654.1,2760.4,361
2025-10-13 04:00:00,weekday,place-ccmnl,Community College,Orange Line,2.0,2457.6,3023.7,1039.7,361
2025-10-13 04:00:00,weekday,place-crtst,Courthouse,Silver Line,3.0,2253.6,2567.2,1468.3,361
2025-10-13 04:00:00,weekday,place-davis,Davis,Red Line,1.0,4866.6,5296.7,3789.1,361
2025-10-13 04:00:00,weekday,place-dwnxg,Downtown Crossing,"Orange Line, Red Line",3.0,10888.3,12269.6,7428.3,361
2025-10-13 04:00:00,weekday,place-fldcr,Fields Corner,Red Line,2.0,2377.4,2697.5,1575.7,361
2025-10-13 04:00:00,weekday,place-gover,Government Center,"Blue Line, Green Line",1.0,4821.1,5170.1,3947.0,361
2025-10-13 04:00:00,weekday,place-grnst,Green Street,Orange Line,4.0,1799.9,2077.1,1101.4,359
2025-10-13 04:00:00,weekday,place-harsq,Harvard,Red Line,1.0,10860.0,11361.2,9604.7,361
2025-10-13 04:00:00,weekday,place-haecl,Haymarket,"Green Line, Orange Line",10.0,6453.5,6748.3,5715.2,361
2025-10-13 04:00:00,weekday,place-hymnl,Hynes Convention Center,Green Line,3.0,5288.6,5220.1,5460.7,355
2025-10-13 04:00:00,weekday,place-jfk,JFK/UMass,Red Line,2.0,4084.5,4808.4,2173.9,353
2025-10-13 04:00:00,weekday,place-knncl,Kendall/MIT,Red Line,3.0,8412.3,9925.9,4498.5,355
2025-10-13 04:00:00,weekday,place-kencl,Kenmore,Green Line,1.0,4439.8,4535.1,4203.1,352
2025-10-13 04:00:00,weekday,place-lech,Lechmere,Green Line,0.84,245.6,265.3,196.0,359
2025-10-13 04:00:00,weekday,place-mlmnl,Malden Center,Orange Line,1.0,5719.4,6595.3,3525.2,361
2025-10-13 04:00:00,weekday,place-matt,Mattapan Line,Mattapan Line,6.91,2785.5,3271.4,1568.2,361
2025-10-13 04:00:00,weekday,place-mvbcl,Maverick,Blue Line,3.0,7320.1,8106.1,5351.5,361
2025-10-13 04:00:00,weekday,place-nqncy,North Quincy,Red Line,2.0,2886.8,3386.6,1634.9,361
2025-10-13 04:00:00,weekday,place-north,North Station,"Green Line, Orange Line",5.0,11662.5,13084.0,8031.2,359
2025-10-13 04:00:00,weekday,place-ogmnl,Oak Grove,Orange Line,6.0,3496.9,4070.8,2045.5,360
2025-10-13 04:00:00,weekday,place-orhte,Orient Heights,Blue Line,20.0,3047.0,3426.0,2079.0,359
2025-10-13 04:00:00,weekday,place-pktrm,Park Street,"Green Line, Red Line",3.0,8842.8,9190.0,7973.2,361
2025-10-13 04:00:00,weekday,place-portr,Porter,Red Line,1.0,4190.9,4505.7,3402.5,361
2025-10-13 04:00:00,weekday,place-prmnl,Prudential,Green Line,4.0,2182.0,2137.6,2292.7,353
2025-10-13 04:00:00,weekday,place-qamnl,Quincy Adams,Red Line,1.0,1560.4,1835.5,867.2,359
2025-10-13 04:00:00,weekday,place-qnctr,Quincy Center,Red Line,5.0,3374.7,3868.8,2094.1,352
2025-10-13 04:00:00,weekday,place-rbmnl,Revere Beach,Blue Line,2.0,2267.8,2518.2,1633.2,357
2025-10-13 04:00:00,weekday,place-river,Riverside,Green Line,5.0,899.9,901.1,896.9,360
2025-10-13 04:00:00,weekday,place-rcmnl,Roxbury Crossing,Orange Line,1.0,2916.6,3388.0,1712.4,359
2025-10-13 04:00:00,weekday,place-shmnl,Savin Hill,Red Line,2.0,1248.0,1417.1,824.3,361
2025-10-13 04:00:00,weekday,place-spmnl,Science Park,Green Line,1.0,733.3,762.6,660.0,361
2025-10-13 04:00:00,weekday,place-sstat,South Station,"Red Line, Silver Line",5.0,11868.8,13721.2,7126.5,356
2025-10-13 04:00:00,weekday,place-state,State Street,"Blue Line, Orange Line",3.0,7246.9,8717.0,3578.8,360
2025-10-13 04:00:00,weekday,place-sull,Sullivan Square,Orange Line,3.0,3949.4,4501.9,2538.3,359
2025-10-13 04:00:00,weekday,place-symcl,Symphony,Green Line,2.0,946.3,920.8,1010.2,327
2025-10-13 04:00:00,weekday,place-welln,Wellington,Orange Line,2.0,3899.1,4551.5,2215.9,358
2025-10-13 04:00:00,weekday,place-wlsta,Wollaston,Red Line,30.0,1734.5,2020.8,1017.4,361
2025-10-13 04:00:00,weekday,place-wondl,Wonderland,Blue Line,8.0,3759.9,4264.2,2469.0,356
2025-10-13 04:00:00,weekday,place-wimnl,Wood Island,Blue Line,3.0,1318.7,1467.7,932.0,356
2025-10-13 04:00:00,weekday,place-wtcst,World Trade Center,Silver Line,8.0,1200.2,1316.5,909.0,361
2025-10-13 05:00:00,weekday,place-aport,Airport,Blue Line,149.0,6078.3,6569.2,4836.4,360
2025-10-13 05:00:00,weekday,place-alfcl,Alewife,Red Line,43.0,5780.6,6616.4,3687.0,361
2025-10-13 05:00:00,weekday,place-andrw,Andrew,Red Line,55.0,3255.3,3702.9,2134.3,361
2025-10-13 05:00:00,weekday,place-aqucl,Aquarium,Blue Line,10.0,3333.0,3432.4,3084.2,361
2025-10-13 05:00:00,weekday,place-armnl,Arlington,Green Line,4.0,3907.7,3974.4,3739.3,349
2025-10-13 05:00:00,weekday,place-asmnl,Ashmont,Red Line,114.0,3756.3,4380.3,2193.5,361
2025-10-13 05:00:00,weekday,place-astao,Assembly,Orange Line,5.0,2967.9,3119.5,2588.3,361
2025-10-13 05:00:00,weekday,place-bbsta,Back Bay,Orange Line,3.0,10028.9,11471.0,6270.6,357
2025-10-13 05:00:00,weekday,place-balsq,Ball Square,Green Line,4.28,139.3,150.9,109.9,350
2025-10-13 05:00:00,weekday,place-bmmnl,Beachmont,Blue Line,103.0,2348.0,2653.2,1560.5,358
2025-10-13 05:00:00,weekday,place-bomnl,Bowdoin,Blue Line,3.0,1406.3,1701.8,666.0,361
2025-10-13 05:00:00,weekday,place-boyls,Boylston,Green Line,11.0,3859.1,3732.2,4181.6,347
2025-10-13 05:00:00,weekday,place-brntn,Braintree,Red Line,75.0,2316.0,2671.8,1416.0,360
2025-10-13 05:00:00,weekday,place-brdwy,Broadway,Red Line,23.0,3513.1,3928.7,2393.2,351
2025-10-13 05:00:00,weekday,place-cntsq,Central,Red Line,34.0,8250.8,8876.6,6683.3,361
2025-10-13 05:00:00,weekday,place-chmnl,Charles/MGH,Red Line,7.0,5543.2,6654.1,2760.4,361
2025-10-13 05:00:00,weekday,place-ccmnl,Community College,Orange Line,10.0,2457.6,3023.7,1039.7,361
2025-10-13 05:00:00,weekday,place-coecl,Copley,Green Line,36.0,7980.6,7980.3,7981.3,350
2025-10-13 05:00:00,weekday,place-crtst,Courthouse,Silver Line,1.0,2253.6,2567.2,1468.3,361
2025-10-13 05:00:00,weekday,place-davis,Davis,Red Line,28.0,4866.6,5296.7,3789.1,361
2025-10-13 05:00:00,weekday,place-dwnxg,Downtown Crossing,"Orange Line, Red Line",40.0,10888.3,12269.6,7428.3,361
2025-10-13 05:00:00,weekday,place-esomr,East Somerville,Green Line,2.07,70.5,75.8,56.8,350
2025-10-13 05:00:00,weekday,place-fldcr,Fields Corner,Red Line,84.0,2377.4,2697.5,1575.7,361
2025-10-13 05:00:00,weekday,place-forhl,Forest Hills,Orange Line,1.0,6328.0,7469.5,3468.6,361
2025-10-13 05:00:00,weekday,place-gilmn,Gilman Square,Green Line,1.67,264.1,286.5,207.2,351
2025-10-13 05:00:00,weekday,place-gover,Government Center,"Blue Line, Green Line",13.0,4821.1,5170.1,3947.0,361
2025-10-13 05:00:00,weekday,place-harsq,Harvard,Red Line,56.0,10860.0,11361.2,9604.7,361
2025-10-13 05:00:00,weekday,place-haecl,Haymarket,"Green Line, Orange Line",93.0,6453.5,6748.3,5715.2,361
2025-10-13 05:00:00,weekday,place-hymnl,Hynes Convention Center,Green Line,14.0,5288.6,5220.1,5460.7,355
2025-10-13 05:00:00,weekday,place-jfk,JFK/UMass,Red Line,46.0,4084.5,4808.4,2173.9,353
2025-10-13 05:00:00,weekday,place-knncl,Kendall/MIT,Red Line,10.0,8412.3,9925.9,4498.5,355
2025-10-13 05:00:00,weekday,place-kencl,Kenmore,Green Line,31.0,4439.8,4535.1,4203.1,352
2025-10-13 05:00:00,weekday,place-mlmnl,Malden Center,Orange Line,189.0,5719.4,6595.3,3525.2,361
2025-10-13 05:00:00,weekday,place-matt,Mattapan Line,Mattapan Line,65.66,2785.5,3271.4,1568.2,361
2025-10-13 05:00:00,weekday,place-mvbcl,Maverick,Blue Line,196.0,7320.1,8106.1,5351.5,361
2025-10-13 05:00:00,weekday,place-nqncy,North Quincy,Red Line,40.0,2886.8,3386.6,1634.9,361
2025-10-13 05:00:00,weekday,place-north,North Station,"Green Line, Orange Line",90.0,11662.5,13084.0,8031.2,359
2025-10-13 05:00:00,weekday,place-ogmnl,Oak Grove,Orange Line,72.0,3496.9,4070.8,2045.5,360
2025-10-13 05:00:00,weekday,place-orhte,Orient Heights,Blue Line,108.0,3047.0,3426.0,2079.0,359
2025-10-13 05:00:00,weekday,place-pktrm,Park Street,"Green Line, Red Line",32.0,8842.8,9190.0,7973.2,361
2025-10-13 05:00:00,weekday,place-portr,Porter,Red Line,22.0,4190.9,4505.7,3402.5,361
2025-10-13 05:00:00,weekday,place-prmnl,Prudential,Green Line,17.0,2182.0,2137.6,2292.7,353
2025-10-13 05:00:00,weekday,place-qamnl,Quincy Adams,Red Line,29.0,1560.4,1835.5,867.2,359
2025-10-13 05:00:00,weekday,place-qnctr,Quincy Center,Red Line,83.0,3374.7,3868.8,2094.1,352
2025-10-13 05:00:00,weekday,place-rbmnl,Revere Beach,Blue Line,122.0,2267.8,2518.2,1633.2,357
2025-10-13 05:00:00,weekday,place-river,Riverside,Green Line,15.0,899.9,901.1,896.9,360
2025-10-13 05:00:00,weekday,place-rcmnl,Roxbury Crossing,Orange Line,1.0,2916.6,3388.0,1712.4,359
2025-10-13 05:00:00,weekday,place-rugg,Ruggles,Orange Line,2.0,5463.2,6671.9,2435.5,361
2025-10-13 05:00:00,weekday,place-shmnl,Savin Hill,Red Line,25.0,1248.0,1417.1,824.3,361
2025-10-13 05:00:00,weekday,place-smmnl,Shawmut,Red Line,26.0,1085.6,1267.3,630.5,361
2025-10-13 05:00:00,weekday,place-sstat,South Station,"Red Line, Silver Line",72.0,11868.8,13721.2,7126.5,356
2025-10-13 05:00:00,weekday,place-state,State Street,"Blue Line, Orange Line",6.0,7246.9,8717.0,3578.8,360
2025-10-13 05:00:00,weekday,place-sdmnl,Suffolk Downs,Blue Line,19.0,501.1,568.7,323.9,355
2025-10-13 05:00:00,weekday,place-sull,Sullivan Square,Orange Line,89.0,3949.4,4501.9,2538.3,359
2025-10-13 05:00:00,weekday,place-symcl,Symphony,Green Line,6.0,946.3,920.8,1010.2,327
2025-10-13 05:00:00,weekday,place-unsqu,Union Square,Green Line,2.27,135.3,144.6,111.3,347
2025-10-13 05:00:00,weekday,place-welln,Wellington,Orange Line,78.0,3899.1,4551.5,2215.9,358
2025-10-13 05:00:00,weekday,place-wlsta,Wollaston,Red Line,59.0,1734.5,2020.8,1017.4,361
2025-10-13 05:00:00,weekday,place-wondl,Wonderland,Blue Line,128.0,3759.9,4264.2,2469.0,356
2025-10-13 05:00:00,weekday,place-wimnl,Wood Island,Blue Line,46.0,1318.7,1467.7,932.0,356
2025-10-13 05:00:00,weekday,place-wtcst,World Trade Center,Silver Line,14.0,1200.2,1316.5,909.0,361
2025-10-13 06:00:00,weekday,place-aport,Airport,Blue Line,288.0,6078.3,6569.2,4836.4,360
2025-10-13 06:00:00,weekday,place-alfcl,Alewife,Red Line,135.0,5780.6,6616.4,3687.0,361
2025-10-13 06:00:00,weekday,place-andrw,Andrew,Red Line,95.0,3255.3,3702.9,2134.3,361
2025-10-13 06:00:00,weekday,place-aqucl,Aquarium,Blue Line,22.0,3333.0,3432.4,3084.2,361
2025-10-13 06:00:00,weekday,place-armnl,Arlington,Green Line,25.0,3907.7,3974.4,3739.3,349
2025-10-13 06:00:00,weekday,place-asmnl,Ashmont,Red Line,229.0,3756.3,4380.3,2193.5,361
2025-10-13 06:00:00,weekday,place-astao,Assembly,Orange Line,33.0,2967.9,3119.5,2588.3,361
2025-10-13 06:00:00,weekday,place-bbsta,Back Bay,Orange Line,2.0,10028.9,11471.0,6270.6,357
2025-10-13 06:00:00,weekday,place-balsq,Ball Square,Green Line,1.67,139.3,150.9,109.9,350
2025-10-13 06:00:00,weekday,place-bmmnl,Beachmont,Blue Line,162.0,2348.0,2653.2,1560.5,358
2025-10-13 06:00:00,weekday,place-bomnl,Bowdoin,Blue Line,5.0,1406.3,1701.8,666.0,361
2025-10-13 06:00:00,weekday,place-boyls,Boylston,Green Line,27.0,3859.1,3732.2,4181.6,347
2025-10-13 06:00:00,weekday,place-brntn,Braintree,Red Line,119.0,2316.0,2671.8,1416.0,360
2025-10-13 06:00:00,weekday,place-brdwy,Broadway,Red Line,67.0,3513.1,3928.7,2393.2,351
2025-10-13 06:00:00,weekday,place-cntsq,Central,Red Line,114.0,8250.8,8876.6,6683.3,361
2025-10-13 06:00:00,weekday,place-chmnl,Charles/MGH,Red Line,33.0,5543.2,6654.1,2760.4,361
2025-10-13 06:00:00,weekday,place-chncl,Chinatown,Orange Line,1.0,3955.4,4305.4,3078.5,361
2025-10-13 06:00:00,weekday,place-ccmnl,Community College,Orange Line,26.0,2457.6,3023.7,1039.7,361
2025-10-13 06:00:00,weekday,place-coecl,Copley,Green Line,130.0,7980.6,7980.3,7981.3,350
2025-10-13 06:00:00,weekday,place-crtst,Courthouse,Silver Line,12.0,2253.6,2567.2,1468.3,361
2025-10-13 06:00:00,weekday,place-davis,Davis,Red Line,94.0,4866.6,5296.7,3789.1,361
2025-10-13 06:00:00,weekday,place-dwnxg,Downtown Crossing,"Orange Line, Red Line",84.0,10888.3,12269.6,7428.3,361
2025-10-13 06:00:00,weekday,place-fldcr,Fields Corner,Red Line,123.0,2377.4,2697.5,1575.7,361
2025-10-13 06:00:00,weekday,place-gilmn,Gilman Square,Green Line,6.35,264.1,286.5,207.2,351
2025-10-13 06:00:00,weekday,place-gover,Government Center,"Blue Line, Green Line",39.0,4821.1,5170.1,3947.0,361
2025-10-13 06:00:00,weekday,place-harsq,Harvard,Red Line,108.0,10860.0,11361.2,9604.7,361
2025-10-13 06:00:00,weekday,place-haecl,Haymarket,"Green Line, Orange Line",132.0,6453.5,6748.3,5715.2,361
2025-10-13 06:00:00,weekday,place-hymnl,Hynes Convention Center,Green Line,37.0,5288.6,5220.1,5460.7,355
2025-10-13 06:00:00,weekday,place-jfk,JFK/UMass,Red Line,87.0,4084.5,4808.4,2173.9,353
2025-10-13 06:00:00,weekday,place-knncl,Kendall/MIT,Red Line,41.0,8412.3,9925.9,4498.5,355
2025-10-13 06:00:00,weekday,place-kencl,Kenmore,Green Line,34.0,4439.8,4535.1,4203.1,352
2025-10-13 06:00:00,weekday,place-lech,Lechmere,Green Line,4.92,245.6,265.3,196.0,359
2025-10-13 06:00:00,weekday,place-mgngl,Magoun Square,Green Line,2.91,128.3,138.1,103.5,349
2025-10-13 06:00:00,weekday,place-mlmnl,Malden Center,Orange Line,270.0,5719.4,6595.3,3525.2,361
2025-10-13 06:00:00,weekday,place-matt,Mattapan Line,Mattapan Line,161.28,2785.5,3271.4,1568.2,361
2025-10-13 06:00:00,weekday,place-mvbcl,Maverick,Blue Line,430.0,7320.1,8106.1,5351.5,361
2025-10-13 06:00:00,weekday,place-nqncy,North Quincy,Red Line,122.0,2886.8,3386.6,1634.9,361
2025-10-13 06:00:00,weekday,place-north,North Station,"Green Line, Orange Line",285.0,11662.5,13084.0,8031.2,359
2025-10-13 06:00:00,weekday,place-ogmnl,Oak Grove,Orange Line,153.0,3496.9,4070.8,2045.5,360
2025-10-13 06:00:00,weekday,place-orhte,Orient Heights,Blue Line,177.0,3047.0,3426.0,2079.0,359
2025-10-13 06:00:00,weekday,place-pktrm,Park Street,"Green Line, Red Line",65.0,8842.8,9190.0,7973.2,361
2025-10-13 06:00:00,weekday,place-portr,Porter,Red Line,97.0,4190.9,4505.7,3402.5,361
2025-10-13 06:00:00,weekday,place-prmnl,Prudential,Green Line,22.0,2182.0,2137.6,2292.7,353
2025-10-13 06:00:00,weekday,place-qamnl,Quincy Adams,Red Line,72.0,1560.4,1835.5,867.2,359
2025-10-13 06:00:00,weekday,place-qnctr,Quincy Center,Red Line,149.0,3374.7,3868.8,2094.1,352
2025-10-13 06:00:00,weekday,place-rbmnl,Revere Beach,Blue Line,179.0,2267.8,2518.2,1633.2,357
2025-10-13 06:00:00,weekday,place-river,Riverside,Green Line,14.0,899.9,901.1,896.9,360
2025-10-13 06:00:00,weekday,place-rugg,Ruggles,Orange Line,1.0,5463.2,6671.9,2435.5,361
2025-10-13 06:00:00,weekday,place-shmnl,Savin Hill,Red Line,48.0,1248.0,1417.1,824.3,361
2025-10-13 06:00:00,weekday,place-spmnl,Science Park,Green Line,4.0,733.3,762.6,660.0,361
2025-10-13 06:00:00,weekday,place-smmnl,Shawmut,Red Line,59.0,1085.6,1267.3,630.5,361
2025-10-13 06:00:00,weekday,place-sstat,South Station,"Red Line, Silver Line",247.0,11868.8,13721.2,7126.5,356
2025-10-13 06:00:00,weekday,place-state,State Street,"Blue Line, Orange Line",21.0,7246.9,8717.0,3578.8,360
2025-10-13 06:00:00,weekday,place-sdmnl,Suffolk Downs,Blue Line,27.0,501.1,568.7,323.9,355
2025-10-13 06:00:00,weekday,place-sull,Sullivan Square,Orange Line,157.0,3949.4,4501.9,2538.3,359
2025-10-13 06:00:00,weekday,place-symcl,Symphony,Green Line,30.0,946.3,920.8,1010.2,327
2025-10-13 06:00:00,weekday,place-unsqu,Union Square,Green Line,1.67,135.3,144.6,111.3,347
2025-10-13 06:00:00,weekday,place-welln,Wellington,Orange Line,197.0,3899.1,4551.5,2215.9,358
2025-10-13 06:00:00,weekday,place-wlsta,Wollaston,Red Line,75.0,1734.5,2020.8,1017.4,361
2025-10-13 06:00:00,weekday,place-wondl,Wonderland,Blue Line,299.0,3759.9,4264.2,2469.0,356
2025-10-13 06:00:00,weekday,place-wimnl,Wood Island,Blue Line,78.0,1318.7,1467.7,932.0,356
2025-10-13 06:00:00,weekday,place-wtcst,World Trade Center,Silver Line,30.0,1200.2,1316.5,909.0,361
2025-10-13 07:00:00,weekday,place-aport,Airport,Blue Line,299.0,6078.3,6569.2,4836.4,360
2025-10-13 07:00:00,weekday,place-alfcl,Alewife,Red Line,306.0,5780.6,6616.4,3687.0,361
2025-10-13 07:00:00,weekday,place-andrw,Andrew,Red Line,183.0,3255.3,3702.9,2134.3,361
2025-10-13 07:00:00,weekday,place-aqucl,Aquarium,Blue Line,29.0,3333.0,3432.4,3084.2,361
2025-10-13 07:00:00,weekday,place-armnl,Arlington,Green Line,48.0,3907.7,3974.4,3739.3,349
2025-10-13 07:00:00,weekday,place-asmnl,Ashmont,Red Line,250.0,3756.3,4380.3,2193.5,361
2025-10-13 07:00:00,weekday,place-astao,Assembly,Orange Line,64.0,2967.9,3119.5,2588.3,361
2025-10-13 07:00:00,weekday,place-bbsta,Back Bay,Orange Line,3.0,10028.9,11471.0,6270.6,357
2025-10-13 07:00:00,weekday,place-balsq,Ball Square,Green Line,5.42,139.3,150.9,109.9,350
2025-10-13 07:00:00,weekday,place-bmmnl,Beachmont,Blue Line,181.0,2348.0,2653.2,1560.5,358
2025-10-13 07:00:00,weekday,place-bomnl,Bowdoin,Blue Line,24.0,1406.3,1701.8,666.0,361
2025-10-13 07:00:00,weekday,place-boyls,Boylston,Green Line,86.0,3859.1,3732.2,4181.6,347
2025-10-13 07:00:00,weekday,place-brntn,Braintree,Red Line,164.0,2316.0,2671.8,1416.0,360
2025-10-13 07:00:00,weekday,place-brdwy,Broadway,Red Line,151.0,3513.1,3928.7,2393.2,351
2025-10-13 07:00:00,weekday,place-cntsq,Central,Red Line,242.0,8250.8,8876.6,6683.3,361
2025-10-13 07:00:00,weekday,place-chmnl,Charles/MGH,Red Line,122.0,5543.2,6654.1,2760.4,361
2025-10-13 07:00:00,weekday,place-ccmnl,Community College,Orange Line,44.0,2457.6,3023.7,1039.7,361
2025-10-13 07:00:00,weekday,place-coecl,Copley,Green Line,371.0,7980.6,7980.3,7981.3,350
2025-10-13 07:00:00,weekday,place-crtst,Courthouse,Silver Line,30.0,2253.6,2567.2,1468.3,361
2025-10-13 07:00:00,weekday,place-davis,Davis,Red Line,200.0,4866.6,5296.7,3789.1,361
2025-10-13 07:00:00,weekday,place-dwnxg,Downtown Crossing,"Orange Line, Red Line",132.0,10888.3,12269.6,7428.3,361
2025-10-13 07:00:00,weekday,place-esomr,East Somerville,Green Line,6.7,70.5,75.8,56.8,350
2025-10-13 07:00:00,weekday,place-fldcr,Fields Corner,Red Line,142.0,2377.4,2697.5,1575.7,361
2025-10-13 07:00:00,weekday,place-forhl,Forest Hills,Orange Line,1.0,6328.0,7469.5,3468.6,361
2025-10-13 07:00:00,weekday,place-gilmn,Gilman Square,Green Line,14.27,264.1,286.5,207.2,351
2025-10-13 07:00:00,weekday,place-gover,Government Center,"Blue Line, Green Line",59.0,4821.1,5170.1,3947.0,361
2025-10-13 07:00:00,weekday,place-harsq,Harvard,Red Line,228.0,10860.0,11361.2,9604.7,361
2025-10-13 07:00:00,weekday,place-haecl,Haymarket,"Green Line, Orange Line",156.0,6453.5,6748.3,5715.2,361
2025-10-13 07:00:00,weekday,place-hymnl,Hynes Convention Center,Green Line,71.0,5288.6,5220.1,5460.7,355
2025-10-13 07:00:00,weekday,place-jfk,JFK/UMass,Red Line,135.0,4084.5,4808.4,2173.9,353
2025-10-13 07:00:00,weekday,place-knncl,Kendall/MIT,Red Line,89.0,8412.3,9925.9,4498.5,355
2025-10-13 07:00:00,weekday,place-kencl,Kenmore,Green Line,82.0,4439.8,4535.1,4203.1,352
2025-10-13 07:00:00,weekday,place-lech,Lechmere,Green Line,8.56,245.6,265.3,196.0,359
2025-10-13 07:00:00,weekday,place-mgngl,Magoun Square,Green Line,18.28,128.3,138.1,103.5,349
2025-10-13 07:00:00,weekday,place-mlmnl,Malden Center,Orange Line,364.0,5719.4,6595.3,3525.2,361
2025-10-13 07:00:00,weekday,place-masta,Massachusetts Avenue,Orange Line,4.0,3184.2,3658.5,1996.0,361
2025-10-13 07:00:00,weekday,place-matt,Mattapan Line,Mattapan Line,160.12,2785.5,3271.4,1568.2,361
2025-10-13 07:00:00,weekday,place-mvbcl,Maverick,Blue Line,412.0,7320.1,8106.1,5351.5,361
2025-10-13 07:00:00,weekday,place-mdftf,Medford/Tufts,Green Line,7.38,181.5,203.0,127.3,349
2025-10-13 07:00:00,weekday,place-nqncy,North Quincy,Red Line,183.0,2886.8,3386.6,1634.9,361
2025-10-13 07:00:00,weekday,place-north,North Station,"Green Line, Orange Line",456.0,11662.5,13084.0,8031.2,359
2025-10-13 07:00:00,weekday,place-ogmnl,Oak Grove,Orange Line,306.0,3496.9,4070.8,2045.5,360
2025-10-13 07:00:00,weekday,place-orhte,Orient Heights,Blue Line,189.0,3047.0,3426.0,2079.0,359
2025-10-13 07:00:00,weekday,place-pktrm,Park Street,"Green Line, Red Line",107.0,8842.8,9190.0,7973.2,361
2025-10-13 07:00:00,weekday,place-portr,Porter,Red Line,187.0,4190.9,4505.7,3402.5,361
2025-10-13 07:00:00,weekday,place-prmnl,Prudential,Green Line,53.0,2182.0,2137.6,2292.7,353
2025-10-13 07:00:00,weekday,place-qamnl,Quincy Adams,Red Line,105.0,1560.4,1835.5,867.2,359
2025-10-13 07:00:00,weekday,place-qnctr,Quincy Center,Red Line,202.0,3374.7,3868.8,2094.1,352
2025-10-13 07:00:00,weekday,place-rbmnl,Revere Beach,Blue Line,157.0,2267.8,2518.2,1633.2,357
2025-10-13 07:00:00,weekday,place-river,Riverside,Green Line,33.0,899.9,901.1,896.9,360
2025-10-13 07:00:00,weekday,place-rugg,Ruggles,Orange Line,1.0,5463.2,6671.9,2435.5,361
2025-10-13 07:00:00,weekday,place-shmnl,Savin Hill,Red Line,78.0,1248.0,1417.1,824.3,361
2025-10-13 07:00:00,weekday,place-spmnl,Science Park,Green Line,15.0,733.3,762.6,660.0,361
2025-10-13 07:00:00,weekday,place-smmnl,Shawmut,Red Line,67.0,1085.6,1267.3,630.5,361
2025-10-13 07:00:00,weekday,place-sstat,South Station,"Red Line, Silver Line",418.0,11868.8,13721.2,7126.5,356
2025-10-13 07:00:00,weekday,place-state,State Street,"Blue Line, Orange Line",52.0,7246.9,8717.0,3578.8,360
2025-10-13 07:00:00,weekday,place-sdmnl,Suffolk Downs,Blue Line,40.0,501.1,568.7,323.9,355
2025-10-13 07:00:00,weekday,place-sull,Sullivan Square,Orange Line,160.0,3949.4,4501.9,2538.3,359
2025-10-13 07:00:00,weekday,place-symcl,Symphony,Green Line,61.0,946.3,920.8,1010.2,327
2025-10-13 07:00:00,weekday,place-unsqu,Union Square,Green Line,18.64,135.3,144.6,111.3,347
2025-10-13 07:00:00,weekday,place-welln,Wellington,Orange Line,224.0,3899.1,4551.5,2215.9,358
2025-10-13 07:00:00,weekday,place-wlsta,Wollaston,Red Line,98.0,1734.5,2020.8,1017.4,361
2025-10-13 07:00:00,weekday,place-wondl,Wonderland,Blue Line,353.0,3759.9,4264.2,2469.0,356
2025-10-13 07:00:00,weekday,place-wimnl,Wood Island,Blue Line,82.0,1318.7,1467.7,932.0,356
2025-10-13 07:00:00,weekday,place-wtcst,World Trade Center,Silver Line,42.0,1200.2,1316.5,909.0,361
2025-10-13 08:00:00,weekday,place-aport,Airport,Blue Line,292.0,6078.3,6569.2,4836.4,360
2025-10-13 08:00:00,weekday,place-alfcl,Alewife,Red Line,385.0,5780.6,6616.4,3687.0,361
2025-10-13 08:00:00,weekday,place-andrw,Andrew,Red Line,228.0,3255.3,3702.9,2134.3,361
2025-10-13 08:00:00,weekday,place-aqucl,Aquarium,Blue Line,33.0,3333.0,3432.4,3084.2,361
2025-10-13 08:00:00,weekday,place-armnl,Arlington,Green Line,93.0,3907.7,3974.4,3739.3,349
2025-10-13 08:00:00,weekday,place-asmnl,Ashmont,Red Line,227.0,3756.3,4380.3,2193.5,361
2025-10-13 08:00:00,weekday,place-astao,Assembly,Orange Line,90.0,2967.9,3119.5,2588.3,361
2025-10-13 08:00:00,weekday,place-bbsta,Back Bay,Orange Line,5.0,10028.9,11471.0,6270.6,357
2025-10-13 08:00:00,weekday,place-balsq,Ball Square,Green Line,12.57,139.3,150.9,109.9,350
2025-10-13 08:00:00,weekday,place-bmmnl,Beachmont,Blue Line,156.0,2348.0,2653.2,1560.5,358
2025-10-13 08:00:00,weekday,place-bomnl,Bowdoin,Blue Line,24.0,1406.3,1701.8,666.0,361
2025-10-13 08:00:00,weekday,place-boyls,Boylston,Green Line,89.0,3859.1,3732.2,4181.6,347
2025-10-13 08:00:00,weekday,place-brntn,Braintree,Red Line,113.0,2316.0,2671.8,1416.0,360
2025-10-13 08:00:00,weekday,place-brdwy,Broadway,Red Line,211.0,3513.1,3928.7,2393.2,351
2025-10-13 08:00:00,weekday,place-cntsq,Central,Red Line,412.0,8250.8,8876.6,6683.3,361
2025-10-13 08:00:00,weekday,place-chmnl,Charles/MGH,Red Line,108.0,5543.2,6654.1,2760.4,361
2025-10-13 08:00:00,weekday,place-chncl,Chinatown,Orange Line,3.0,3955.4,4305.4,3078.5,361
2025-10-13 08:00:00,weekday,place-ccmnl,Community College,Orange Line,81.0,2457.6,3023.7,1039.7,361
2025-10-13 08:00:00,weekday,place-coecl,Copley,Green Line,397.0,7980.6,7980.3,7981.3,350
2025-10-13 08:00:00,weekday,place-crtst,Courthouse,Silver Line,43.0,2253.6,2567.2,1468.3,361
2025-10-13 08:00:00,weekday,place-davis,Davis,Red Line,312.0,4866.6,5296.7,3789.1,361
2025-10-13 08:00:00,weekday,place-dwnxg,Downtown Crossing,"Orange Line, Red Line",160.0,10888.3,12269.6,7428.3,361
2025-10-13 08:00:00,weekday,place-esomr,East Somerville,Green Line,2.85,70.5,75.8,56.8,350
2025-10-13 08:00:00,weekday,place-fldcr,Fields Corner,Red Line,114.0,2377.4,2697.5,1575.7,361
2025-10-13 08:00:00,weekday,place-gilmn,Gilman Square,Green Line,22.84,264.1,286.5,207.2,351
2025-10-13 08:00:00,weekday,place-gover,Government Center,"Blue Line, Green Line",83.0,4821.1,5170.1,3947.0,361
2025-10-13 08:00:00,weekday,place-harsq,Harvard,Red Line,352.0,10860.0,11361.2,9604.7,361
2025-10-13 08:00:00,weekday,place-haecl,Haymarket,"Green Line, Orange Line",166.0,6453.5,6748.3,5715.2,361
2025-10-13 08:00:00,weekday,place-hymnl,Hynes Convention Center,Green Line,140.0,5288.6,5220.1,5460.7,355
2025-10-13 08:00:00,weekday,place-jfk,JFK/UMass,Red Line,193.0,4084.5,4808.4,2173.9,353
2025-10-13 08:00:00,weekday,place-jaksn,Jackson Square,Orange Line,1.0,2846.1,3326.1,1631.9,360
2025-10-13 08:00:00,weekday,place-knncl,Kendall/MIT,Red Line,169.0,8412.3,9925.9,4498.5,355
2025-10-13 08:00:00,weekday,place-kencl,Kenmore,Green Line,97.0,4439.8,4535.1,4203.1,352
2025-10-13 08:00:00,weekday,place-lech,Lechmere,Green Line,15.78,245.6,265.3,196.0,359
2025-10-13 08:00:00,weekday,place-mgngl,Magoun Square,Green Line,13.92,128.3,138.1,103.5,349
2025-10-13 08:00:00,weekday,place-mlmnl,Malden Center,Orange Line,408.0,5719.4,6595.3,3525.2,361
2025-10-13 08:00:00,weekday,place-masta,Massachusetts Avenue,Orange Line,3.0,3184.2,3658.5,1996.0,361
2025-10-13 08:00:00,weekday,place-matt,Mattapan Line,Mattapan Line,163.58,2785.5,3271.4,1568.2,361
2025-10-13 08:00:00,weekday,place-mvbcl,Maverick,Blue Line,458.0,7320.1,8106.1,5351.5,361
2025-10-13 08:00:00,weekday,place-mdftf,Medford/Tufts,Green Line,5.42,181.5,203.0,127.3,349
2025-10-13 08:00:00,weekday,place-nqncy,North Quincy,Red Line,157.0,2886.8,3386.6,1634.9,361
2025-10-13 08:00:00,weekday,place-north,North Station,"Green Line, Orange Line",568.0,11662.5,13084.0,8031.2,359
2025-10-13 08:00:00,weekday,place-ogmnl,Oak Grove,Orange Line,273.0,3496.9,4070.8,2045.5,360
2025-10-13 08:00:00,weekday,place-orhte,Orient Heights,Blue Line,165.0,3047.0,3426.0,2079.0,359
2025-10-13 08:00:00,weekday,place-pktrm,Park Street,"Green Line, Red Line",166.0,8842.8,9190.0,7973.2,361
2025-10-13 08:00:00,weekday,place-portr,Porter,Red Line,267.0,4190.9,4505.7,3402.5,361
2025-10-13 08:00:00,weekday,place-prmnl,Prudential,Green Line,75.0,2182.0,2137.6,2292.7,353
2025-10-13 08:00:00,weekday,place-qamnl,Quincy Adams,Red Line,81.0,1560.4,1835.5,867.2,359
2025-10-13 08:00:00,weekday,place-qnctr,Quincy Center,Red Line,180.0,3374.7,3868.8,2094.1,352
2025-10-13 08:00:00,weekday,place-rbmnl,Revere Beach,Blue Line,116.0,2267.8,2518.2,1633.2,357
2025-10-13 08:00:00,weekday,place-river,Riverside,Green Line,32.0,899.9,901.1,896.9,360
2025-10-13 08:00:00,weekday,place-rugg,Ruggles,Orange Line,1.0,5463.2,6671.9,2435.5,361
2025-10-13 08:00:00,weekday,place-shmnl,Savin Hill,Red Line,96.0,1248.0,1417.1,824.3,361
2025-10-13 08:00:00,weekday,place-spmnl,Science Park,Green Line,11.0,733.3,762.6,660.0,361
2025-10-13 08:00:00,weekday,place-smmnl,Shawmut,Red Line,84.0,1085.6,1267.3,630.5,361
2025-10-13 08:00:00,weekday,place-sstat,South Station,"Red Line, Silver Line",465.0,11868.8,13721.2,7126.5,356
2025-10-13 08:00:00,weekday,place-state,State Street,"Blue Line, Orange Line",66.0,7246.9,8717.0,3578.8,360
2025-10-13 08:00:00,weekday,place-sbmnl,Stony Brook,Orange Line,1.0,1897.8,2150.5,1257.4,357
2025-10-13 08:00:00,weekday,place-sdmnl,Suffolk Downs,Blue Line,28.0,501.1,568.7,323.9,355
2025-10-13 08:00:00,weekday,place-sull,Sullivan Square,Orange Line,206.0,3949.4,4501.9,2538.3,359
2025-10-13 08:00:00,weekday,place-symcl,Symphony,Green Line,85.0,946.3,920.8,1010.2,327
2025-10-13 08:00:00,weekday,place-tumnl,Tufts Medical Center,Orange Line,3.0,3777.8,4535.5,1880.0,361
2025-10-13 08:00:00,weekday,place-unsqu,Union Square,Green Line,17.85,135.3,144.6,111.3,347
2025-10-13 08:00:00,weekday,place-welln,Wellington,Orange Line,296.0,3899.1,4551.5,2215.9,358
2025-10-13 08:00:00,weekday,place-wlsta,Wollaston,Red Line,104.0,1734.5,2020.8,1017.4,361
2025-10-13 08:00:00,weekday,place-wondl,Wonderland,Blue Line,291.0,3759.9,4264.2,2469.0,356
2025-10-13 08:00:00,weekday,place-wimnl,Wood Island,Blue Line,79.0,1318.7,1467.7,932.0,356
2025-10-13 08:00:00,weekday,place-wtcst,World Trade Center,Silver Line,63.0,1200.2,1316.5,909.0,361
2025-10-13 09:00:00,weekday,place-aport,Airport,Blue Line,203.0,6078.3,6569.2,4836.4,360
2025-10-13 09:00:00,weekday,place-alfcl,Alewife,Red Line,319.0,5780.6,6616.4,3687.0,361
2025-10-13 09:00:00,weekday,place-andrw,Andrew,Red Line,140.0,3255.3,3702.9,2134.3,361
2025-10-13 09:00:00,weekday,place-aqucl,Aquarium,Blue Line,66.0,3333.0,3432.4,3084.2,361
2025-10-13 09:00:00,weekday,place-armnl,Arlington,Green Line,108.0,3907.7,3974.4,3739.3,349
2025-10-13 09:00:00,weekday,place-asmnl,Ashmont,Red Line,149.0,3756.3,4380.3,2193.5,361
2025-10-13 09:00:00,weekday,place-astao,Assembly,Orange Line,64.0,2967.9,3119.5,2588.3,361
2025-10-13 09:00:00,weekday,place-balsq,Ball Square,Green Line,3.74,139.3,150.9,109.9,350
2025-10-13 09:00:00,weekday,place-bmmnl,Beachmont,Blue Line,98.0,2348.0,2653.2,1560.5,358
2025-10-13 09:00:00,weekday,place-bomnl,Bowdoin,Blue Line,18.0,1406.3,1701.8,666.0,361
2025-10-13 09:00:00,weekday,place-boyls,Boylston,Green Line,174.0,3859.1,3732.2,4181.6,347
2025-10-13 09:00:00,weekday,place-brntn,Braintree,Red Line,85.0,2316.0,2671.8,1416.0,360
2025-10-13 09:00:00,weekday,place-brdwy,Broadway,Red Line,150.0,3513.1,3928.7,2393.2,351
2025-10-13 09:00:00,weekday,place-cntsq,Central,Red Line,367.0,8250.8,8876.6,6683.3,361
2025-10-13 09:00:00,weekday,place-chmnl,Charles/MGH,Red Line,79.0,5543.2,6654.1,2760.4,361
2025-10-13 09:00:00,weekday,place-chncl,Chinatown,Orange Line,1.0,3955.4,4305.4,3078.5,361
2025-10-13 09:00:00,weekday,place-ccmnl,Community College,Orange Line,42.0,2457.6,3023.7,1039.7,361
2025-10-13 09:00:00,weekday,place-coecl,Copley,Green Line,408.0,7980.6,7980.3,7981.3,350
2025-10-13 09:00:00,weekday,place-crtst,Courthouse,Silver Line,46.0,2253.6,2567.2,1468.3,361
2025-10-13 09:00:00,weekday,place-davis,Davis,Red Line,227.0,4866.6,5296.7,3789.1,361
2025-10-13 09:00:00,weekday,place-dwnxg,Downtown Crossing,"Orange Line, Red Line",149.0,10888.3,12269.6,7428.3,361
2025-10-13 09:00:00,weekday,place-esomr,East Somerville,Green Line,2.51,70.5,75.8,56.8,350
2025-10-13 09:00:00,weekday,place-fldcr,Fields Corner,Red Line,111.0,2377.4,2697.5,1575.7,361
2025-10-13 09:00:00,weekday,place-gilmn,Gilman Square,Green Line,17.12,264.1,286.5,207.2,351
2025-10-13 09:00:00,weekday,place-gover,Government Center,"Blue Line, Green Line",88.0,4821.1,5170.1,3947.0,361
2025-10-13 09:00:00,weekday,place-harsq,Harvard,Red Line,276.0,10860.0,11361.2,9604.7,361
2025-10-13 09:00:00,weekday,place-haecl,Haymarket,"Green Line, Orange Line",151.0,6453.5,6748.3,5715.2,361
2025-10-13 09:00:00,weekday,place-hymnl,Hynes Convention Center,Green Line,115.0,5288.6,5220.1,5460.7,355
2025-10-13 09:00:00,weekday,place-jfk,JFK/UMass,Red Line,132.0,4084.5,4808.4,2173.9,353
2025-10-13 09:00:00,weekday,place-jaksn,Jackson Square,Orange Line,5.0,2846.1,3326.1,1631.9,360
2025-10-13 09:00:00,weekday,place-knncl,Kendall/MIT,Red Line,143.0,8412.3,9925.9,4498.5,355
2025-10-13 09:00:00,weekday,place-kencl,Kenmore,Green Line,85.0,4439.8,4535.1,4203.1,352
2025-10-13 09:00:00,weekday,place-lech,Lechmere,Green Line,20.21,245.6,265.3,196.0,359
2025-10-13 09:00:00,weekday,place-mgngl,Magoun Square,Green Line,6.22,128.3,138.1,103.5,349
2025-10-13 09:00:00,weekday,place-mlmnl,Malden Center,Orange Line,290.0,5719.4,6595.3,3525.2,361
2025-10-13 09:00:00,weekday,place-masta,Massachusetts Avenue,Orange Line,3.0,3184.2,3658.5,1996.0,361
2025-10-13 09:00:00,weekday,place-matt,Mattapan Line,Mattapan Line,92.16,2785.5,3271.4,1568.2,361
2025-10-13 09:00:00,weekday,place-mvbcl,Maverick,Blue Line,346.0,7320.1,8106.1,5351.5,361
2025-10-13 09:00:00,weekday,place-mdftf,Medford/Tufts,Green Line,6.79,181.5,203.0,127.3,349
2025-10-13 09:00:00,weekday,place-nqncy,North Quincy,Red Line,122.0,2886.8,3386.6,1634.9,361
2025-10-13 09:00:00,weekday,place-north,North Station,"Green Line, Orange Line",361.0,11662.5,13084.0,8031.2,359
2025-10-13 09:00:00,weekday,place-ogmnl,Oak Grove,Orange Line,146.0,3496.9,4070.8,2045.5,360
2025-10-13 09:00:00,weekday,place-orhte,Orient Heights,Blue Line,109.0,3047.0,3426.0,2079.0,359
2025-10-13 09:00:00,weekday,place-pktrm,Park Street,"Green Line, Red Line",209.0,8842.8,9190.0,7973.2,361
2025-10-13 09:00:00,weekday,place-portr,Porter,Red Line,201.0,4190.9,4505.7,3402.5,361
2025-10-13 09:00:00,weekday,place-prmnl,Prudential,Green Line,119.0,2182.0,2137.6,2292.7,353
2025-10-13 09:00:00,weekday,place-qamnl,Quincy Adams,Red Line,69.0,1560.4,1835.5,867.2,359
2025-10-13 09:00:00,weekday,place-qnctr,Quincy Center,Red Line,116.0,3374.7,3868.8,2094.1,352
2025-10-13 09:00:00,weekday,place-rbmnl,Revere Beach,Blue Line,82.0,2267.8,2518.2,1633.2,357
2025-10-13 09:00:00,weekday,place-river,Riverside,Green Line,37.0,899.9,901.1,896.9,360
2025-10-13 09:00:00,weekday,place-rugg,Ruggles,Orange Line,1.0,5463.2,6671.9,2435.5,361
2025-10-13 09:00:00,weekday,place-shmnl,Savin Hill,Red Line,64.0,1248.0,1417.1,824.3,361
2025-10-13 09:00:00,weekday,place-spmnl,Science Park,Green Line,9.0,733.3,762.6,660.0,361
2025-10-13 09:00:00,weekday,place-smmnl,Shawmut,Red Line,35.0,1085.6,1267.3,630.5,361
2025-10-13 09:00:00,weekday,place-sstat,South Station,"Red Line, Silver Line",377.0,11868.8,13721.2,7126.5,356
2025-10-13 09:00:00,weekday,place-state,State Street,"Blue Line, Orange Line",73.0,7246.9,8717.0,3578.8,360
2025-10-13 09:00:00,weekday,place-sdmnl,Suffolk Downs,Blue Line,15.0,501.1,568.7,323.9,355
2025-10-13 09:00:00,weekday,place-sull,Sullivan Square,Orange Line,156.0,3949.4,4501.9,2538.3,359
2025-10-13 09:00:00,weekday,place-symcl,Symphony,Green Line,71.0,946.3,920.8,1010.2,327
2025-10-13 09:00:00,weekday,place-tumnl,Tufts Medical Center,Orange Line,1.0,3777.8,4535.5,1880.0,361
2025-10-13 09:00:00,weekday,place-unsqu,Union Square,Green Line,0.84,135.3,144.6,111.3,347
2025-10-13 09:00:00,weekday,place-welln,Wellington,Orange Line,188.0,3899.1,4551.5,2215.9,358
2025-10-13 09:00:00,weekday,place-wlsta,Wollaston,Red Line,53.0,1734.5,2020.8,1017.4,361
2025-10-13 09:00:00,weekday,place-wondl,Wonderland,Blue Line,163.0,3759.9,4264.2,2469.0,356
2025-10-13 09:00:00,weekday,place-wimnl,Wood Island,Blue Line,65.0,1318.7,1467.7,932.0,356
2025-10-13 09:00:00,weekday,place-wtcst,World Trade Center,Silver Line,31.0,1200.2,1316.5,909.0,361
2025-10-13 10:00:00,weekday,place-aport,Airport,Blue Line,191.0,6078.3,6569.2,4836.4,360
2025-10-13 10:00:00,weekday,place-alfcl,Alewife,Red Line,230.0,5780.6,6616.4,3687.0,361
2025-10-13 10:00:00,weekday,place-andrw,Andrew,Red Line,91.0,3255.3,3702.9,2134.3,361
2025-10-13 10:00:00,weekday,place-aqucl,Aquarium,Blue Line,71.0,3333.0,3432.4,3084.2,361
2025-10-13 10:00:00,weekday,place-armnl,Arlington,Green Line,139.0,3907.7,3974.4,3739.3,349
2025-10-13 10:00:00,weekday,place-asmnl,Ashmont,Red Line,126.0,3756.3,4380.3,2193.5,361
2025-10-13 10:00:00,weekday,place-astao,Assembly,Orange Line,75.0,2967.9,3119.5,2588.3,361
2025-10-13 10:00:00,weekday,place-bbsta,Back Bay,Orange Line,1.0,10028.9,11471.0,6270.6,357
2025-10-13 10:00:00,weekday,place-balsq,Ball Square,Green Line,4.19,139.3,150.9,109.9,350
2025-10-13 10:00:00,weekday,place-bmmnl,Beachmont,Blue Line,68.0,2348.0,2653.2,1560.5,358
2025-10-13 10:00:00,weekday,place-bomnl,Bowdoin,Blue Line,26.0,1406.3,1701.8,666.0,361
2025-10-13 10:00:00,weekday,place-boyls,Boylston,Green Line,244.0,3859.1,3732.2,4181.6,347
2025-10-13 10:00:00,weekday,place-brntn,Braintree,Red Line,74.0,2316.0,2671.8,1416.0,360
2025-10-13 10:00:00,weekday,place-brdwy,Broadway,Red Line,100.0,3513.1,3928.7,2393.2,351
2025-10-13 10:00:00,weekday,place-cntsq,Central,Red Line,301.0,8250.8,8876.6,6683.3,361
2025-10-13 10:00:00,weekday,place-chmnl,Charles/MGH,Red Line,86.0,5543.2,6654.1,2760.4,361
2025-10-13 10:00:00,weekday,place-ccmnl,Community College,Orange Line,30.0,2457.6,3023.7,1039.7,361
2025-10-13 10:00:00,weekday,place-coecl,Copley,Green Line,434.0,7980.6,7980.3,7981.3,350
2025-10-13 10:00:00,weekday,place-crtst,Courthouse,Silver Line,38.0,2253.6,2567.2,1468.3,361
2025-10-13 10:00:00,weekday,place-davis,Davis,Red Line,179.0,4866.6,5296.7,3789.1,361
2025-10-13 10:00:00,weekday,place-dwnxg,Downtown Crossing,"Orange Line, Red Line",177.0,10888.3,12269.6,7428.3,361
2025-10-13 10:00:00,weekday,place-esomr,East Somerville,Green Line,1.68,70.5,75.8,56.8,350
2025-10-13 10:00:00,weekday,place-fldcr,Fields Corner,Red Line,79.0,2377.4,2697.5,1575.7,361
2025-10-13 10:00:00,weekday,place-gilmn,Gilman Square,Green Line,11.41,264.1,286.5,207.2,351
2025-10-13 10:00:00,weekday,place-gover,Government Center,"Blue Line, Green Line",88.0,4821.1,5170.1,3947.0,361
2025-10-13 10:00:00,weekday,place-grnst,Green Street,Orange Line,1.0,1799.9,2077.1,1101.4,359
2025-10-13 10:00:00,weekday,place-harsq,Harvard,Red Line,351.0,10860.0,11361.2,9604.7,361
2025-10-13 10:00:00,weekday,place-haecl,Haymarket,"Green Line, Orange Line",127.0,6453.5,6748.3,5715.2,361
2025-10-13 10:00:00,weekday,place-hymnl,Hynes Convention Center,Green Line,159.0,5288.6,5220.1,5460.7,355
2025-10-13 10:00:00,weekday,place-jfk,JFK/UMass,Red Line,112.0,4084.5,4808.4,2173.9,353
2025-10-13 10:00:00,weekday,place-knncl,Kendall/MIT,Red Line,164.0,8412.3,9925.9,4498.5,355
2025-10-13 10:00:00,weekday,place-kencl,Kenmore,Green Line,142.0,4439.8,4535.1,4203.1,352
2025-10-13 10:00:00,weekday,place-lech,Lechmere,Green Line,12.84,245.6,265.3,196.0,359
2025-10-13 10:00:00,weekday,place-mgngl,Magoun Square,Green Line,4.14,128.3,138.1,103.5,349
2025-10-13 10:00:00,weekday,place-mlmnl,Malden Center,Orange Line,235.0,5719.4,6595.3,3525.2,361
2025-10-13 10:00:00,weekday,place-masta,Massachusetts Avenue,Orange Line,2.0,3184.2,3658.5,1996.0,361
2025-10-13 10:00:00,weekday,place-matt,Mattapan Line,Mattapan Line,87.55,2785.5,3271.4,1568.2,361
2025-10-13 10:00:00,weekday,place-mvbcl,Maverick,Blue Line,272.0,7320.1,8106.1,5351.5,361
2025-10-13 10:00:00,weekday,place-mdftf,Medford/Tufts,Green Line,1.43,181.5,203.0,127.3,349
2025-10-13 10:00:00,weekday,place-nqncy,North Quincy,Red Line,123.0,2886.8,3386.6,1634.9,361
2025-10-13 10:00:00,weekday,place-north,North Station,"Green Line, Orange Line",381.0,11662.5,13084.0,8031.2,359
2025-10-13 10:00:00,weekday,place-ogmnl,Oak Grove,Orange Line,142.0,3496.9,4070.8,2045.5,360
2025-10-13 10:00:00,weekday,place-orhte,Orient Heights,Blue Line,95.0,3047.0,3426.0,2079.0,359
2025-10-13 10:00:00,weekday,place-pktrm,Park Street,"Green Line, Red Line",243.0,8842.8,9190.0,7973.2,361
2025-10-13 10:00:00,weekday,place-portr,Porter,Red Line,179.0,4190.9,4505.7,3402.5,361
2025-10-13 10:00:00,weekday,place-prmnl,Prudential,Green Line,109.0,2182.0,2137.6,2292.7,353
2025-10-13 10:00:00,weekday,place-qamnl,Quincy Adams,Red Line,96.0,1560.4,1835.5,867.2,359
2025-10-13 10:00:00,weekday,place-qnctr,Quincy Center,Red Line,102.0,3374.7,3868.8,2094.1,352
2025-10-13 10:00:00,weekday,place-rbmnl,Revere Beach,Blue Line,72.0,2267.8,2518.2,1633.2,357
2025-10-13 10:00:00,weekday,place-river,Riverside,Green Line,59.0,899.9,901.1,896.9,360
2025-10-13 10:00:00,weekday,place-rugg,Ruggles,Orange Line,3.0,5463.2,6671.9,2435.5,361
2025-10-13 10:00:00,weekday,place-shmnl,Savin Hill,Red Line,54.0,1248.0,1417.1,824.3,361
2025-10-13 10:00:00,weekday,place-spmnl,Science Park,Green Line,20.0,733.3,762.6,660.0,361
2025-10-13 10:00:00,weekday,place-smmnl,Shawmut,Red Line,35.0,1085.6,1267.3,630.5,361
2025-10-13 10:00:00,weekday,place-sstat,South Station,"Red Line, Silver Line",419.0,11868.8,13721.2,7126.5,356
2025-10-13 10:00:00,weekday,place-state,State Street,"Blue Line, Orange Line",84.0,7246.9,8717.0,3578.8,360
2025-10-13 10:00:00,weekday,place-sdmnl,Suffolk Downs,Blue Line,7.0,501.1,568.7,323.9,355
2025-10-13 10:00:00,weekday,place-sull,Sullivan Square,Orange Line,150.0,3949.4,4501.9,2538.3,359
2025-10-13 10:00:00,weekday,place-symcl,Symphony,Green Line,94.0,946.3,920.8,1010.2,327
2025-10-13 10:00:00,weekday,place-tumnl,Tufts Medical Center,Orange Line,2.0,3777.8,4535.5,1880.0,361
2025-10-13 10:00:00,weekday,place-unsqu,Union Square,Green Line,4.14,135.3,144.6,111.3,347
2025-10-13 10:00:00,weekday,place-welln,Wellington,Orange Line,144.0,3899.1,4551.5,2215.9,358
2025-10-13 10:00:00,weekday,place-wlsta,Wollaston,Red Line,59.0,1734.5,2020.8,1017.4,361
2025-10-13 10:00:00,weekday,place-wondl,Wonderland,Blue Line,168.0,3759.9,4264.2,2469.0,356
2025-10-13 10:00:00,weekday,place-wimnl,Wood Island,Blue Line,41.0,1318.7,1467.7,932.0,356
2025-10-13 10:00:00,weekday,place-wtcst,World Trade Center,Silver Line,31.0,1200.2,1316.5,909.0,361
2025-10-13 11:00:00,weekday,place-aport,Airport,Blue Line,154.0,6078.3,6569.2,4836.4,360
2025-10-13 11:00:00,weekday,place-alfcl,Alewife,Red Line,243.0,5780.6,6616.4,3687.0,361
2025-10-13 11:00:00,weekday,place-andrw,Andrew,Red Line,106.0,3255.3,3702.9,2134.3,361
2025-10-13 11:00:00,weekday,place-aqucl,Aquarium,Blue Line,132.0,3333.0,3432.4,3084.2,361
2025-10-13 11:00:00,weekday,place-armnl,Arlington,Green Line,147.0,3907.7,3974.4,3739.3,349
2025-10-13 11:00:00,weekday,place-asmnl,Ashmont,Red Line,127.0,3756.3,4380.3,2193.5,361
2025-10-13 11:00:00,weekday,place-astao,Assembly,Orange Line,106.0,2967.9,3119.5,2588.3,361
2025-10-13 11:00:00,weekday,place-bbsta,Back Bay,Orange Line,5.0,10028.9,11471.0,6270.6,357
2025-10-13 11:00:00,weekday,place-balsq,Ball Square,Green Line,9.07,139.3,150.9,109.9,350
2025-10-13 11:00:00,weekday,place-bmmnl,Beachmont,Blue Line,75.0,2348.0,2653.2,1560.5,358
2025-10-13 11:00:00,weekday,place-bomnl,Bowdoin,Blue Line,36.0,1406.3,1701.8,666.0,361
2025-10-13 11:00:00,weekday,place-boyls,Boylston,Green Line,254.0,3859.1,3732.2,4181.6,347
2025-10-13 11:00:00,weekday,place-brntn,Braintree,Red Line,120.0,2316.0,2671.8,1416.0,360
2025-10-13 11:00:00,weekday,place-brdwy,Broadway,Red Line,114.0,3513.1,3928.7,2393.2,351
2025-10-13 11:00:00,weekday,place-cntsq,Central,Red Line,329.0,8250.8,8876.6,6683.3,361
2025-10-13 11:00:00,weekday,place-chmnl,Charles/MGH,Red Line,103.0,5543.2,6654.1,2760.4,361
2025-10-13 11:00:00,weekday,place-chncl,Chinatown,Orange Line,1.0,3955.4,4305.4,3078.5,361
2025-10-13 11:00:00,weekday,place-ccmnl,Community College,Orange Line,35.0,2457.6,3023.7,1039.7,361
2025-10-13 11:00:00,weekday,place-coecl,Copley,Green Line,522.0,7980.6,7980.3,7981.3,350
2025-10-13 11:00:00,weekday,place-crtst,Courthouse,Silver Line,63.0,2253.6,2567.2,1468.3,361
2025-10-13 11:00:00,weekday,place-davis,Davis,Red Line,176.0,4866.6,5296.7,3789.1,361
2025-10-13 11:00:00,weekday,place-dwnxg,Downtown Crossing,"Orange Line, Red Line",209.0,10888.3,12269.6,7428.3,361
2025-10-13 11:00:00,weekday,place-fldcr,Fields Corner,Red Line,67.0,2377.4,2697.5,1575.7,361
2025-10-13 11:00:00,weekday,place-gilmn,Gilman Square,Green Line,3.5,264.1,286.5,207.2,351
2025-10-13 11:00:00,weekday,place-gover,Government Center,"Blue Line, Green Line",141.0,4821.1,5170.1,3947.0,361
2025-10-13 11:00:00,weekday,place-harsq,Harvard,Red Line,398.0,10860.0,11361.2,9604.7,361
2025-10-13 11:00:00,weekday,place-haecl,Haymarket,"Green Line, Orange Line",170.0,6453.5,6748.3,5715.2,361
2025-10-13 11:00:00,weekday,place-hymnl,Hynes Convention Center,Green Line,193.0,5288.6,5220.1,5460.7,355
2025-10-13 11:00:00,weekday,place-jfk,JFK/UMass,Red Line,95.0,4084.5,4808.4,2173.9,353
2025-10-13 11:00:00,weekday,place-knncl,Kendall/MIT,Red Line,200.0,8412.3,9925.9,4498.5,355
2025-10-13 11:00:00,weekday,place-kencl,Kenmore,Green Line,135.0,4439.8,4535.1,4203.1,352
2025-10-13 11:00:00,weekday,place-lech,Lechmere,Green Line,9.07,245.6,265.3,196.0,359
2025-10-13 11:00:00,weekday,place-mgngl,Magoun Square,Green Line,0.84,128.3,138.1,103.5,349
2025-10-13 11:00:00,weekday,place-mlmnl,Malden Center,Orange Line,210.0,5719.4,6595.3,3525.2,361
2025-10-13 11:00:00,weekday,place-masta,Massachusetts Avenue,Orange Line,2.0,3184.2,3658.5,1996.0,361
2025-10-13 11:00:00,weekday,place-matt,Mattapan Line,Mattapan Line,84.09,2785.5,3271.4,1568.2,361
2025-10-13 11:00:00,weekday,place-mvbcl,Maverick,Blue Line,247.0,7320.1,8106.1,5351.5,361
2025-10-13 11:00:00,weekday,place-mdftf,Medford/Tufts,Green Line,10.41,181.5,203.0,127.3,349
2025-10-13 11:00:00,weekday,place-nqncy,North Quincy,Red Line,106.0,2886.8,3386.6,1634.9,361
2025-10-13 11:00:00,weekday,place-north,North Station,"Green Line, Orange Line",372.0,11662.5,13084.0,8031.2,359
2025-10-13 11:00:00,weekday,place-ogmnl,Oak Grove,Orange Line,245.0,3496.9,4070.8,2045.5,360
2025-10-13 11:00:00,weekday,place-orhte,Orient Heights,Blue Line,92.0,3047.0,3426.0,2079.0,359
2025-10-13 11:00:00,weekday,place-pktrm,Park Street,"Green Line, Red Line",317.0,8842.8,9190.0,7973.2,361
2025-10-13 11:00:00,weekday,place-portr,Porter,Red Line,200.0,4190.9,4505.7,3402.5,361
2025-10-13 11:00:00,weekday,place-prmnl,Prudential,Green Line,199.0,2182.0,2137.6,2292.7,353
2025-10-13 11:00:00,weekday,place-qamnl,Quincy Adams,Red Line,89.0,1560.4,1835.5,867.2,359
2025-10-13 11:00:00,weekday,place-qnctr,Quincy Center,Red Line,83.0,3374.7,3868.8,2094.1,352
2025-10-13 11:00:00,weekday,place-rbmnl,Revere Beach,Blue Line,52.0,2267.8,2518.2,1633.2,357
2025-10-13 11:00:00,weekday,place-river,Riverside,Green Line,62.0,899.9,901.1,896.9,360
2025-10-13 11:00:00,weekday,place-rugg,Ruggles,Orange Line,1.0,5463.2,6671.9,2435.5,361
2025-10-13 11:00:00,weekday,place-shmnl,Savin Hill,Red Line,58.0,1248.0,1417.1,824.3,361
2025-10-13 11:00:00,weekday,place-spmnl,Science Park,Green Line,46.0,733.3,762.6,660.0,361
2025-10-13 11:00:00,weekday,place-smmnl,Shawmut,Red Line,29.0,1085.6,1267.3,630.5,361
2025-10-13 11:00:00,weekday,place-sstat,South Station,"Red Line, Silver Line",504.0,11868.8,13721.2,7126.5,356
2025-10-13 11:00:00,weekday,place-state,State Street,"Blue Line, Orange Line",116.0,7246.9,8717.0,3578.8,360
2025-10-13 11:00:00,weekday,place-sdmnl,Suffolk Downs,Blue Line,7.0,501.1,568.7,323.9,355
2025-10-13 11:00:00,weekday,place-sull,Sullivan Square,Orange Line,196.0,3949.4,4501.9,2538.3,359
2025-10-13 11:00:00,weekday,place-symcl,Symphony,Green Line,110.0,946.3,920.8,1010.2,327
2025-10-13 11:00:00,weekday,place-unsqu,Union Square,Green Line,5.36,135.3,144.6,111.3,347
2025-10-13 11:00:00,weekday,place-welln,Wellington,Orange Line,198.0,3899.1,4551.5,2215.9,358
2025-10-13 11:00:00,weekday,place-wlsta,Wollaston,Red Line,47.0,1734.5,2020.8,1017.4,361
2025-10-13 11:00:00,weekday,place-wondl,Wonderland,Blue Line,136.0,3759.9,4264.2,2469.0,356
2025-10-13 11:00:00,weekday,place-wimnl,Wood Island,Blue Line,40.0,1318.7,1467.7,932.0,356
2025-10-13 11:00:00,weekday,place-wtcst,World Trade Center,Silver Line,30.0,1200.2,1316.5,909.0,361
2025-10-13 12:00:00,weekday,place-aport,Airport,Blue Line,203.0,6078.3,6569.2,4836.4,360
2025-10-13 12:00:00,weekday,place-alfcl,Alewife,Red Line,182.0,5780.6,6616.4,3687.0,361
2025-10-13 12:00:00,weekday,place-andrw,Andrew,Red Line,138.0,3255.3,3702.9,2134.3,361
2025-10-13 12:00:00,weekday,place-aqucl,Aquarium,Blue Line,141.0,3333.0,3432.4,3084.2,361
2025-10-13 12:00:00,weekday,place-armnl,Arlington,Green Line,227.0,3907.7,3974.4,3739.3,349
2025-10-13 12:00:00,weekday,place-asmnl,Ashmont,Red Line,143.0,3756.3,4380.3,2193.5,361
2025-10-13 12:00:00,weekday,place-astao,Assembly,Orange Line,150.0,2967.9,3119.5,2588.3,361
2025-10-13 12:00:00,weekday,place-bbsta,Back Bay,Orange Line,7.0,10028.9,11471.0,6270.6,357
2025-10-13 12:00:00,weekday,place-balsq,Ball Square,Green Line,2.51,139.3,150.9,109.9,350
2025-10-13 12:00:00,weekday,place-bmmnl,Beachmont,Blue Line,66.0,2348.0,2653.2,1560.5,358
2025-10-13 12:00:00,weekday,place-bomnl,Bowdoin,Blue Line,27.0,1406.3,1701.8,666.0,361
2025-10-13 12:00:00,weekday,place-boyls,Boylston,Green Line,280.0,3859.1,3732.2,4181.6,347
2025-10-13 12:00:00,weekday,place-brntn,Braintree,Red Line,69.0,2316.0,2671.8,1416.0,360
2025-10-13 12:00:00,weekday,place-brdwy,Broadway,Red Line,101.0,3513.1,3928.7,2393.2,351
2025-10-13 12:00:00,weekday,place-cntsq,Central,Red Line,351.0,8250.8,8876.6,6683.3,361
2025-10-13 12:00:00,weekday,place-chmnl,Charles/MGH,Red Line,96.0,5543.2,6654.1,2760.4,361
2025-10-13 12:00:00,weekday,place-ccmnl,Community College,Orange Line,57.0,2457.6,3023.7,1039.7,361
2025-10-13 12:00:00,weekday,place-coecl,Copley,Green Line,658.0,7980.6,7980.3,7981.3,350
2025-10-13 12:00:00,weekday,place-crtst,Courthouse,Silver Line,76.0,2253.6,2567.2,1468.3,361
2025-10-13 12:00:00,weekday,place-davis,Davis,Red Line,201.0,4866.6,5296.7,3789.1,361
2025-10-13 12:00:00,weekday,place-dwnxg,Downtown Crossing,"Orange Line, Red Line",279.0,10888.3,12269.6,7428.3,361
2025-10-13 12:00:00,weekday,place-esomr,East Somerville,Green Line,4.28,70.5,75.8,56.8,350
2025-10-13 12:00:00,weekday,place-fldcr,Fields Corner,Red Line,58.0,2377.4,2697.5,1575.7,361
2025-10-13 12:00:00,weekday,place-forhl,Forest Hills,Orange Line,1.0,6328.0,7469.5,3468.6,361
2025-10-13 12:00:00,weekday,place-gilmn,Gilman Square,Green Line,13.86,264.1,286.5,207.2,351
2025-10-13 12:00:00,weekday,place-gover,Government Center,"Blue Line, Green Line",198.0,4821.1,5170.1,3947.0,361
2025-10-13 12:00:00,weekday,place-harsq,Harvard,Red Line,490.0,10860.0,11361.2,9604.7,361
2025-10-13 12:00:00,weekday,place-haecl,Haymarket,"Green Line, Orange Line",164.0,6453.5,6748.3,5715.2,361
2025-10-13 12:00:00,weekday,place-hymnl,Hynes Convention Center,Green Line,264.0,5288.6,5220.1,5460.7,355
2025-10-13 12:00:00,weekday,place-jfk,JFK/UMass,Red Line,83.0,4084.5,4808.4,2173.9,353
2025-10-13 12:00:00,weekday,place-jaksn,Jackson Square,Orange Line,1.0,2846.1,3326.1,1631.9,360
2025-10-13 12:00:00,weekday,place-knncl,Kendall/MIT,Red Line,325.0,8412.3,9925.9,4498.5,355
2025-10-13 12:00:00,weekday,place-kencl,Kenmore,Green Line,135.0,4439.8,4535.1,4203.1,352
2025-10-13 12:00:00,weekday,place-lech,Lechmere,Green Line,9.16,245.6,265.3,196.0,359
2025-10-13 12:00:00,weekday,place-mgngl,Magoun Square,Green Line,10.36,128.3,138.1,103.5,349
2025-10-13 12:00:00,weekday,place-mlmnl,Malden Center,Orange Line,232.0,5719.4,6595.3,3525.2,361
2025-10-13 12:00:00,weekday,place-masta,Massachusetts Avenue,Orange Line,6.0,3184.2,3658.5,1996.0,361
2025-10-13 12:00:00,weekday,place-matt,Mattapan Line,Mattapan Line,102.53,2785.5,3271.4,1568.2,361
2025-10-13 12:00:00,weekday,place-mvbcl,Maverick,Blue Line,240.0,7320.1,8106.1,5351.5,361
2025-10-13 12:00:00,weekday,place-mdftf,Medford/Tufts,Green Line,11.42,181.5,203.0,127.3,349
2025-10-13 12:00:00,weekday,place-nqncy,North Quincy,Red Line,93.0,2886.8,3386.6,1634.9,361
2025-10-13 12:00:00,weekday,place-north,North Station,"Green Line, Orange Line",378.0,11662.5,13084.0,8031.2,359
2025-10-13 12:00:00,weekday,place-ogmnl,Oak Grove,Orange Line,189.0,3496.9,4070.8,2045.5,360
2025-10-13 12:00:00,weekday,place-orhte,Orient Heights,Blue Line,85.0,3047.0,3426.0,2079.0,359
2025-10-13 12:00:00,weekday,place-pktrm,Park Street,"Green Line, Red Line",335.0,8842.8,9190.0,7973.2,361
2025-10-13 12:00:00,weekday,place-portr,Porter,Red Line,165.0,4190.9,4505.7,3402.5,361
2025-10-13 12:00:00,weekday,place-prmnl,Prudential,Green Line,250.0,2182.0,2137.6,2292.7,353
2025-10-13 12:00:00,weekday,place-qamnl,Quincy Adams,Red Line,46.0,1560.4,1835.5,867.2,359
2025-10-13 12:00:00,weekday,place-qnctr,Quincy Center,Red Line,91.0,3374.7,3868.8,2094.1,352
2025-10-13 12:00:00,weekday,place-rbmnl,Revere Beach,Blue Line,54.0,2267.8,2518.2,1633.2,357
2025-10-13 12:00:00,weekday,place-river,Riverside,Green Line,29.0,899.9,901.1,896.9,360
2025-10-13 12:00:00,weekday,place-rugg,Ruggles,Orange Line,1.0,5463.2,6671.9,2435.5,361
2025-10-13 12:00:00,weekday,place-shmnl,Savin Hill,Red Line,34.0,1248.0,1417.1,824.3,361
2025-10-13 12:00:00,weekday,place-spmnl,Science Park,Green Line,57.0,733.3,762.6,660.0,361
2025-10-13 12:00:00,weekday,place-smmnl,Shawmut,Red Line,30.0,1085.6,1267.3,630.5,361
2025-10-13 12:00:00,weekday,place-sstat,South Station,"Red Line, Silver Line",551.0,11868.8,13721.2,7126.5,356
2025-10-13 12:00:00,weekday,place-state,State Street,"Blue Line, Orange Line",130.0,7246.9,8717.0,3578.8,360
2025-10-13 12:00:00,weekday,place-sdmnl,Suffolk Downs,Blue Line,3.0,501.1,568.7,323.9,355
2025-10-13 12:00:00,weekday,place-sull,Sullivan Square,Orange Line,230.0,3949.4,4501.9,2538.3,359
2025-10-13 12:00:00,weekday,place-symcl,Symphony,Green Line,115.0,946.3,920.8,1010.2,327
2025-10-13 12:00:00,weekday,place-tumnl,Tufts Medical Center,Orange Line,1.0,3777.8,4535.5,1880.0,361
2025-10-13 12:00:00,weekday,place-unsqu,Union Square,Green Line,2.51,135.3,144.6,111.3,347
2025-10-13 12:00:00,weekday,place-welln,Wellington,Orange Line,159.0,3899.1,4551.5,2215.9,358
2025-10-13 12:00:00,weekday,place-wlsta,Wollaston,Red Line,43.0,1734.5,2020.8,1017.4,361
2025-10-13 12:00:00,weekday,place-wondl,Wonderland,Blue Line,153.0,3759.9,4264.2,2469.0,356
2025-10-13 12:00:00,weekday,place-wimnl,Wood Island,Blue Line,44.0,1318.7,1467.7,932.0,356
2025-10-13 12:00:00,weekday,place-wtcst,World Trade Center,Silver Line,39.0,1200.2,1316.5,909.0,361
2025-10-13 13:00:00,weekday,place-aport,Airport,Blue Line,212.0,6078.3,6569.2,4836.4,360
2025-10-13 13:00:00,weekday,place-alfcl,Alewife,Red Line,149.0,5780.6,6616.4,3687.0,361
2025-10-13 13:00:00,weekday,place-andrw,Andrew,Red Line,107.0,3255.3,3702.9,2134.3,361
2025-10-13 13:00:00,weekday,place-aqucl,Aquarium,Blue Line,149.0,3333.0,3432.4,3084.2,361
2025-10-13 13:00:00,weekday,place-armnl,Arlington,Green Line,191.0,3907.7,3974.4,3739.3,349
2025-10-13 13:00:00,weekday,place-asmnl,Ashmont,Red Line,138.0,3756.3,4380.3,2193.5,361
2025-10-13 13:00:00,weekday,place-astao,Assembly,Orange Line,83.0,2967.9,3119.5,2588.3,361
2025-10-13 13:00:00,weekday,place-bbsta,Back Bay,Orange Line,1.0,10028.9,11471.0,6270.6,357
2025-10-13 13:00:00,weekday,place-balsq,Ball Square,Green Line,16.07,139.3,150.9,109.9,350
2025-10-13 13:00:00,weekday,place-bmmnl,Beachmont,Blue Line,81.0,2348.0,2653.2,1560.5,358
2025-10-13 13:00:00,weekday,place-bomnl,Bowdoin,Blue Line,35.0,1406.3,1701.8,666.0,361
2025-10-13 13:00:00,weekday,place-boyls,Boylston,Green Line,285.0,3859.1,3732.2,4181.6,347
2025-10-13 13:00:00,weekday,place-brntn,Braintree,Red Line,74.0,2316.0,2671.8,1416.0,360
2025-10-13 13:00:00,weekday,place-brdwy,Broadway,Red Line,96.0,3513.1,3928.7,2393.2,351
2025-10-13 13:00:00,weekday,place-cntsq,Central,Red Line,291.0,8250.8,8876.6,6683.3,361
2025-10-13 13:00:00,weekday,place-chmnl,Charles/MGH,Red Line,123.0,5543.2,6654.1,2760.4,361
2025-10-13 13:00:00,weekday,place-chncl,Chinatown,Orange Line,2.0,3955.4,4305.4,3078.5,361
2025-10-13 13:00:00,weekday,place-ccmnl,Community College,Orange Line,42.0,2457.6,3023.7,1039.7,361
2025-10-13 13:00:00,weekday,place-coecl,Copley,Green Line,565.0,7980.6,7980.3,7981.3,350
2025-10-13 13:00:00,weekday,place-crtst,Courthouse,Silver Line,93.0,2253.6,2567.2,1468.3,361
2025-10-13 13:00:00,weekday,place-davis,Davis,Red Line,188.0,4866.6,5296.7,3789.1,361
2025-10-13 13:00:00,weekday,place-dwnxg,Downtown Crossing,"Orange Line, Red Line",315.0,10888.3,12269.6,7428.3,361
2025-10-13 13:00:00,weekday,place-esomr,East Somerville,Green Line,1.43,70.5,75.8,56.8,350
2025-10-13 13:00:00,weekday,place-fldcr,Fields Corner,Red Line,80.0,2377.4,2697.5,1575.7,361
2025-10-13 13:00:00,weekday,place-gilmn,Gilman Square,Green Line,3.74,264.1,286.5,207.2,351
2025-10-13 13:00:00,weekday,place-gover,Government Center,"Blue Line, Green Line",210.0,4821.1,5170.1,3947.0,361
2025-10-13 13:00:00,weekday,place-harsq,Harvard,Red Line,527.0,10860.0,11361.2,9604.7,361
2025-10-13 13:00:00,weekday,place-haecl,Haymarket,"Green Line, Orange Line",215.0,6453.5,6748.3,5715.2,361
2025-10-13 13:00:00,weekday,place-hymnl,Hynes Convention Center,Green Line,282.0,5288.6,5220.1,5460.7,355
2025-10-13 13:00:00,weekday,place-jfk,JFK/UMass,Red Line,82.0,4084.5,4808.4,2173.9,353
2025-10-13 13:00:00,weekday,place-jaksn,Jackson Square,Orange Line,3.0,2846.1,3326.1,1631.9,360
2025-10-13 13:00:00,weekday,place-knncl,Kendall/MIT,Red Line,321.0,8412.3,9925.9,4498.5,355
2025-10-13 13:00:00,weekday,place-kencl,Kenmore,Green Line,121.0,4439.8,4535.1,4203.1,352
2025-10-13 13:00:00,weekday,place-lech,Lechmere,Green Line,16.85,245.6,265.3,196.0,359
2025-10-13 13:00:00,weekday,place-mgngl,Magoun Square,Green Line,2.27,128.3,138.1,103.5,349
2025-10-13 13:00:00,weekday,place-mlmnl,Malden Center,Orange Line,193.0,5719.4,6595.3,3525.2,361
2025-10-13 13:00:00,weekday,place-matt,Mattapan Line,Mattapan Line,79.49,2785.5,3271.4,1568.2,361
2025-10-13 13:00:00,weekday,place-mvbcl,Maverick,Blue Line,256.0,7320.1,8106.1,5351.5,361
2025-10-13 13:00:00,weekday,place-mdftf,Medford/Tufts,Green Line,0.84,181.5,203.0,127.3,349
2025-10-13 13:00:00,weekday,place-nqncy,North Quincy,Red Line,66.0,2886.8,3386.6,1634.9,361
2025-10-13 13:00:00,weekday,place-north,North Station,"Green Line, Orange Line",423.0,11662.5,13084.0,8031.2,359
2025-10-13 13:00:00,weekday,place-ogmnl,Oak Grove,Orange Line,69.0,3496.9,4070.8,2045.5,360
2025-10-13 13:00:00,weekday,place-orhte,Orient Heights,Blue Line,111.0,3047.0,3426.0,2079.0,359
2025-10-13 13:00:00,weekday,place-pktrm,Park Street,"Green Line, Red Line",398.0,8842.8,9190.0,7973.2,361
2025-10-13 13:00:00,weekday,place-portr,Porter,Red Line,195.0,4190.9,4505.7,3402.5,361
2025-10-13 13:00:00,weekday,place-prmnl,Prudential,Green Line,267.0,2182.0,2137.6,2292.7,353
2025-10-13 13:00:00,weekday,place-qamnl,Quincy Adams,Red Line,30.0,1560.4,1835.5,867.2,359
2025-10-13 13:00:00,weekday,place-qnctr,Quincy Center,Red Line,94.0,3374.7,3868.8,2094.1,352
2025-10-13 13:00:00,weekday,place-rbmnl,Revere Beach,Blue Line,70.0,2267.8,2518.2,1633.2,357
2025-10-13 13:00:00,weekday,place-river,Riverside,Green Line,22.0,899.9,901.1,896.9,360
2025-10-13 13:00:00,weekday,place-rugg,Ruggles,Orange Line,2.0,5463.2,6671.9,2435.5,361
2025-10-13 13:00:00,weekday,place-shmnl,Savin Hill,Red Line,31.0,1248.0,1417.1,824.3,361
2025-10-13 13:00:00,weekday,place-spmnl,Science Park,Green Line,67.0,733.3,762.6,660.0,361
2025-10-13 13:00:00,weekday,place-smmnl,Shawmut,Red Line,27.0,1085.6,1267.3,630.5,361
2025-10-13 13:00:00,weekday,place-sstat,South Station,"Red Line, Silver Line",503.0,11868.8,13721.2,7126.5,356
2025-10-13 13:00:00,weekday,place-state,State Street,"Blue Line, Orange Line",157.0,7246.9,8717.0,3578.8,360
2025-10-13 13:00:00,weekday,place-sdmnl,Suffolk Downs,Blue Line,15.0,501.1,568.7,323.9,355
2025-10-13 13:00:00,weekday,place-sull,Sullivan Square,Orange Line,119.0,3949.4,4501.9,2538.3,359
2025-10-13 13:00:00,weekday,place-symcl,Symphony,Green Line,117.0,946.3,920.8,1010.2,327
2025-10-13 13:00:00,weekday,place-tumnl,Tufts Medical Center,Orange Line,1.0,3777.8,4535.5,1880.0,361
2025-10-13 13:00:00,weekday,place-unsqu,Union Square,Green Line,0.84,135.3,144.6,111.3,347
2025-10-13 13:00:00,weekday,place-welln,Wellington,Orange Line,93.0,3899.1,4551.5,2215.9,358
2025-10-13 13:00:00,weekday,place-wlsta,Wollaston,Red Line,37.0,1734.5,2020.8,1017.4,361
2025-10-13 13:00:00,weekday,place-wondl,Wonderland,Blue Line,155.0,3759.9,4264.2,2469.0,356
2025-10-13 13:00:00,weekday,place-wimnl,Wood Island,Blue Line,45.0,1318.7,1467.7,932.0,356
2025-10-13 13:00:00,weekday,place-wtcst,World Trade Center,Silver Line,45.0,1200.2,1316.5,909.0,361
2025-10-13 14:00:00,weekday,place-aport,Airport,Blue Line,236.0,6078.3,6569.2,4836.4,360
2025-10-13 14:00:00,weekday,place-alfcl,Alewife,Red Line,161.0,5780.6,6616.4,3687.0,361
2025-10-13 14:00:00,weekday,place-andrw,Andrew,Red Line,128.0,3255.3,3702.9,2134.3,361
2025-10-13 14:00:00,weekday,place-aqucl,Aquarium,Blue Line,210.0,3333.0,3432.4,3084.2,361
2025-10-13 14:00:00,weekday,place-armnl,Arlington,Green Line,240.0,3907.7,3974.4,3739.3,349
2025-10-13 14:00:00,weekday,place-asmnl,Ashmont,Red Line,161.0,3756.3,4380.3,2193.5,361
2025-10-13 14:00:00,weekday,place-astao,Assembly,Orange Line,105.0,2967.9,3119.5,2588.3,361
2025-10-13 14:00:00,weekday,place-bbsta,Back Bay,Orange Line,2.0,10028.9,11471.0,6270.6,357
2025-10-13 14:00:00,weekday,place-balsq,Ball Square,Green Line,2.91,139.3,150.9,109.9,350
2025-10-13 14:00:00,weekday,place-bmmnl,Beachmont,Blue Line,102.0,2348.0,2653.2,1560.5,358
2025-10-13 14:00:00,weekday,place-bomnl,Bowdoin,Blue Line,53.0,1406.3,1701.8,666.0,361
2025-10-13 14:00:00,weekday,place-boyls,Boylston,Green Line,303.0,3859.1,3732.2,4181.6,347
2025-10-13 14:00:00,weekday,place-brntn,Braintree,Red Line,75.0,2316.0,2671.8,1416.0,360
2025-10-13 14:00:00,weekday,place-brdwy,Broadway,Red Line,122.0,3513.1,3928.7,2393.2,351
2025-10-13 14:00:00,weekday,place-cntsq,Central,Red Line,316.0,8250.8,8876.6,6683.3,361
2025-10-13 14:00:00,weekday,place-chmnl,Charles/MGH,Red Line,156.0,5543.2,6654.1,2760.4,361
2025-10-13 14:00:00,weekday,place-ccmnl,Community College,Orange Line,59.0,2457.6,3023.7,1039.7,361
2025-10-13 14:00:00,weekday,place-coecl,Copley,Green Line,624.0,7980.6,7980.3,7981.3,350
2025-10-13 14:00:00,weekday,place-crtst,Courthouse,Silver Line,113.0,2253.6,2567.2,1468.3,361
2025-10-13 14:00:00,weekday,place-davis,Davis,Red Line,181.0,4866.6,5296.7,3789.1,361
2025-10-13 14:00:00,weekday,place-dwnxg,Downtown Crossing,"Orange Line, Red Line",417.0,10888.3,12269.6,7428.3,361
2025-10-13 14:00:00,weekday,place-fldcr,Fields Corner,Red Line,98.0,2377.4,2697.5,1575.7,361
2025-10-13 14:00:00,weekday,place-gilmn,Gilman Square,Green Line,2.85,264.1,286.5,207.2,351
2025-10-13 14:00:00,weekday,place-gover,Government Center,"Blue Line, Green Line",297.0,4821.1,5170.1,3947.0,361
2025-10-13 14:00:00,weekday,place-harsq,Harvard,Red Line,536.0,10860.0,11361.2,9604.7,361
2025-10-13 14:00:00,weekday,place-haecl,Haymarket,"Green Line, Orange Line",213.0,6453.5,6748.3,5715.2,361
2025-10-13 14:00:00,weekday,place-hymnl,Hynes Convention Center,Green Line,320.0,5288.6,5220.1,5460.7,355
2025-10-13 14:00:00,weekday,place-jfk,JFK/UMass,Red Line,98.0,4084.5,4808.4,2173.9,353
2025-10-13 14:00:00,weekday,place-jaksn,Jackson Square,Orange Line,1.0,2846.1,3326.1,1631.9,360
2025-10-13 14:00:00,weekday,place-knncl,Kendall/MIT,Red Line,389.0,8412.3,9925.9,4498.5,355
2025-10-13 14:00:00,weekday,place-kencl,Kenmore,Green Line,205.0,4439.8,4535.1,4203.1,352
2025-10-13 14:00:00,weekday,place-lech,Lechmere,Green Line,10.36,245.6,265.3,196.0,359
2025-10-13 14:00:00,weekday,place-mgngl,Magoun Square,Green Line,3.5,128.3,138.1,103.5,349
2025-10-13 14:00:00,weekday,place-mlmnl,Malden Center,Orange Line,195.0,5719.4,6595.3,3525.2,361
2025-10-13 14:00:00,weekday,place-masta,Massachusetts Avenue,Orange Line,2.0,3184.2,3658.5,1996.0,361
2025-10-13 14:00:00,weekday,place-matt,Mattapan Line,Mattapan Line,111.74,2785.5,3271.4,1568.2,361
2025-10-13 14:00:00,weekday,place-mvbcl,Maverick,Blue Line,324.0,7320.1,8106.1,5351.5,361
2025-10-13 14:00:00,weekday,place-mdftf,Medford/Tufts,Green Line,1.43,181.5,203.0,127.3,349
2025-10-13 14:00:00,weekday,place-nqncy,North Quincy,Red Line,76.0,2886.8,3386.6,1634.9,361
2025-10-13 14:00:00,weekday,place-north,North Station,"Green Line, Orange Line",544.0,11662.5,13084.0,8031.2,359
2025-10-13 14:00:00,weekday,place-ogmnl,Oak Grove,Orange Line,61.0,3496.9,4070.8,2045.5,360
2025-10-13 14:00:00,weekday,place-orhte,Orient Heights,Blue Line,78.0,3047.0,3426.0,2079.0,359
2025-10-13 14:00:00,weekday,place-pktrm,Park Street,"Green Line, Red Line",411.0,8842.8,9190.0,7973.2,361
2025-10-13 14:00:00,weekday,place-portr,Porter,Red Line,157.0,4190.9,4505.7,3402.5,361
2025-10-13 14:00:00,weekday,place-prmnl,Prudential,Green Line,293.0,2182.0,2137.6,2292.7,353
2025-10-13 14:00:00,weekday,place-qamnl,Quincy Adams,Red Line,34.0,1560.4,1835.5,867.2,359
2025-10-13 14:00:00,weekday,place-qnctr,Quincy Center,Red Line,83.0,3374.7,3868.8,2094.1,352
2025-10-13 14:00:00,weekday,place-rbmnl,Revere Beach,Blue Line,93.0,2267.8,2518.2,1633.2,357
2025-10-13 14:00:00,weekday,place-river,Riverside,Green Line,17.0,899.9,901.1,896.9,360
2025-10-13 14:00:00,weekday,place-rugg,Ruggles,Orange Line,3.0,5463.2,6671.9,2435.5,361
2025-10-13 14:00:00,weekday,place-shmnl,Savin Hill,Red Line,33.0,1248.0,1417.1,824.3,361
2025-10-13 14:00:00,weekday,place-spmnl,Science Park,Green Line,92.0,733.3,762.6,660.0,361
2025-10-13 14:00:00,weekday,place-smmnl,Shawmut,Red Line,31.0,1085.6,1267.3,630.5,361
2025-10-13 14:00:00,weekday,place-sstat,South Station,"Red Line, Silver Line",644.0,11868.8,13721.2,7126.5,356
2025-10-13 14:00:00,weekday,place-state,State Street,"Blue Line, Orange Line",254.0,7246.9,8717.0,3578.8,360
2025-10-13 14:00:00,weekday,place-sdmnl,Suffolk Downs,Blue Line,10.0,501.1,568.7,323.9,355
2025-10-13 14:00:00,weekday,place-sull,Sullivan Square,Orange Line,140.0,3949.4,4501.9,2538.3,359
2025-10-13 14:00:00,weekday,place-symcl,Symphony,Green Line,99.0,946.3,920.8,1010.2,327
2025-10-13 14:00:00,weekday,place-tumnl,Tufts Medical Center,Orange Line,1.0,3777.8,4535.5,1880.0,361
2025-10-13 14:00:00,weekday,place-unsqu,Union Square,Green Line,1.67,135.3,144.6,111.3,347
2025-10-13 14:00:00,weekday,place-welln,Wellington,Orange Line,92.0,3899.1,4551.5,2215.9,358
2025-10-13 14:00:00,weekday,place-wlsta,Wollaston,Red Line,44.0,1734.5,2020.8,1017.4,361
2025-10-13 14:00:00,weekday,place-wondl,Wonderland,Blue Line,143.0,3759.9,4264.2,2469.0,356
2025-10-13 14:00:00,weekday,place-wimnl,Wood Island,Blue Line,73.0,1318.7,1467.7,932.0,356
2025-10-13 14:00:00,weekday,place-wtcst,World Trade Center,Silver Line,49.0,1200.2,1316.5,909.0,361
2025-10-13 15:00:00,weekday,place-aport,Airport,Blue Line,248.0,6078.3,6569.2,4836.4,360
2025-10-13 15:00:00,weekday,place-alfcl,Alewife,Red Line,157.0,5780.6,6616.4,3687.0,361
2025-10-13 15:00:00,weekday,place-andrw,Andrew,Red Line,133.0,3255.3,3702.9,2134.3,361
2025-10-13 15:00:00,weekday,place-aqucl,Aquarium,Blue Line,253.0,3333.0,3432.4,3084.2,361
2025-10-13 15:00:00,weekday,place-armnl,Arlington,Green Line,292.0,3907.7,3974.4,3739.3,349
2025-10-13 15:00:00,weekday,place-asmnl,Ashmont,Red Line,144.0,3756.3,4380.3,2193.5,361
2025-10-13 15:00:00,weekday,place-astao,Assembly,Orange Line,126.0,2967.9,3119.5,2588.3,361
2025-10-13 15:00:00,weekday,place-bbsta,Back Bay,Orange Line,1.0,10028.9,11471.0,6270.6,357
2025-10-13 15:00:00,weekday,place-balsq,Ball Square,Green Line,2.85,139.3,150.9,109.9,350
2025-10-13 15:00:00,weekday,place-bmmnl,Beachmont,Blue Line,84.0,2348.0,2653.2,1560.5,358
2025-10-13 15:00:00,weekday,place-bomnl,Bowdoin,Blue Line,93.0,1406.3,1701.8,666.0,361
2025-10-13 15:00:00,weekday,place-boyls,Boylston,Green Line,391.0,3859.1,3732.2,4181.6,347
2025-10-13 15:00:00,weekday,place-brntn,Braintree,Red Line,61.0,2316.0,2671.8,1416.0,360
2025-10-13 15:00:00,weekday,place-brdwy,Broadway,Red Line,153.0,3513.1,3928.7,2393.2,351
2025-10-13 15:00:00,weekday,place-cntsq,Central,Red Line,430.0,8250.8,8876.6,6683.3,361
2025-10-13 15:00:00,weekday,place-chmnl,Charles/MGH,Red Line,228.0,5543.2,6654.1,2760.4,361
2025-10-13 15:00:00,weekday,place-chncl,Chinatown,Orange Line,1.0,3955.4,4305.4,3078.5,361
2025-10-13 15:00:00,weekday,place-ccmnl,Community College,Orange Line,85.0,2457.6,3023.7,1039.7,361
2025-10-13 15:00:00,weekday,place-coecl,Copley,Green Line,814.0,7980.6,7980.3,7981.3,350
2025-10-13 15:00:00,weekday,place-crtst,Courthouse,Silver Line,199.0,2253.6,2567.2,1468.3,361
2025-10-13 15:00:00,weekday,place-davis,Davis,Red Line,205.0,4866.6,5296.7,3789.1,361
2025-10-13 15:00:00,weekday,place-dwnxg,Downtown Crossing,"Orange Line, Red Line",448.0,10888.3,12269.6,7428.3,361
2025-10-13 15:00:00,weekday,place-esomr,East Somerville,Green Line,1.43,70.5,75.8,56.8,350
2025-10-13 15:00:00,weekday,place-fldcr,Fields Corner,Red Line,111.0,2377.4,2697.5,1575.7,361
2025-10-13 15:00:00,weekday,place-gilmn,Gilman Square,Green Line,4.98,264.1,286.5,207.2,351
2025-10-13 15:00:00,weekday,place-gover,Government Center,"Blue Line, Green Line",337.0,4821.1,5170.1,3947.0,361
2025-10-13 15:00:00,weekday,place-harsq,Harvard,Red Line,567.0,10860.0,11361.2,9604.7,361
2025-10-13 15:00:00,weekday,place-haecl,Haymarket,"Green Line, Orange Line",261.0,6453.5,6748.3,5715.2,361
2025-10-13 15:00:00,weekday,place-hymnl,Hynes Convention Center,Green Line,382.0,5288.6,5220.1,5460.7,355
2025-10-13 15:00:00,weekday,place-jfk,JFK/UMass,Red Line,82.0,4084.5,4808.4,2173.9,353
2025-10-13 15:00:00,weekday,place-jaksn,Jackson Square,Orange Line,1.0,2846.1,3326.1,1631.9,360
2025-10-13 15:00:00,weekday,place-knncl,Kendall/MIT,Red Line,528.0,8412.3,9925.9,4498.5,355
2025-10-13 15:00:00,weekday,place-kencl,Kenmore,Green Line,183.0,4439.8,4535.1,4203.1,352
2025-10-13 15:00:00,weekday,place-lech,Lechmere,Green Line,14.15,245.6,265.3,196.0,359
2025-10-13 15:00:00,weekday,place-mgngl,Magoun Square,Green Line,3.69,128.3,138.1,103.5,349
2025-10-13 15:00:00,weekday,place-mlmnl,Malden Center,Orange Line,158.0,5719.4,6595.3,3525.2,361
2025-10-13 15:00:00,weekday,place-masta,Massachusetts Avenue,Orange Line,2.0,3184.2,3658.5,1996.0,361
2025-10-13 15:00:00,weekday,place-matt,Mattapan Line,Mattapan Line,101.37,2785.5,3271.4,1568.2,361
2025-10-13 15:00:00,weekday,place-mvbcl,Maverick,Blue Line,373.0,7320.1,8106.1,5351.5,361
2025-10-13 15:00:00,weekday,place-mdftf,Medford/Tufts,Green Line,6.22,181.5,203.0,127.3,349
2025-10-13 15:00:00,weekday,place-nqncy,North Quincy,Red Line,83.0,2886.8,3386.6,1634.9,361
2025-10-13 15:00:00,weekday,place-north,North Station,"Green Line, Orange Line",1763.0,11662.5,13084.0,8031.2,359
2025-10-13 15:00:00,weekday,place-ogmnl,Oak Grove,Orange Line,58.0,3496.9,4070.8,2045.5,360
2025-10-13 15:00:00,weekday,place-orhte,Orient Heights,Blue Line,98.0,3047.0,3426.0,2079.0,359
2025-10-13 15:00:00,weekday,place-pktrm,Park Street,"Green Line, Red Line",440.0,8842.8,9190.0,7973.2,361
2025-10-13 15:00:00,weekday,place-portr,Porter,Red Line,161.0,4190.9,4505.7,3402.5,361
2025-10-13 15:00:00,weekday,place-prmnl,Prudential,Green Line,361.0,2182.0,2137.6,2292.7,353
2025-10-13 15:00:00,weekday,place-qamnl,Quincy Adams,Red Line,40.0,1560.4,1835.5,867.2,359
2025-10-13 15:00:00,weekday,place-qnctr,Quincy Center,Red Line,81.0,3374.7,3868.8,2094.1,352
2025-10-13 15:00:00,weekday,place-rbmnl,Revere Beach,Blue Line,94.0,2267.8,2518.2,1633.2,357
2025-10-13 15:00:00,weekday,place-river,Riverside,Green Line,21.0,899.9,901.1,896.9,360
2025-10-13 15:00:00,weekday,place-rugg,Ruggles,Orange Line,3.0,5463.2,6671.9,2435.5,361
2025-10-13 15:00:00,weekday,place-shmnl,Savin Hill,Red Line,43.0,1248.0,1417.1,824.3,361
2025-10-13 15:00:00,weekday,place-spmnl,Science Park,Green Line,91.0,733.3,762.6,660.0,361
2025-10-13 15:00:00,weekday,place-smmnl,Shawmut,Red Line,17.0,1085.6,1267.3,630.5,361
2025-10-13 15:00:00,weekday,place-sstat,South Station,"Red Line, Silver Line",782.0,11868.8,13721.2,7126.5,356
2025-10-13 15:00:00,weekday,place-state,State Street,"Blue Line, Orange Line",327.0,7246.9,8717.0,3578.8,360
2025-10-13 15:00:00,weekday,place-sdmnl,Suffolk Downs,Blue Line,6.0,501.1,568.7,323.9,355
2025-10-13 15:00:00,weekday,place-sull,Sullivan Square,Orange Line,136.0,3949.4,4501.9,2538.3,359
2025-10-13 15:00:00,weekday,place-symcl,Symphony,Green Line,134.0,946.3,920.8,1010.2,327
2025-10-13 15:00:00,weekday,place-tumnl,Tufts Medical Center,Orange Line,2.0,3777.8,4535.5,1880.0,361
2025-10-13 15:00:00,weekday,place-unsqu,Union Square,Green Line,1.67,135.3,144.6,111.3,347
2025-10-13 15:00:00,weekday,place-welln,Wellington,Orange Line,119.0,3899.1,4551.5,2215.9,358
2025-10-13 15:00:00,weekday,place-wlsta,Wollaston,Red Line,33.0,1734.5,2020.8,1017.4,361
2025-10-13 15:00:00,weekday,place-wondl,Wonderland,Blue Line,140.0,3759.9,4264.2,2469.0,356
2025-10-13 15:00:00,weekday,place-wimnl,Wood Island,Blue Line,71.0,1318.7,1467.7,932.0,356
2025-10-13 15:00:00,weekday,place-wtcst,World Trade Center,Silver Line,118.0,1200.2,1316.5,909.0,361
2025-10-13 16:00:00,weekday,place-aport,Airport,Blue Line,213.0,6078.3,6569.2,4836.4,360
2025-10-13 16:00:00,weekday,place-alfcl,Alewife,Red Line,233.0,5780.6,6616.4,3687.0,361
2025-10-13 16:00:00,weekday,place-andrw,Andrew,Red Line,163.0,3255.3,3702.9,2134.3,361
2025-10-13 16:00:00,weekday,place-aqucl,Aquarium,Blue Line,284.0,3333.0,3432.4,3084.2,361
2025-10-13 16:00:00,weekday,place-armnl,Arlington,Green Line,340.0,3907.7,3974.4,3739.3,349
2025-10-13 16:00:00,weekday,place-asmnl,Ashmont,Red Line,115.0,3756.3,4380.3,2193.5,361
2025-10-13 16:00:00,weekday,place-astao,Assembly,Orange Line,117.0,2967.9,3119.5,2588.3,361
2025-10-13 16:00:00,weekday,place-bbsta,Back Bay,Orange Line,2.0,10028.9,11471.0,6270.6,357
2025-10-13 16:00:00,weekday,place-balsq,Ball Square,Green Line,4.98,139.3,150.9,109.9,350
2025-10-13 16:00:00,weekday,place-bmmnl,Beachmont,Blue Line,68.0,2348.0,2653.2,1560.5,358
2025-10-13 16:00:00,weekday,place-bomnl,Bowdoin,Blue Line,87.0,1406.3,1701.8,666.0,361
2025-10-13 16:00:00,weekday,place-boyls,Boylston,Green Line,477.0,3859.1,3732.2,4181.6,347
2025-10-13 16:00:00,weekday,place-brntn,Braintree,Red Line,75.0,2316.0,2671.8,1416.0,360
2025-10-13 16:00:00,weekday,place-brdwy,Broadway,Red Line,169.0,3513.1,3928.7,2393.2,351
2025-10-13 16:00:00,weekday,place-cntsq,Central,Red Line,440.0,8250.8,8876.6,6683.3,361
2025-10-13 16:00:00,weekday,place-chmnl,Charles/MGH,Red Line,181.0,5543.2,6654.1,2760.4,361
2025-10-13 16:00:00,weekday,place-chncl,Chinatown,Orange Line,1.0,3955.4,4305.4,3078.5,361
2025-10-13 16:00:00,weekday,place-ccmnl,Community College,Orange Line,77.0,2457.6,3023.7,1039.7,361
2025-10-13 16:00:00,weekday,place-coecl,Copley,Green Line,1042.0,7980.6,7980.3,7981.3,350
2025-10-13 16:00:00,weekday,place-crtst,Courthouse,Silver Line,327.0,2253.6,2567.2,1468.3,361
2025-10-13 16:00:00,weekday,place-davis,Davis,Red Line,191.0,4866.6,5296.7,3789.1,361
2025-10-13 16:00:00,weekday,place-dwnxg,Downtown Crossing,"Orange Line, Red Line",585.0,10888.3,12269.6,7428.3,361
2025-10-13 16:00:00,weekday,place-esomr,East Somerville,Green Line,1.68,70.5,75.8,56.8,350
2025-10-13 16:00:00,weekday,place-fldcr,Fields Corner,Red Line,66.0,2377.4,2697.5,1575.7,361
2025-10-13 16:00:00,weekday,place-gilmn,Gilman Square,Green Line,4.28,264.1,286.5,207.2,351
2025-10-13 16:00:00,weekday,place-gover,Government Center,"Blue Line, Green Line",464.0,4821.1,5170.1,3947.0,361
2025-10-13 16:00:00,weekday,place-harsq,Harvard,Red Line,497.0,10860.0,11361.2,9604.7,361
2025-10-13 16:00:00,weekday,place-haecl,Haymarket,"Green Line, Orange Line",290.0,6453.5,6748.3,5715.2,361
2025-10-13 16:00:00,weekday,place-hymnl,Hynes Convention Center,Green Line,411.0,5288.6,5220.1,5460.7,355
2025-10-13 16:00:00,weekday,place-jfk,JFK/UMass,Red Line,97.0,4084.5,4808.4,2173.9,353
2025-10-13 16:00:00,weekday,place-jaksn,Jackson Square,Orange Line,2.0,2846.1,3326.1,1631.9,360
2025-10-13 16:00:00,weekday,place-knncl,Kendall/MIT,Red Line,617.0,8412.3,9925.9,4498.5,355
2025-10-13 16:00:00,weekday,place-kencl,Kenmore,Green Line,219.0,4439.8,4535.1,4203.1,352
2025-10-13 16:00:00,weekday,place-lech,Lechmere,Green Line,14.99,245.6,265.3,196.0,359
2025-10-13 16:00:00,weekday,place-mgngl,Magoun Square,Green Line,2.07,128.3,138.1,103.5,349
2025-10-13 16:00:00,weekday,place-mlmnl,Malden Center,Orange Line,155.0,5719.4,6595.3,3525.2,361
2025-10-13 16:00:00,weekday,place-matt,Mattapan Line,Mattapan Line,84.09,2785.5,3271.4,1568.2,361
2025-10-13 16:00:00,weekday,place-mvbcl,Maverick,Blue Line,271.0,7320.1,8106.1,5351.5,361
2025-10-13 16:00:00,weekday,place-mdftf,Medford/Tufts,Green Line,2.85,181.5,203.0,127.3,349
2025-10-13 16:00:00,weekday,place-nqncy,North Quincy,Red Line,108.0,2886.8,3386.6,1634.9,361
2025-10-13 16:00:00,weekday,place-north,North Station,"Green Line, Orange Line",2027.0,11662.5,13084.0,8031.2,359
2025-10-13 16:00:00,weekday,place-ogmnl,Oak Grove,Orange Line,55.0,3496.9,4070.8,2045.5,360
2025-10-13 16:00:00,weekday,place-orhte,Orient Heights,Blue Line,82.0,3047.0,3426.0,2079.0,359
2025-10-13 16:00:00,weekday,place-pktrm,Park Street,"Green Line, Red Line",604.0,8842.8,9190.0,7973.2,361
2025-10-13 16:00:00,weekday,place-portr,Porter,Red Line,180.0,4190.9,4505.7,3402.5,361
2025-10-13 16:00:00,weekday,place-prmnl,Prudential,Green Line,409.0,2182.0,2137.6,2292.7,353
2025-10-13 16:00:00,weekday,place-qamnl,Quincy Adams,Red Line,65.0,1560.4,1835.5,867.2,359
2025-10-13 16:00:00,weekday,place-qnctr,Quincy Center,Red Line,71.0,3374.7,3868.8,2094.1,352
2025-10-13 16:00:00,weekday,place-rbmnl,Revere Beach,Blue Line,52.0,2267.8,2518.2,1633.2,357
2025-10-13 16:00:00,weekday,place-river,Riverside,Green Line,24.0,899.9,901.1,896.9,360
2025-10-13 16:00:00,weekday,place-rugg,Ruggles,Orange Line,3.0,5463.2,6671.9,2435.5,361
2025-10-13 16:00:00,weekday,place-shmnl,Savin Hill,Red Line,20.0,1248.0,1417.1,824.3,361
2025-10-13 16:00:00,weekday,place-spmnl,Science Park,Green Line,159.0,733.3,762.6,660.0,361
2025-10-13 16:00:00,weekday,place-smmnl,Shawmut,Red Line,23.0,1085.6,1267.3,630.5,361
2025-10-13 16:00:00,weekday,place-sstat,South Station,"Red Line, Silver Line",1238.0,11868.8,13721.2,7126.5,356
2025-10-13 16:00:00,weekday,place-state,State Street,"Blue Line, Orange Line",397.0,7246.9,8717.0,3578.8,360
2025-10-13 16:00:00,weekday,place-sdmnl,Suffolk Downs,Blue Line,8.0,501.1,568.7,323.9,355
2025-10-13 16:00:00,weekday,place-sull,Sullivan Square,Orange Line,137.0,3949.4,4501.9,2538.3,359
2025-10-13 16:00:00,weekday,place-symcl,Symphony,Green Line,118.0,946.3,920.8,1010.2,327
2025-10-13 16:00:00,weekday,place-tumnl,Tufts Medical Center,Orange Line,4.0,3777.8,4535.5,1880.0,361
2025-10-13 16:00:00,weekday,place-unsqu,Union Square,Green Line,2.07,135.3,144.6,111.3,347
2025-10-13 16:00:00,weekday,place-welln,Wellington,Orange Line,110.0,3899.1,4551.5,2215.9,358
2025-10-13 16:00:00,weekday,place-wlsta,Wollaston,Red Line,21.0,1734.5,2020.8,1017.4,361
2025-10-13 16:00:00,weekday,place-wondl,Wonderland,Blue Line,109.0,3759.9,4264.2,2469.0,356
2025-10-13 16:00:00,weekday,place-wimnl,Wood Island,Blue Line,48.0,1318.7,1467.7,932.0,356
2025-10-13 16:00:00,weekday,place-wtcst,World Trade Center,Silver Line,155.0,1200.2,1316.5,909.0,361
2025-10-13 17:00:00,weekday,place-aport,Airport,Blue Line,198.0,6078.3,6569.2,4836.4,360
2025-10-13 17:00:00,weekday,place-alfcl,Alewife,Red Line,291.0,5780.6,6616.4,3687.0,361
2025-10-13 17:00:00,weekday,place-andrw,Andrew,Red Line,124.0,3255.3,3702.9,2134.3,361
2025-10-13 17:00:00,weekday,place-aqucl,Aquarium,Blue Line,254.0,3333.0,3432.4,3084.2,361
2025-10-13 17:00:00,weekday,place-armnl,Arlington,Green Line,405.0,3907.7,3974.4,3739.3,349
2025-10-13 17:00:00,weekday,place-asmnl,Ashmont,Red Line,98.0,3756.3,4380.3,2193.5,361
2025-10-13 17:00:00,weekday,place-astao,Assembly,Orange Line,127.0,2967.9,3119.5,2588.3,361
2025-10-13 17:00:00,weekday,place-bmmnl,Beachmont,Blue Line,51.0,2348.0,2653.2,1560.5,358
2025-10-13 17:00:00,weekday,place-bomnl,Bowdoin,Blue Line,76.0,1406.3,1701.8,666.0,361
2025-10-13 17:00:00,weekday,place-boyls,Boylston,Green Line,505.0,3859.1,3732.2,4181.6,347
2025-10-13 17:00:00,weekday,place-brntn,Braintree,Red Line,67.0,2316.0,2671.8,1416.0,360
2025-10-13 17:00:00,weekday,place-brdwy,Broadway,Red Line,181.0,3513.1,3928.7,2393.2,351
2025-10-13 17:00:00,weekday,place-cntsq,Central,Red Line,417.0,8250.8,8876.6,6683.3,361
2025-10-13 17:00:00,weekday,place-chmnl,Charles/MGH,Red Line,178.0,5543.2,6654.1,2760.4,361
2025-10-13 17:00:00,weekday,place-chncl,Chinatown,Orange Line,1.0,3955.4,4305.4,3078.5,361
2025-10-13 17:00:00,weekday,place-ccmnl,Community College,Orange Line,97.0,2457.6,3023.7,1039.7,361
2025-10-13 17:00:00,weekday,place-coecl,Copley,Green Line,994.0,7980.6,7980.3,7981.3,350
2025-10-13 17:00:00,weekday,place-crtst,Courthouse,Silver Line,341.0,2253.6,2567.2,1468.3,361
2025-10-13 17:00:00,weekday,place-davis,Davis,Red Line,207.0,4866.6,5296.7,3789.1,361
2025-10-13 17:00:00,weekday,place-dwnxg,Downtown Crossing,"Orange Line, Red Line",685.0,10888.3,12269.6,7428.3,361
2025-10-13 17:00:00,weekday,place-esomr,East Somerville,Green Line,7.89,70.5,75.8,56.8,350
2025-10-13 17:00:00,weekday,place-fldcr,Fields Corner,Red Line,50.0,2377.4,2697.5,1575.7,361
2025-10-13 17:00:00,weekday,place-gilmn,Gilman Square,Green Line,7.63,264.1,286.5,207.2,351
2025-10-13 17:00:00,weekday,place-gover,Government Center,"Blue Line, Green Line",542.0,4821.1,5170.1,3947.0,361
2025-10-13 17:00:00,weekday,place-harsq,Harvard,Red Line,525.0,10860.0,11361.2,9604.7,361
2025-10-13 17:00:00,weekday,place-haecl,Haymarket,"Green Line, Orange Line",251.0,6453.5,6748.3,5715.2,361
2025-10-13 17:00:00,weekday,place-hymnl,Hynes Convention Center,Green Line,443.0,5288.6,5220.1,5460.7,355
2025-10-13 17:00:00,weekday,place-jfk,JFK/UMass,Red Line,107.0,4084.5,4808.4,2173.9,353
2025-10-13 17:00:00,weekday,place-knncl,Kendall/MIT,Red Line,681.0,8412.3,9925.9,4498.5,355
2025-10-13 17:00:00,weekday,place-kencl,Kenmore,Green Line,179.0,4439.8,4535.1,4203.1,352
2025-10-13 17:00:00,weekday,place-lech,Lechmere,Green Line,30.57,245.6,265.3,196.0,359
2025-10-13 17:00:00,weekday,place-mgngl,Magoun Square,Green Line,9.72,128.3,138.1,103.5,349
2025-10-13 17:00:00,weekday,place-mlmnl,Malden Center,Orange Line,161.0,5719.4,6595.3,3525.2,361
2025-10-13 17:00:00,weekday,place-masta,Massachusetts Avenue,Orange Line,1.0,3184.2,3658.5,1996.0,361
2025-10-13 17:00:00,weekday,place-matt,Mattapan Line,Mattapan Line,80.64,2785.5,3271.4,1568.2,361
2025-10-13 17:00:00,weekday,place-mvbcl,Maverick,Blue Line,262.0,7320.1,8106.1,5351.5,361
2025-10-13 17:00:00,weekday,place-mdftf,Medford/Tufts,Green Line,2.51,181.5,203.0,127.3,349
2025-10-13 17:00:00,weekday,place-nqncy,North Quincy,Red Line,122.0,2886.8,3386.6,1634.9,361
2025-10-13 17:00:00,weekday,place-north,North Station,"Green Line, Orange Line",960.0,11662.5,13084.0,8031.2,359
2025-10-13 17:00:00,weekday,place-ogmnl,Oak Grove,Orange Line,58.0,3496.9,4070.8,2045.5,360
2025-10-13 17:00:00,weekday,place-orhte,Orient Heights,Blue Line,58.0,3047.0,3426.0,2079.0,359
2025-10-13 17:00:00,weekday,place-pktrm,Park Street,"Green Line, Red Line",749.0,8842.8,9190.0,7973.2,361
2025-10-13 17:00:00,weekday,place-portr,Porter,Red Line,174.0,4190.9,4505.7,3402.5,361
2025-10-13 17:00:00,weekday,place-prmnl,Prudential,Green Line,399.0,2182.0,2137.6,2292.7,353
2025-10-13 17:00:00,weekday,place-qamnl,Quincy Adams,Red Line,46.0,1560.4,1835.5,867.2,359
2025-10-13 17:00:00,weekday,place-qnctr,Quincy Center,Red Line,84.0,3374.7,3868.8,2094.1,352
2025-10-13 17:00:00,weekday,place-rbmnl,Revere Beach,Blue Line,33.0,2267.8,2518.2,1633.2,357
2025-10-13 17:00:00,weekday,place-river,Riverside,Green Line,36.0,899.9,901.1,896.9,360
2025-10-13 17:00:00,weekday,place-rcmnl,Roxbury Crossing,Orange Line,1.0,2916.6,3388.0,1712.4,359
2025-10-13 17:00:00,weekday,place-rugg,Ruggles,Orange Line,1.0,5463.2,6671.9,2435.5,361
2025-10-13 17:00:00,weekday,place-shmnl,Savin Hill,Red Line,26.0,1248.0,1417.1,824.3,361
2025-10-13 17:00:00,weekday,place-spmnl,Science Park,Green Line,124.0,733.3,762.6,660.0,361
2025-10-13 17:00:00,weekday,place-smmnl,Shawmut,Red Line,16.0,1085.6,1267.3,630.5,361
2025-10-13 17:00:00,weekday,place-sstat,South Station,"Red Line, Silver Line",1357.0,11868.8,13721.2,7126.5,356
2025-10-13 17:00:00,weekday,place-state,State Street,"Blue Line, Orange Line",433.0,7246.9,8717.0,3578.8,360
2025-10-13 17:00:00,weekday,place-sdmnl,Suffolk Downs,Blue Line,10.0,501.1,568.7,323.9,355
2025-10-13 17:00:00,weekday,place-sull,Sullivan Square,Orange Line,122.0,3949.4,4501.9,2538.3,359
2025-10-13 17:00:00,weekday,place-symcl,Symphony,Green Line,105.0,946.3,920.8,1010.2,327
2025-10-13 17:00:00,weekday,place-tumnl,Tufts Medical Center,Orange Line,1.0,3777.8,4535.5,1880.0,361
2025-10-13 17:00:00,weekday,place-unsqu,Union Square,Green Line,2.07,135.3,144.6,111.3,347
2025-10-13 17:00:00,weekday,place-welln,Wellington,Orange Line,132.0,3899.1,4551.5,2215.9,358
2025-10-13 17:00:00,weekday,place-wlsta,Wollaston,Red Line,26.0,1734.5,2020.8,1017.4,361
2025-10-13 17:00:00,weekday,place-wondl,Wonderland,Blue Line,77.0,3759.9,4264.2,2469.0,356
2025-10-13 17:00:00,weekday,place-wimnl,Wood Island,Blue Line,41.0,1318.7,1467.7,932.0,356
2025-10-13 17:00:00,weekday,place-wtcst,World Trade Center,Silver Line,118.0,1200.2,1316.5,909.0,361
2025-10-13 18:00:00,weekday,place-aport,Airport,Blue Line,160.0,6078.3,6569.2,4836.4,360
2025-10-13 18:00:00,weekday,place-alfcl,Alewife,Red Line,169.0,5780.6,6616.4,3687.0,361
2025-10-13 18:00:00,weekday,place-andrw,Andrew,Red Line,100.0,3255.3,3702.9,2134.3,361
2025-10-13 18:00:00,weekday,place-aqucl,Aquarium,Blue Line,161.0,3333.0,3432.4,3084.2,361
2025-10-13 18:00:00,weekday,place-armnl,Arlington,Green Line,242.0,3907.7,3974.4,3739.3,349
2025-10-13 18:00:00,weekday,place-asmnl,Ashmont,Red Line,75.0,3756.3,4380.3,2193.5,361
2025-10-13 18:00:00,weekday,place-astao,Assembly,Orange Line,113.0,2967.9,3119.5,2588.3,361
2025-10-13 18:00:00,weekday,place-bbsta,Back Bay,Orange Line,1.0,10028.9,11471.0,6270.6,357
2025-10-13 18:00:00,weekday,place-balsq,Ball Square,Green Line,4.98,139.3,150.9,109.9,350
2025-10-13 18:00:00,weekday,place-bmmnl,Beachmont,Blue Line,27.0,2348.0,2653.2,1560.5,358
2025-10-13 18:00:00,weekday,place-bomnl,Bowdoin,Blue Line,37.0,1406.3,1701.8,666.0,361
2025-10-13 18:00:00,weekday,place-boyls,Boylston,Green Line,351.0,3859.1,3732.2,4181.6,347
2025-10-13 18:00:00,weekday,place-brntn,Braintree,Red Line,44.0,2316.0,2671.8,1416.0,360
2025-10-13 18:00:00,weekday,place-brdwy,Broadway,Red Line,130.0,3513.1,3928.7,2393.2,351
2025-10-13 18:00:00,weekday,place-cntsq,Central,Red Line,403.0,8250.8,8876.6,6683.3,361
2025-10-13 18:00:00,weekday,place-chmnl,Charles/MGH,Red Line,157.0,5543.2,6654.1,2760.4,361
2025-10-13 18:00:00,weekday,place-ccmnl,Community College,Orange Line,40.0,2457.6,3023.7,1039.7,361
2025-10-13 18:00:00,weekday,place-coecl,Copley,Green Line,675.0,7980.6,7980.3,7981.3,350
2025-10-13 18:00:00,weekday,place-crtst,Courthouse,Silver Line,204.0,2253.6,2567.2,1468.3,361
2025-10-13 18:00:00,weekday,place-davis,Davis,Red Line,203.0,4866.6,5296.7,3789.1,361
2025-10-13 18:00:00,weekday,place-dwnxg,Downtown Crossing,"Orange Line, Red Line",397.0,10888.3,12269.6,7428.3,361
2025-10-13 18:00:00,weekday,place-esomr,East Somerville,Green Line,1.67,70.5,75.8,56.8,350
2025-10-13 18:00:00,weekday,place-fldcr,Fields Corner,Red Line,35.0,2377.4,2697.5,1575.7,361
2025-10-13 18:00:00,weekday,place-gilmn,Gilman Square,Green Line,5.7,264.1,286.5,207.2,351
2025-10-13 18:00:00,weekday,place-gover,Government Center,"Blue Line, Green Line",284.0,4821.1,5170.1,3947.0,361
2025-10-13 18:00:00,weekday,place-harsq,Harvard,Red Line,382.0,10860.0,11361.2,9604.7,361
2025-10-13 18:00:00,weekday,place-haecl,Haymarket,"Green Line, Orange Line",203.0,6453.5,6748.3,5715.2,361
2025-10-13 18:00:00,weekday,place-hymnl,Hynes Convention Center,Green Line,392.0,5288.6,5220.1,5460.7,355
2025-10-13 18:00:00,weekday,place-jfk,JFK/UMass,Red Line,79.0,4084.5,4808.4,2173.9,353
2025-10-13 18:00:00,weekday,place-knncl,Kendall/MIT,Red Line,457.0,8412.3,9925.9,4498.5,355
2025-10-13 18:00:00,weekday,place-kencl,Kenmore,Green Line,144.0,4439.8,4535.1,4203.1,352
2025-10-13 18:00:00,weekday,place-lech,Lechmere,Green Line,3.74,245.6,265.3,196.0,359
2025-10-13 18:00:00,weekday,place-mgngl,Magoun Square,Green Line,2.07,128.3,138.1,103.5,349
2025-10-13 18:00:00,weekday,place-mlmnl,Malden Center,Orange Line,89.0,5719.4,6595.3,3525.2,361
2025-10-13 18:00:00,weekday,place-masta,Massachusetts Avenue,Orange Line,1.0,3184.2,3658.5,1996.0,361
2025-10-13 18:00:00,weekday,place-matt,Mattapan Line,Mattapan Line,43.78,2785.5,3271.4,1568.2,361
2025-10-13 18:00:00,weekday,place-mvbcl,Maverick,Blue Line,174.0,7320.1,8106.1,5351.5,361
2025-10-13 18:00:00,weekday,place-nqncy,North Quincy,Red Line,60.0,2886.8,3386.6,1634.9,361
2025-10-13 18:00:00,weekday,place-north,North Station,"Green Line, Orange Line",705.0,11662.5,13084.0,8031.2,359
2025-10-13 18:00:00,weekday,place-ogmnl,Oak Grove,Orange Line,53.0,3496.9,4070.8,2045.5,360
2025-10-13 18:00:00,weekday,place-orhte,Orient Heights,Blue Line,31.0,3047.0,3426.0,2079.0,359
2025-10-13 18:00:00,weekday,place-pktrm,Park Street,"Green Line, Red Line",476.0,8842.8,9190.0,7973.2,361
2025-10-13 18:00:00,weekday,place-portr,Porter,Red Line,175.0,4190.9,4505.7,3402.5,361
2025-10-13 18:00:00,weekday,place-prmnl,Prudential,Green Line,255.0,2182.0,2137.6,2292.7,353
2025-10-13 18:00:00,weekday,place-qamnl,Quincy Adams,Red Line,36.0,1560.4,1835.5,867.2,359
2025-10-13 18:00:00,weekday,place-qnctr,Quincy Center,Red Line,60.0,3374.7,3868.8,2094.1,352
2025-10-13 18:00:00,weekday,place-rbmnl,Revere Beach,Blue Line,38.0,2267.8,2518.2,1633.2,357
2025-10-13 18:00:00,weekday,place-river,Riverside,Green Line,27.0,899.9,901.1,896.9,360
2025-10-13 18:00:00,weekday,place-rcmnl,Roxbury Crossing,Orange Line,1.0,2916.6,3388.0,1712.4,359
2025-10-13 18:00:00,weekday,place-rugg,Ruggles,Orange Line,1.0,5463.2,6671.9,2435.5,361
2025-10-13 18:00:00,weekday,place-shmnl,Savin Hill,Red Line,19.0,1248.0,1417.1,824.3,361
2025-10-13 18:00:00,weekday,place-spmnl,Science Park,Green Line,24.0,733.3,762.6,660.0,361
2025-10-13 18:00:00,weekday,place-smmnl,Shawmut,Red Line,17.0,1085.6,1267.3,630.5,361
2025-10-13 18:00:00,weekday,place-sstat,South Station,"Red Line, Silver Line",674.0,11868.8,13721.2,7126.5,356
2025-10-13 18:00:00,weekday,place-state,State Street,"Blue Line, Orange Line",233.0,7246.9,8717.0,3578.8,360
2025-10-13 18:00:00,weekday,place-sbmnl,Stony Brook,Orange Line,1.0,1897.8,2150.5,1257.4,357
2025-10-13 18:00:00,weekday,place-sdmnl,Suffolk Downs,Blue Line,15.0,501.1,568.7,323.9,355
2025-10-13 18:00:00,weekday,place-sull,Sullivan Square,Orange Line,103.0,3949.4,4501.9,2538.3,359
2025-10-13 18:00:00,weekday,place-symcl,Symphony,Green Line,101.0,946.3,920.8,1010.2,327
2025-10-13 18:00:00,weekday,place-tumnl,Tufts Medical Center,Orange Line,2.0,3777.8,4535.5,1880.0,361
2025-10-13 18:00:00,weekday,place-welln,Wellington,Orange Line,52.0,3899.1,4551.5,2215.9,358
2025-10-13 18:00:00,weekday,place-wlsta,Wollaston,Red Line,23.0,1734.5,2020.8,1017.4,361
2025-10-13 18:00:00,weekday,place-wondl,Wonderland,Blue Line,78.0,3759.9,4264.2,2469.0,356
2025-10-13 18:00:00,weekday,place-wimnl,Wood Island,Blue Line,22.0,1318.7,1467.7,932.0,356
2025-10-13 18:00:00,weekday,place-wtcst,World Trade Center,Silver Line,59.0,1200.2,1316.5,909.0,361
2025-10-13 19:00:00,weekday,place-aport,Airport,Blue Line,122.0,6078.3,6569.2,4836.4,360
2025-10-13 19:00:00,weekday,place-alfcl,Alewife,Red Line,90.0,5780.6,6616.4,3687.0,361
2025-10-13 19:00:00,weekday,place-andrw,Andrew,Red Line,58.0,3255.3,3702.9,2134.3,361
2025-10-13 19:00:00,weekday,place-aqucl,Aquarium,Blue Line,101.0,3333.0,3432.4,3084.2,361
2025-10-13 19:00:00,weekday,place-armnl,Arlington,Green Line,165.0,3907.7,3974.4,3739.3,349
2025-10-13 19:00:00,weekday,place-asmnl,Ashmont,Red Line,51.0,3756.3,4380.3,2193.5,361
2025-10-13 19:00:00,weekday,place-astao,Assembly,Orange Line,54.0,2967.9,3119.5,2588.3,361
2025-10-13 19:00:00,weekday,place-balsq,Ball Square,Green Line,2.91,139.3,150.9,109.9,350
2025-10-13 19:00:00,weekday,place-bmmnl,Beachmont,Blue Line,28.0,2348.0,2653.2,1560.5,358
2025-10-13 19:00:00,weekday,place-bomnl,Bowdoin,Blue Line,40.0,1406.3,1701.8,666.0,361
2025-10-13 19:00:00,weekday,place-boyls,Boylston,Green Line,233.0,3859.1,3732.2,4181.6,347
2025-10-13 19:00:00,weekday,place-brntn,Braintree,Red Line,39.0,2316.0,2671.8,1416.0,360
2025-10-13 19:00:00,weekday,place-brdwy,Broadway,Red Line,90.0,3513.1,3928.7,2393.2,351
2025-10-13 19:00:00,weekday,place-cntsq,Central,Red Line,267.0,8250.8,8876.6,6683.3,361
2025-10-13 19:00:00,weekday,place-chmnl,Charles/MGH,Red Line,193.0,5543.2,6654.1,2760.4,361
2025-10-13 19:00:00,weekday,place-chncl,Chinatown,Orange Line,1.0,3955.4,4305.4,3078.5,361
2025-10-13 19:00:00,weekday,place-ccmnl,Community College,Orange Line,39.0,2457.6,3023.7,1039.7,361
2025-10-13 19:00:00,weekday,place-coecl,Copley,Green Line,577.0,7980.6,7980.3,7981.3,350
2025-10-13 19:00:00,weekday,place-crtst,Courthouse,Silver Line,104.0,2253.6,2567.2,1468.3,361
2025-10-13 19:00:00,weekday,place-davis,Davis,Red Line,119.0,4866.6,5296.7,3789.1,361
2025-10-13 19:00:00,weekday,place-dwnxg,Downtown Crossing,"Orange Line, Red Line",277.0,10888.3,12269.6,7428.3,361
2025-10-13 19:00:00,weekday,place-fldcr,Fields Corner,Red Line,27.0,2377.4,2697.5,1575.7,361
2025-10-13 19:00:00,weekday,place-gover,Government Center,"Blue Line, Green Line",210.0,4821.1,5170.1,3947.0,361
2025-10-13 19:00:00,weekday,place-harsq,Harvard,Red Line,349.0,10860.0,11361.2,9604.7,361
2025-10-13 19:00:00,weekday,place-haecl,Haymarket,"Green Line, Orange Line",156.0,6453.5,6748.3,5715.2,361
2025-10-13 19:00:00,weekday,place-hymnl,Hynes Convention Center,Green Line,288.0,5288.6,5220.1,5460.7,355
2025-10-13 19:00:00,weekday,place-jfk,JFK/UMass,Red Line,32.0,4084.5,4808.4,2173.9,353
2025-10-13 19:00:00,weekday,place-knncl,Kendall/MIT,Red Line,268.0,8412.3,9925.9,4498.5,355
2025-10-13 19:00:00,weekday,place-kencl,Kenmore,Green Line,116.0,4439.8,4535.1,4203.1,352
2025-10-13 19:00:00,weekday,place-lech,Lechmere,Green Line,3.1,245.6,265.3,196.0,359
2025-10-13 19:00:00,weekday,place-mgngl,Magoun Square,Green Line,2.07,128.3,138.1,103.5,349
2025-10-13 19:00:00,weekday,place-mlmnl,Malden Center,Orange Line,54.0,5719.4,6595.3,3525.2,361
2025-10-13 19:00:00,weekday,place-masta,Massachusetts Avenue,Orange Line,2.0,3184.2,3658.5,1996.0,361
2025-10-13 19:00:00,weekday,place-matt,Mattapan Line,Mattapan Line,41.47,2785.5,3271.4,1568.2,361
2025-10-13 19:00:00,weekday,place-mvbcl,Maverick,Blue Line,138.0,7320.1,8106.1,5351.5,361
2025-10-13 19:00:00,weekday,place-mdftf,Medford/Tufts,Green Line,0.84,181.5,203.0,127.3,349
2025-10-13 19:00:00,weekday,place-nqncy,North Quincy,Red Line,33.0,2886.8,3386.6,1634.9,361
2025-10-13 19:00:00,weekday,place-north,North Station,"Green Line, Orange Line",367.0,11662.5,13084.0,8031.2,359
2025-10-13 19:00:00,weekday,place-ogmnl,Oak Grove,Orange Line,32.0,3496.9,4070.8,2045.5,360
2025-10-13 19:00:00,weekday,place-orhte,Orient Heights,Blue Line,29.0,3047.0,3426.0,2079.0,359
2025-10-13 19:00:00,weekday,place-pktrm,Park Street,"Green Line, Red Line",366.0,8842.8,9190.0,7973.2,361
2025-10-13 19:00:00,weekday,place-portr,Porter,Red Line,160.0,4190.9,4505.7,3402.5,361
2025-10-13 19:00:00,weekday,place-prmnl,Prudential,Green Line,209.0,2182.0,2137.6,2292.7,353
2025-10-13 19:00:00,weekday,place-qamnl,Quincy Adams,Red Line,26.0,1560.4,1835.5,867.2,359
2025-10-13 19:00:00,weekday,place-qnctr,Quincy Center,Red Line,50.0,3374.7,3868.8,2094.1,352
2025-10-13 19:00:00,weekday,place-rbmnl,Revere Beach,Blue Line,14.0,2267.8,2518.2,1633.2,357
2025-10-13 19:00:00,weekday,place-river,Riverside,Green Line,23.0,899.9,901.1,896.9,360
2025-10-13 19:00:00,weekday,place-rugg,Ruggles,Orange Line,2.0,5463.2,6671.9,2435.5,361
2025-10-13 19:00:00,weekday,place-shmnl,Savin Hill,Red Line,11.0,1248.0,1417.1,824.3,361
2025-10-13 19:00:00,weekday,place-spmnl,Science Park,Green Line,14.0,733.3,762.6,660.0,361
2025-10-13 19:00:00,weekday,place-smmnl,Shawmut,Red Line,10.0,1085.6,1267.3,630.5,361
2025-10-13 19:00:00,weekday,place-sstat,South Station,"Red Line, Silver Line",455.0,11868.8,13721.2,7126.5,356
2025-10-13 19:00:00,weekday,place-state,State Street,"Blue Line, Orange Line",154.0,7246.9,8717.0,3578.8,360
2025-10-13 19:00:00,weekday,place-sbmnl,Stony Brook,Orange Line,3.0,1897.8,2150.5,1257.4,357
2025-10-13 19:00:00,weekday,place-sdmnl,Suffolk Downs,Blue Line,2.0,501.1,568.7,323.9,355
2025-10-13 19:00:00,weekday,place-sull,Sullivan Square,Orange Line,74.0,3949.4,4501.9,2538.3,359
2025-10-13 19:00:00,weekday,place-symcl,Symphony,Green Line,70.0,946.3,920.8,1010.2,327
2025-10-13 19:00:00,weekday,place-tumnl,Tufts Medical Center,Orange Line,2.0,3777.8,4535.5,1880.0,361
2025-10-13 19:00:00,weekday,place-unsqu,Union Square,Green Line,4.28,135.3,144.6,111.3,347
2025-10-13 19:00:00,weekday,place-welln,Wellington,Orange Line,48.0,3899.1,4551.5,2215.9,358
2025-10-13 19:00:00,weekday,place-wlsta,Wollaston,Red Line,14.0,1734.5,2020.8,1017.4,361
2025-10-13 19:00:00,weekday,place-wondl,Wonderland,Blue Line,54.0,3759.9,4264.2,2469.0,356
2025-10-13 19:00:00,weekday,place-wimnl,Wood Island,Blue Line,17.0,1318.7,1467.7,932.0,356
2025-10-13 19:00:00,weekday,place-wtcst,World Trade Center,Silver Line,44.0,1200.2,1316.5,909.0,361
2025-10-13 20:00:00,weekday,place-aport,Airport,Blue Line,119.0,6078.3,6569.2,4836.4,360
2025-10-13 20:00:00,weekday,place-alfcl,Alewife,Red Line,56.0,5780.6,6616.4,3687.0,361
2025-10-13 20:00:00,weekday,place-andrw,Andrew,Red Line,58.0,3255.3,3702.9,2134.3,361
2025-10-13 20:00:00,weekday,place-aqucl,Aquarium,Blue Line,104.0,3333.0,3432.4,3084.2,361
2025-10-13 20:00:00,weekday,place-armnl,Arlington,Green Line,143.0,3907.7,3974.4,3739.3,349
2025-10-13 20:00:00,weekday,place-asmnl,Ashmont,Red Line,62.0,3756.3,4380.3,2193.5,361
2025-10-13 20:00:00,weekday,place-astao,Assembly,Orange Line,63.0,2967.9,3119.5,2588.3,361
2025-10-13 20:00:00,weekday,place-balsq,Ball Square,Green Line,1.43,139.3,150.9,109.9,350
2025-10-13 20:00:00,weekday,place-bmmnl,Beachmont,Blue Line,15.0,2348.0,2653.2,1560.5,358
2025-10-13 20:00:00,weekday,place-bomnl,Bowdoin,Blue Line,48.0,1406.3,1701.8,666.0,361
2025-10-13 20:00:00,weekday,place-boyls,Boylston,Green Line,234.0,3859.1,3732.2,4181.6,347
2025-10-13 20:00:00,weekday,place-brntn,Braintree,Red Line,27.0,2316.0,2671.8,1416.0,360
2025-10-13 20:00:00,weekday,place-brdwy,Broadway,Red Line,56.0,3513.1,3928.7,2393.2,351
2025-10-13 20:00:00,weekday,place-cntsq,Central,Red Line,243.0,8250.8,8876.6,6683.3,361
2025-10-13 20:00:00,weekday,place-chmnl,Charles/MGH,Red Line,85.0,5543.2,6654.1,2760.4,361
2025-10-13 20:00:00,weekday,place-chncl,Chinatown,Orange Line,1.0,3955.4,4305.4,3078.5,361
2025-10-13 20:00:00,weekday,place-ccmnl,Community College,Orange Line,24.0,2457.6,3023.7,1039.7,361
2025-10-13 20:00:00,weekday,place-coecl,Copley,Green Line,372.0,7980.6,7980.3,7981.3,350
2025-10-13 20:00:00,weekday,place-crtst,Courthouse,Silver Line,71.0,2253.6,2567.2,1468.3,361
2025-10-13 20:00:00,weekday,place-davis,Davis,Red Line,73.0,4866.6,5296.7,3789.1,361
2025-10-13 20:00:00,weekday,place-dwnxg,Downtown Crossing,"Orange Line, Red Line",203.0,10888.3,12269.6,7428.3,361
2025-10-13 20:00:00,weekday,place-fldcr,Fields Corner,Red Line,17.0,2377.4,2697.5,1575.7,361
2025-10-13 20:00:00,weekday,place-gilmn,Gilman Square,Green Line,0.84,264.1,286.5,207.2,351
2025-10-13 20:00:00,weekday,place-gover,Government Center,"Blue Line, Green Line",140.0,4821.1,5170.1,3947.0,361
2025-10-13 20:00:00,weekday,place-harsq,Harvard,Red Line,309.0,10860.0,11361.2,9604.7,361
2025-10-13 20:00:00,weekday,place-haecl,Haymarket,"Green Line, Orange Line",168.0,6453.5,6748.3,5715.2,361
2025-10-13 20:00:00,weekday,place-hymnl,Hynes Convention Center,Green Line,206.0,5288.6,5220.1,5460.7,355
2025-10-13 20:00:00,weekday,place-jfk,JFK/UMass,Red Line,40.0,4084.5,4808.4,2173.9,353
2025-10-13 20:00:00,weekday,place-knncl,Kendall/MIT,Red Line,183.0,8412.3,9925.9,4498.5,355
2025-10-13 20:00:00,weekday,place-kencl,Kenmore,Green Line,78.0,4439.8,4535.1,4203.1,352
2025-10-13 20:00:00,weekday,place-lech,Lechmere,Green Line,4.28,245.6,265.3,196.0,359
2025-10-13 20:00:00,weekday,place-mlmnl,Malden Center,Orange Line,54.0,5719.4,6595.3,3525.2,361
2025-10-13 20:00:00,weekday,place-masta,Massachusetts Avenue,Orange Line,1.0,3184.2,3658.5,1996.0,361
2025-10-13 20:00:00,weekday,place-matt,Mattapan Line,Mattapan Line,41.47,2785.5,3271.4,1568.2,361
2025-10-13 20:00:00,weekday,place-mvbcl,Maverick,Blue Line,89.0,7320.1,8106.1,5351.5,361
2025-10-13 20:00:00,weekday,place-mdftf,Medford/Tufts,Green Line,4.14,181.5,203.0,127.3,349
2025-10-13 20:00:00,weekday,place-nqncy,North Quincy,Red Line,20.0,2886.8,3386.6,1634.9,361
2025-10-13 20:00:00,weekday,place-north,North Station,"Green Line, Orange Line",276.0,11662.5,13084.0,8031.2,359
2025-10-13 20:00:00,weekday,place-ogmnl,Oak Grove,Orange Line,22.0,3496.9,4070.8,2045.5,360
2025-10-13 20:00:00,weekday,place-orhte,Orient Heights,Blue Line,20.0,3047.0,3426.0,2079.0,359
2025-10-13 20:00:00,weekday,place-pktrm,Park Street,"Green Line, Red Line",280.0,8842.8,9190.0,7973.2,361
2025-10-13 20:00:00,weekday,place-portr,Porter,Red Line,92.0,4190.9,4505.7,3402.5,361
2025-10-13 20:00:00,weekday,place-prmnl,Prudential,Green Line,158.0,2182.0,2137.6,2292.7,353
2025-10-13 20:00:00,weekday,place-qamnl,Quincy Adams,Red Line,25.0,1560.4,1835.5,867.2,359
2025-10-13 20:00:00,weekday,place-qnctr,Quincy Center,Red Line,63.0,3374.7,3868.8,2094.1,352
2025-10-13 20:00:00,weekday,place-rbmnl,Revere Beach,Blue Line,16.0,2267.8,2518.2,1633.2,357
2025-10-13 20:00:00,weekday,place-river,Riverside,Green Line,27.0,899.9,901.1,896.9,360
2025-10-13 20:00:00,weekday,place-rugg,Ruggles,Orange Line,2.0,5463.2,6671.9,2435.5,361
2025-10-13 20:00:00,weekday,place-shmnl,Savin Hill,Red Line,9.0,1248.0,1417.1,824.3,361
2025-10-13 20:00:00,weekday,place-spmnl,Science Park,Green Line,23.0,733.3,762.6,660.0,361
2025-10-13 20:00:00,weekday,place-smmnl,Shawmut,Red Line,11.0,1085.6,1267.3,630.5,361
2025-10-13 20:00:00,weekday,place-sstat,South Station,"Red Line, Silver Line",364.0,11868.8,13721.2,7126.5,356
2025-10-13 20:00:00,weekday,place-state,State Street,"Blue Line, Orange Line",118.0,7246.9,8717.0,3578.8,360
2025-10-13 20:00:00,weekday,place-sbmnl,Stony Brook,Orange Line,1.0,1897.8,2150.5,1257.4,357
2025-10-13 20:00:00,weekday,place-sdmnl,Suffolk Downs,Blue Line,3.0,501.1,568.7,323.9,355
2025-10-13 20:00:00,weekday,place-sull,Sullivan Square,Orange Line,52.0,3949.4,4501.9,2538.3,359
2025-10-13 20:00:00,weekday,place-symcl,Symphony,Green Line,46.0,946.3,920.8,1010.2,327
2025-10-13 20:00:00,weekday,place-tumnl,Tufts Medical Center,Orange Line,1.0,3777.8,4535.5,1880.0,361
2025-10-13 20:00:00,weekday,place-unsqu,Union Square,Green Line,2.07,135.3,144.6,111.3,347
2025-10-13 20:00:00,weekday,place-welln,Wellington,Orange Line,36.0,3899.1,4551.5,2215.9,358
2025-10-13 20:00:00,weekday,place-wlsta,Wollaston,Red Line,17.0,1734.5,2020.8,1017.4,361
2025-10-13 20:00:00,weekday,place-wondl,Wonderland,Blue Line,40.0,3759.9,4264.2,2469.0,356
2025-10-13 20:00:00,weekday,place-wimnl,Wood Island,Blue Line,15.0,1318.7,1467.7,932.0,356
2025-10-13 20:00:00,weekday,place-wtcst,World Trade Center,Silver Line,34.0,1200.2,1316.5,909.0,361
2025-10-13 21:00:00,weekday,place-aport,Airport,Blue Line,124.0,6078.3,6569.2,4836.4,360
2025-10-13 21:00:00,weekday,place-alfcl,Alewife,Red Line,72.0,5780.6,6616.4,3687.0,361
2025-10-13 21:00:00,weekday,place-andrw,Andrew,Red Line,34.0,3255.3,3702.9,2134.3,361
2025-10-13 21:00:00,weekday,place-aqucl,Aquarium,Blue Line,136.0,3333.0,3432.4,3084.2,361
2025-10-13 21:00:00,weekday,place-armnl,Arlington,Green Line,94.0,3907.7,3974.4,3739.3,349
2025-10-13 21:00:00,weekday,place-asmnl,Ashmont,Red Line,56.0,3756.3,4380.3,2193.5,361
2025-10-13 21:00:00,weekday,place-astao,Assembly,Orange Line,60.0,2967.9,3119.5,2588.3,361
2025-10-13 21:00:00,weekday,place-bbsta,Back Bay,Orange Line,1.0,10028.9,11471.0,6270.6,357
2025-10-13 21:00:00,weekday,place-bmmnl,Beachmont,Blue Line,20.0,2348.0,2653.2,1560.5,358
2025-10-13 21:00:00,weekday,place-bomnl,Bowdoin,Blue Line,30.0,1406.3,1701.8,666.0,361
2025-10-13 21:00:00,weekday,place-boyls,Boylston,Green Line,342.0,3859.1,3732.2,4181.6,347
2025-10-13 21:00:00,weekday,place-brntn,Braintree,Red Line,28.0,2316.0,2671.8,1416.0,360
2025-10-13 21:00:00,weekday,place-brdwy,Broadway,Red Line,69.0,3513.1,3928.7,2393.2,351
2025-10-13 21:00:00,weekday,place-cntsq,Central,Red Line,201.0,8250.8,8876.6,6683.3,361
2025-10-13 21:00:00,weekday,place-chmnl,Charles/MGH,Red Line,57.0,5543.2,6654.1,2760.4,361
2025-10-13 21:00:00,weekday,place-ccmnl,Community College,Orange Line,27.0,2457.6,3023.7,1039.7,361
2025-10-13 21:00:00,weekday,place-coecl,Copley,Green Line,390.0,7980.6,7980.3,7981.3,350
2025-10-13 21:00:00,weekday,place-crtst,Courthouse,Silver Line,77.0,2253.6,2567.2,1468.3,361
2025-10-13 21:00:00,weekday,place-davis,Davis,Red Line,140.0,4866.6,5296.7,3789.1,361
2025-10-13 21:00:00,weekday,place-dwnxg,Downtown Crossing,"Orange Line, Red Line",169.0,10888.3,12269.6,7428.3,361
2025-10-13 21:00:00,weekday,place-fldcr,Fields Corner,Red Line,31.0,2377.4,2697.5,1575.7,361
2025-10-13 21:00:00,weekday,place-gover,Government Center,"Blue Line, Green Line",142.0,4821.1,5170.1,3947.0,361
2025-10-13 21:00:00,weekday,place-harsq,Harvard,Red Line,250.0,10860.0,11361.2,9604.7,361
2025-10-13 21:00:00,weekday,place-haecl,Haymarket,"Green Line, Orange Line",133.0,6453.5,6748.3,5715.2,361
2025-10-13 21:00:00,weekday,place-hymnl,Hynes Convention Center,Green Line,206.0,5288.6,5220.1,5460.7,355
2025-10-13 21:00:00,weekday,place-jfk,JFK/UMass,Red Line,23.0,4084.5,4808.4,2173.9,353
2025-10-13 21:00:00,weekday,place-knncl,Kendall/MIT,Red Line,178.0,8412.3,9925.9,4498.5,355
2025-10-13 21:00:00,weekday,place-kencl,Kenmore,Green Line,86.0,4439.8,4535.1,4203.1,352
2025-10-13 21:00:00,weekday,place-mgngl,Magoun Square,Green Line,0.84,128.3,138.1,103.5,349
2025-10-13 21:00:00,weekday,place-mlmnl,Malden Center,Orange Line,36.0,5719.4,6595.3,3525.2,361
2025-10-13 21:00:00,weekday,place-masta,Massachusetts Avenue,Orange Line,1.0,3184.2,3658.5,1996.0,361
2025-10-13 21:00:00,weekday,place-matt,Mattapan Line,Mattapan Line,41.47,2785.5,3271.4,1568.2,361
2025-10-13 21:00:00,weekday,place-mvbcl,Maverick,Blue Line,81.0,7320.1,8106.1,5351.5,361
2025-10-13 21:00:00,weekday,place-nqncy,North Quincy,Red Line,39.0,2886.8,3386.6,1634.9,361
2025-10-13 21:00:00,weekday,place-north,North Station,"Green Line, Orange Line",354.0,11662.5,13084.0,8031.2,359
2025-10-13 21:00:00,weekday,place-ogmnl,Oak Grove,Orange Line,27.0,3496.9,4070.8,2045.5,360
2025-10-13 21:00:00,weekday,place-orhte,Orient Heights,Blue Line,36.0,3047.0,3426.0,2079.0,359
2025-10-13 21:00:00,weekday,place-pktrm,Park Street,"Green Line, Red Line",255.0,8842.8,9190.0,7973.2,361
2025-10-13 21:00:00,weekday,place-portr,Porter,Red Line,112.0,4190.9,4505.7,3402.5,361
2025-10-13 21:00:00,weekday,place-prmnl,Prudential,Green Line,148.0,2182.0,2137.6,2292.7,353
2025-10-13 21:00:00,weekday,place-qamnl,Quincy Adams,Red Line,21.0,1560.4,1835.5,867.2,359
2025-10-13 21:00:00,weekday,place-qnctr,Quincy Center,Red Line,81.0,3374.7,3868.8,2094.1,352
2025-10-13 21:00:00,weekday,place-rbmnl,Revere Beach,Blue Line,22.0,2267.8,2518.2,1633.2,357
2025-10-13 21:00:00,weekday,place-river,Riverside,Green Line,20.0,899.9,901.1,896.9,360
2025-10-13 21:00:00,weekday,place-shmnl,Savin Hill,Red Line,14.0,1248.0,1417.1,824.3,361
2025-10-13 21:00:00,weekday,place-spmnl,Science Park,Green Line,9.0,733.3,762.6,660.0,361
2025-10-13 21:00:00,weekday,place-smmnl,Shawmut,Red Line,12.0,1085.6,1267.3,630.5,361
2025-10-13 21:00:00,weekday,place-sstat,South Station,"Red Line, Silver Line",304.0,11868.8,13721.2,7126.5,356
2025-10-13 21:00:00,weekday,place-state,State Street,"Blue Line, Orange Line",170.0,7246.9,8717.0,3578.8,360
2025-10-13 21:00:00,weekday,place-sdmnl,Suffolk Downs,Blue Line,1.0,501.1,568.7,323.9,355
2025-10-13 21:00:00,weekday,place-sull,Sullivan Square,Orange Line,66.0,3949.4,4501.9,2538.3,359
2025-10-13 21:00:00,weekday,place-symcl,Symphony,Green Line,28.0,946.3,920.8,1010.2,327
2025-10-13 21:00:00,weekday,place-tumnl,Tufts Medical Center,Orange Line,1.0,3777.8,4535.5,1880.0,361
2025-10-13 21:00:00,weekday,place-welln,Wellington,Orange Line,42.0,3899.1,4551.5,2215.9,358
2025-10-13 21:00:00,weekday,place-wlsta,Wollaston,Red Line,9.0,1734.5,2020.8,1017.4,361
2025-10-13 21:00:00,weekday,place-wondl,Wonderland,Blue Line,49.0,3759.9,4264.2,2469.0,356
2025-10-13 21:00:00,weekday,place-wimnl,Wood Island,Blue Line,9.0,1318.7,1467.7,932.0,356
2025-10-13 21:00:00,weekday,place-wtcst,World Trade Center,Silver Line,24.0,1200.2,1316.5,909.0,361
2025-10-13 22:00:00,weekday,place-aport,Airport,Blue Line,143.0,6078.3,6569.2,4836.4,360
2025-10-13 22:00:00,weekday,place-alfcl,Alewife,Red Line,47.0,5780.6,6616.4,3687.0,361
2025-10-13 22:00:00,weekday,place-andrw,Andrew,Red Line,32.0,3255.3,3702.9,2134.3,361
2025-10-13 22:00:00,weekday,place-aqucl,Aquarium,Blue Line,127.0,3333.0,3432.4,3084.2,361
2025-10-13 22:00:00,weekday,place-armnl,Arlington,Green Line,110.0,3907.7,3974.4,3739.3,349
2025-10-13 22:00:00,weekday,place-asmnl,Ashmont,Red Line,20.0,3756.3,4380.3,2193.5,361
2025-10-13 22:00:00,weekday,place-astao,Assembly,Orange Line,51.0,2967.9,3119.5,2588.3,361
2025-10-13 22:00:00,weekday,place-bmmnl,Beachmont,Blue Line,12.0,2348.0,2653.2,1560.5,358
2025-10-13 22:00:00,weekday,place-bomnl,Bowdoin,Blue Line,34.0,1406.3,1701.8,666.0,361
2025-10-13 22:00:00,weekday,place-boyls,Boylston,Green Line,381.0,3859.1,3732.2,4181.6,347
2025-10-13 22:00:00,weekday,place-brntn,Braintree,Red Line,19.0,2316.0,2671.8,1416.0,360
2025-10-13 22:00:00,weekday,place-brdwy,Broadway,Red Line,68.0,3513.1,3928.7,2393.2,351
2025-10-13 22:00:00,weekday,place-cntsq,Central,Red Line,131.0,8250.8,8876.6,6683.3,361
2025-10-13 22:00:00,weekday,place-chmnl,Charles/MGH,Red Line,63.0,5543.2,6654.1,2760.4,361
2025-10-13 22:00:00,weekday,place-chncl,Chinatown,Orange Line,1.0,3955.4,4305.4,3078.5,361
2025-10-13 22:00:00,weekday,place-ccmnl,Community College,Orange Line,16.0,2457.6,3023.7,1039.7,361
2025-10-13 22:00:00,weekday,place-coecl,Copley,Green Line,375.0,7980.6,7980.3,7981.3,350
2025-10-13 22:00:00,weekday,place-crtst,Courthouse,Silver Line,91.0,2253.6,2567.2,1468.3,361
2025-10-13 22:00:00,weekday,place-davis,Davis,Red Line,81.0,4866.6,5296.7,3789.1,361
2025-10-13 22:00:00,weekday,place-dwnxg,Downtown Crossing,"Orange Line, Red Line",127.0,10888.3,12269.6,7428.3,361
2025-10-13 22:00:00,weekday,place-fldcr,Fields Corner,Red Line,20.0,2377.4,2697.5,1575.7,361
2025-10-13 22:00:00,weekday,place-gover,Government Center,"Blue Line, Green Line",84.0,4821.1,5170.1,3947.0,361
2025-10-13 22:00:00,weekday,place-grnst,Green Street,Orange Line,1.0,1799.9,2077.1,1101.4,359
2025-10-13 22:00:00,weekday,place-harsq,Harvard,Red Line,187.0,10860.0,11361.2,9604.7,361
2025-10-13 22:00:00,weekday,place-haecl,Haymarket,"Green Line, Orange Line",73.0,6453.5,6748.3,5715.2,361
2025-10-13 22:00:00,weekday,place-hymnl,Hynes Convention Center,Green Line,142.0,5288.6,5220.1,5460.7,355
2025-10-13 22:00:00,weekday,place-jfk,JFK/UMass,Red Line,17.0,4084.5,4808.4,2173.9,353
2025-10-13 22:00:00,weekday,place-knncl,Kendall/MIT,Red Line,108.0,8412.3,9925.9,4498.5,355
2025-10-13 22:00:00,weekday,place-kencl,Kenmore,Green Line,120.0,4439.8,4535.1,4203.1,352
2025-10-13 22:00:00,weekday,place-mgngl,Magoun Square,Green Line,2.07,128.3,138.1,103.5,349
2025-10-13 22:00:00,weekday,place-mlmnl,Malden Center,Orange Line,36.0,5719.4,6595.3,3525.2,361
2025-10-13 22:00:00,weekday,place-masta,Massachusetts Avenue,Orange Line,2.0,3184.2,3658.5,1996.0,361
2025-10-13 22:00:00,weekday,place-matt,Mattapan Line,Mattapan Line,17.28,2785.5,3271.4,1568.2,361
2025-10-13 22:00:00,weekday,place-mvbcl,Maverick,Blue Line,66.0,7320.1,8106.1,5351.5,361
2025-10-13 22:00:00,weekday,place-nqncy,North Quincy,Red Line,38.0,2886.8,3386.6,1634.9,361
2025-10-13 22:00:00,weekday,place-north,North Station,"Green Line, Orange Line",208.0,11662.5,13084.0,8031.2,359
2025-10-13 22:00:00,weekday,place-ogmnl,Oak Grove,Orange Line,15.0,3496.9,4070.8,2045.5,360
2025-10-13 22:00:00,weekday,place-orhte,Orient Heights,Blue Line,23.0,3047.0,3426.0,2079.0,359
2025-10-13 22:00:00,weekday,place-pktrm,Park Street,"Green Line, Red Line",241.0,8842.8,9190.0,7973.2,361
2025-10-13 22:00:00,weekday,place-portr,Porter,Red Line,63.0,4190.9,4505.7,3402.5,361
2025-10-13 22:00:00,weekday,place-prmnl,Prudential,Green Line,90.0,2182.0,2137.6,2292.7,353
2025-10-13 22:00:00,weekday,place-qamnl,Quincy Adams,Red Line,9.0,1560.4,1835.5,867.2,359
2025-10-13 22:00:00,weekday,place-qnctr,Quincy Center,Red Line,42.0,3374.7,3868.8,2094.1,352
2025-10-13 22:00:00,weekday,place-rbmnl,Revere Beach,Blue Line,25.0,2267.8,2518.2,1633.2,357
2025-10-13 22:00:00,weekday,place-river,Riverside,Green Line,12.0,899.9,901.1,896.9,360
2025-10-13 22:00:00,weekday,place-shmnl,Savin Hill,Red Line,7.0,1248.0,1417.1,824.3,361
2025-10-13 22:00:00,weekday,place-spmnl,Science Park,Green Line,3.0,733.3,762.6,660.0,361
2025-10-13 22:00:00,weekday,place-smmnl,Shawmut,Red Line,7.0,1085.6,1267.3,630.5,361
2025-10-13 22:00:00,weekday,place-sstat,South Station,"Red Line, Silver Line",286.0,11868.8,13721.2,7126.5,356
2025-10-13 22:00:00,weekday,place-state,State Street,"Blue Line, Orange Line",112.0,7246.9,8717.0,3578.8,360
2025-10-13 22:00:00,weekday,place-sdmnl,Suffolk Downs,Blue Line,3.0,501.1,568.7,323.9,355
2025-10-13 22:00:00,weekday,place-sull,Sullivan Square,Orange Line,55.0,3949.4,4501.9,2538.3,359
2025-10-13 22:00:00,weekday,place-symcl,Symphony,Green Line,42.0,946.3,920.8,1010.2,327
2025-10-13 22:00:00,weekday,place-unsqu,Union Square,Green Line,1.43,135.3,144.6,111.3,347
2025-10-13 22:00:00,weekday,place-welln,Wellington,Orange Line,30.0,3899.1,4551.5,2215.9,358
2025-10-13 22:00:00,weekday,place-wlsta,Wollaston,Red Line,10.0,1734.5,2020.8,1017.4,361
2025-10-13 22:00:00,weekday,place-wondl,Wonderland,Blue Line,29.0,3759.9,4264.2,2469.0,356
2025-10-13 22:00:00,weekday,place-wimnl,Wood Island,Blue Line,15.0,1318.7,1467.7,932.0,356
2025-10-13 22:00:00,weekday,place-wtcst,World Trade Center,Silver Line,45.0,1200.2,1316.5,909.0,361
2025-10-13 23:00:00,weekday,place-aport,Airport,Blue Line,115.0,6078.3,6569.2,4836.4,360
2025-10-13 23:00:00,weekday,place-alfcl,Alewife,Red Line,30.0,5780.6,6616.4,3687.0,361
2025-10-13 23:00:00,weekday,place-andrw,Andrew,Red Line,23.0,3255.3,3702.9,2134.3,361
2025-10-13 23:00:00,weekday,place-aqucl,Aquarium,Blue Line,105.0,3333.0,3432.4,3084.2,361
2025-10-13 23:00:00,weekday,place-armnl,Arlington,Green Line,68.0,3907.7,3974.4,3739.3,349
2025-10-13 23:00:00,weekday,place-astao,Assembly,Orange Line,17.0,2967.9,3119.5,2588.3,361
2025-10-13 23:00:00,weekday,place-bbsta,Back Bay,Orange Line,1.0,10028.9,11471.0,6270.6,357
2025-10-13 23:00:00,weekday,place-bmmnl,Beachmont,Blue Line,7.0,2348.0,2653.2,1560.5,358
2025-10-13 23:00:00,weekday,place-bomnl,Bowdoin,Blue Line,25.0,1406.3,1701.8,666.0,361
2025-10-13 23:00:00,weekday,place-boyls,Boylston,Green Line,156.0,3859.1,3732.2,4181.6,347
2025-10-13 23:00:00,weekday,place-brntn,Braintree,Red Line,12.0,2316.0,2671.8,1416.0,360
2025-10-13 23:00:00,weekday,place-brdwy,Broadway,Red Line,42.0,3513.1,3928.7,2393.2,351
2025-10-13 23:00:00,weekday,place-cntsq,Central,Red Line,97.0,8250.8,8876.6,6683.3,361
2025-10-13 23:00:00,weekday,place-chmnl,Charles/MGH,Red Line,65.0,5543.2,6654.1,2760.4,361
2025-10-13 23:00:00,weekday,place-chncl,Chinatown,Orange Line,3.0,3955.4,4305.4,3078.5,361
2025-10-13 23:00:00,weekday,place-ccmnl,Community College,Orange Line,9.0,2457.6,3023.7,1039.7,361
2025-10-13 23:00:00,weekday,place-coecl,Copley,Green Line,190.0,7980.6,7980.3,7981.3,350
2025-10-13 23:00:00,weekday,place-crtst,Courthouse,Silver Line,28.0,2253.6,2567.2,1468.3,361
2025-10-13 23:00:00,weekday,place-davis,Davis,Red Line,23.0,4866.6,5296.7,3789.1,361
2025-10-13 23:00:00,weekday,place-dwnxg,Downtown Crossing,"Orange Line, Red Line",94.0,10888.3,12269.6,7428.3,361
2025-10-13 23:00:00,weekday,place-fldcr,Fields Corner,Red Line,9.0,2377.4,2697.5,1575.7,361
2025-10-13 23:00:00,weekday,place-gover,Government Center,"Blue Line, Green Line",63.0,4821.1,5170.1,3947.0,361
2025-10-13 23:00:00,weekday,place-harsq,Harvard,Red Line,114.0,10860.0,11361.2,9604.7,361
2025-10-13 23:00:00,weekday,place-haecl,Haymarket,"Green Line, Orange Line",59.0,6453.5,6748.3,5715.2,361
2025-10-13 23:00:00,weekday,place-hymnl,Hynes Convention Center,Green Line,93.0,5288.6,5220.1,5460.7,355
2025-10-13 23:00:00,weekday,place-jfk,JFK/UMass,Red Line,12.0,4084.5,4808.4,2173.9,353
2025-10-13 23:00:00,weekday,place-jaksn,Jackson Square,Orange Line,1.0,2846.1,3326.1,1631.9,360
2025-10-13 23:00:00,weekday,place-knncl,Kendall/MIT,Red Line,75.0,8412.3,9925.9,4498.5,355
2025-10-13 23:00:00,weekday,place-kencl,Kenmore,Green Line,147.0,4439.8,4535.1,4203.1,352
2025-10-13 23:00:00,weekday,place-lech,Lechmere,Green Line,2.07,245.6,265.3,196.0,359
2025-10-13 23:00:00,weekday,place-mlmnl,Malden Center,Orange Line,23.0,5719.4,6595.3,3525.2,361
2025-10-13 23:00:00,weekday,place-masta,Massachusetts Avenue,Orange Line,3.0,3184.2,3658.5,1996.0,361
2025-10-13 23:00:00,weekday,place-mvbcl,Maverick,Blue Line,45.0,7320.1,8106.1,5351.5,361
2025-10-13 23:00:00,weekday,place-nqncy,North Quincy,Red Line,13.0,2886.8,3386.6,1634.9,361
2025-10-13 23:00:00,weekday,place-north,North Station,"Green Line, Orange Line",118.0,11662.5,13084.0,8031.2,359
2025-10-13 23:00:00,weekday,place-ogmnl,Oak Grove,Orange Line,8.0,3496.9,4070.8,2045.5,360
2025-10-13 23:00:00,weekday,place-orhte,Orient Heights,Blue Line,13.0,3047.0,3426.0,2079.0,359
2025-10-13 23:00:00,weekday,place-pktrm,Park Street,"Green Line, Red Line",133.0,8842.8,9190.0,7973.2,361
2025-10-13 23:00:00,weekday,place-portr,Porter,Red Line,18.0,4190.9,4505.7,3402.5,361
2025-10-13 23:00:00,weekday,place-prmnl,Prudential,Green Line,41.0,2182.0,2137.6,2292.7,353
2025-10-13 23:00:00,weekday,place-qamnl,Quincy Adams,Red Line,5.0,1560.4,1835.5,867.2,359
2025-10-13 23:00:00,weekday,place-qnctr,Quincy Center,Red Line,21.0,3374.7,3868.8,2094.1,352
2025-10-13 23:00:00,weekday,place-rbmnl,Revere Beach,Blue Line,12.0,2267.8,2518.2,1633.2,357
2025-10-13 23:00:00,weekday,place-river,Riverside,Green Line,9.0,899.9,901.1,896.9,360
2025-10-13 23:00:00,weekday,place-rugg,Ruggles,Orange Line,1.0,5463.2,6671.9,2435.5,361
2025-10-13 23:00:00,weekday,place-shmnl,Savin Hill,Red Line,1.0,1248.0,1417.1,824.3,361
2025-10-13 23:00:00,weekday,place-spmnl,Science Park,Green Line,8.0,733.3,762.6,660.0,361
2025-10-13 23:00:00,weekday,place-smmnl,Shawmut,Red Line,1.0,1085.6,1267.3,630.5,361
2025-10-13 23:00:00,weekday,place-sstat,South Station,"Red Line, Silver Line",203.0,11868.8,13721.2,7126.5,356
2025-10-13 23:00:00,weekday,place-state,State Street,"Blue Line, Orange Line",88.0,7246.9,8717.0,3578.8,360
2025-10-13 23:00:00,weekday,place-sdmnl,Suffolk Downs,Blue Line,1.0,501.1,568.7,323.9,355
2025-10-13 23:00:00,weekday,place-sull,Sullivan Square,Orange Line,31.0,3949.4,4501.9,2538.3,359
2025-10-13 23:00:00,weekday,place-symcl,Symphony,Green Line,29.0,946.3,920.8,1010.2,327
2025-10-13 23:00:00,weekday,place-tumnl,Tufts Medical Center,Orange Line,2.0,3777.8,4535.5,1880.0,361
2025-10-13 23:00:00,weekday,place-welln,Wellington,Orange Line,21.0,3899.1,4551.5,2215.9,358
2025-10-13 23:00:00,weekday,place-wlsta,Wollaston,Red Line,6.0,1734.5,2020.8,1017.4,361
2025-10-13 23:00:00,weekday,place-wondl,Wonderland,Blue Line,21.0,3759.9,4264.2,2469.0,356
2025-10-13 23:00:00,weekday,place-wimnl,Wood Island,Blue Line,13.0,1318.7,1467.7,932.0,356
2025-10-13 23:00:00,weekday,place-wtcst,World Trade Center,Silver Line,25.0,1200.2,1316.5,909.0,361
2026-01-25 00:00:00,weekend,place-alfcl,Alewife,Red Line,11.0,5780.6,6616.4,3687.0,361
2026-01-25 00:00:00,weekend,place-andrw,Andrew,Red Line,17.0,3255.3,3702.9,2134.3,361
2026-01-25 00:00:00,weekend,place-aqucl,Aquarium,Blue Line,4.0,3333.0,3432.4,3084.2,361
2026-01-25 00:00:00,weekend,place-armnl,Arlington,Green Line,27.0,3907.7,3974.4,3739.3,349
2026-01-25 00:00:00,weekend,place-asmnl,Ashmont,Red Line,13.0,3756.3,4380.3,2193.5,361
2026-01-25 00:00:00,weekend,place-astao,Assembly,Orange Line,9.0,2967.9,3119.5,2588.3,361
2026-01-25 00:00:00,weekend,place-bbsta,Back Bay,Orange Line,89.0,10028.9,11471.0,6270.6,357
2026-01-25 00:00:00,weekend,place-boyls,Boylston,Green Line,83.0,3859.1,3732.2,4181.6,347
2026-01-25 00:00:00,weekend,place-brntn,Braintree,Red Line,3.0,2316.0,2671.8,1416.0,360
2026-01-25 00:00:00,weekend,place-brdwy,Broadway,Red Line,25.0,3513.1,3928.7,2393.2,351
2026-01-25 00:00:00,weekend,place-cntsq,Central,Red Line,79.0,8250.8,8876.6,6683.3,361
2026-01-25 00:00:00,weekend,place-chmnl,Charles/MGH,Red Line,10.0,5543.2,6654.1,2760.4,361
2026-01-25 00:00:00,weekend,place-chncl,Chinatown,Orange Line,19.0,3955.4,4305.4,3078.5,361
2026-01-25 00:00:00,weekend,place-ccmnl,Community College,Orange Line,2.0,2457.6,3023.7,1039.7,361
2026-01-25 00:00:00,weekend,place-coecl,Copley,Green Line,42.0,7980.6,7980.3,7981.3,350
2026-01-25 00:00:00,weekend,place-crtst,Courthouse,Silver Line,20.0,2253.6,2567.2,1468.3,361
2026-01-25 00:00:00,weekend,place-davis,Davis,Red Line,39.0,4866.6,5296.7,3789.1,361
2026-01-25 00:00:00,weekend,place-dwnxg,Downtown Crossing,"Orange Line, Red Line",45.0,10888.3,12269.6,7428.3,361
2026-01-25 00:00:00,weekend,place-esomr,East Somerville,Green Line,1.43,70.5,75.8,56.8,350
2026-01-25 00:00:00,weekend,place-fldcr,Fields Corner,Red Line,6.0,2377.4,2697.5,1575.7,361
2026-01-25 00:00:00,weekend,place-forhl,Forest Hills,Orange Line,12.0,6328.0,7469.5,3468.6,361
2026-01-25 00:00:00,weekend,place-gover,Government Center,"Blue Line, Green Line",54.0,4821.1,5170.1,3947.0,361
2026-01-25 00:00:00,weekend,place-grnst,Green Street,Orange Line,2.0,1799.9,2077.1,1101.4,359
2026-01-25 00:00:00,weekend,place-harsq,Harvard,Red Line,57.0,10860.0,11361.2,9604.7,361
2026-01-25 00:00:00,weekend,place-haecl,Haymarket,"Green Line, Orange Line",100.0,6453.5,6748.3,5715.2,361
2026-01-25 00:00:00,weekend,place-hymnl,Hynes Convention Center,Green Line,55.0,5288.6,5220.1,5460.7,355
2026-01-25 00:00:00,weekend,place-jfk,JFK/UMass,Red Line,6.0,4084.5,4808.4,2173.9,353
2026-01-25 00:00:00,weekend,place-jaksn,Jackson Square,Orange Line,3.0,2846.1,3326.1,1631.9,360
2026-01-25 00:00:00,weekend,place-knncl,Kendall/MIT,Red Line,22.0,8412.3,9925.9,4498.5,355
2026-01-25 00:00:00,weekend,place-kencl,Kenmore,Green Line,57.0,4439.8,4535.1,4203.1,352
2026-01-25 00:00:00,weekend,place-mlmnl,Malden Center,Orange Line,10.0,5719.4,6595.3,3525.2,361
2026-01-25 00:00:00,weekend,place-masta,Massachusetts Avenue,Orange Line,21.0,3184.2,3658.5,1996.0,361
2026-01-25 00:00:00,weekend,place-matt,Mattapan Line,Mattapan Line,8.07,2785.5,3271.4,1568.2,361
2026-01-25 00:00:00,weekend,place-nqncy,North Quincy,Red Line,3.0,2886.8,3386.6,1634.9,361
2026-01-25 00:00:00,weekend,place-north,North Station,"Green Line, Orange Line",115.0,11662.5,13084.0,8031.2,359
2026-01-25 00:00:00,weekend,place-ogmnl,Oak Grove,Orange Line,2.0,3496.9,4070.8,2045.5,360
2026-01-25 00:00:00,weekend,place-pktrm,Park Street,"Green Line, Red Line",77.0,8842.8,9190.0,7973.2,361
2026-01-25 00:00:00,weekend,place-portr,Porter,Red Line,24.0,4190.9,4505.7,3402.5,361
2026-01-25 00:00:00,weekend,place-prmnl,Prudential,Green Line,11.0,2182.0,2137.6,2292.7,353
2026-01-25 00:00:00,weekend,place-qnctr,Quincy Center,Red Line,11.0,3374.7,3868.8,2094.1,352
2026-01-25 00:00:00,weekend,place-river,Riverside,Green Line,2.0,899.9,901.1,896.9,360
2026-01-25 00:00:00,weekend,place-rcmnl,Roxbury Crossing,Orange Line,18.0,2916.6,3388.0,1712.4,359
2026-01-25 00:00:00,weekend,place-rugg,Ruggles,Orange Line,24.0,5463.2,6671.9,2435.5,361
2026-01-25 00:00:00,weekend,place-shmnl,Savin Hill,Red Line,1.0,1248.0,1417.1,824.3,361
2026-01-25 00:00:00,weekend,place-spmnl,Science Park,Green Line,2.0,733.3,762.6,660.0,361
2026-01-25 00:00:00,weekend,place-smmnl,Shawmut,Red Line,3.0,1085.6,1267.3,630.5,361
2026-01-25 00:00:00,weekend,place-sstat,South Station,"Red Line, Silver Line",66.0,11868.8,13721.2,7126.5,356
2026-01-25 00:00:00,weekend,place-state,State Street,"Blue Line, Orange Line",39.0,7246.9,8717.0,3578.8,360
2026-01-25 00:00:00,weekend,place-sbmnl,Stony Brook,Orange Line,4.0,1897.8,2150.5,1257.4,357
2026-01-25 00:00:00,weekend,place-sull,Sullivan Square,Orange Line,18.0,3949.4,4501.9,2538.3,359
2026-01-25 00:00:00,weekend,place-symcl,Symphony,Green Line,11.0,946.3,920.8,1010.2,327
2026-01-25 00:00:00,weekend,place-tumnl,Tufts Medical Center,Orange Line,32.0,3777.8,4535.5,1880.0,361
2026-01-25 00:00:00,weekend,place-welln,Wellington,Orange Line,10.0,3899.1,4551.5,2215.9,358
2026-01-25 00:00:00,weekend,place-wlsta,Wollaston,Red Line,2.0,1734.5,2020.8,1017.4,361
2026-01-25 00:00:00,weekend,place-wtcst,World Trade Center,Silver Line,16.0,1200.2,1316.5,909.0,361
2026-01-25 01:00:00,weekend,place-alfcl,Alewife,Red Line,1.0,5780.6,6616.4,3687.0,361
2026-01-25 01:00:00,weekend,place-andrw,Andrew,Red Line,8.0,3255.3,3702.9,2134.3,361
2026-01-25 01:00:00,weekend,place-aqucl,Aquarium,Blue Line,3.0,3333.0,3432.4,3084.2,361
2026-01-25 01:00:00,weekend,place-armnl,Arlington,Green Line,9.0,3907.7,3974.4,3739.3,349
2026-01-25 01:00:00,weekend,place-asmnl,Ashmont,Red Line,3.0,3756.3,4380.3,2193.5,361
2026-01-25 01:00:00,weekend,place-astao,Assembly,Orange Line,6.0,2967.9,3119.5,2588.3,361
2026-01-25 01:00:00,weekend,place-bbsta,Back Bay,Orange Line,27.0,10028.9,11471.0,6270.6,357
2026-01-25 01:00:00,weekend,place-boyls,Boylston,Green Line,16.0,3859.1,3732.2,4181.6,347
2026-01-25 01:00:00,weekend,place-brntn,Braintree,Red Line,4.0,2316.0,2671.8,1416.0,360
2026-01-25 01:00:00,weekend,place-brdwy,Broadway,Red Line,6.0,3513.1,3928.7,2393.2,351
2026-01-25 01:00:00,weekend,place-cntsq,Central,Red Line,22.0,8250.8,8876.6,6683.3,361
2026-01-25 01:00:00,weekend,place-chmnl,Charles/MGH,Red Line,4.0,5543.2,6654.1,2760.4,361
2026-01-25 01:00:00,weekend,place-chncl,Chinatown,Orange Line,16.0,3955.4,4305.4,3078.5,361
2026-01-25 01:00:00,weekend,place-ccmnl,Community College,Orange Line,1.0,2457.6,3023.7,1039.7,361
2026-01-25 01:00:00,weekend,place-coecl,Copley,Green Line,18.0,7980.6,7980.3,7981.3,350
2026-01-25 01:00:00,weekend,place-crtst,Courthouse,Silver Line,6.0,2253.6,2567.2,1468.3,361
2026-01-25 01:00:00,weekend,place-davis,Davis,Red Line,12.0,4866.6,5296.7,3789.1,361
2026-01-25 01:00:00,weekend,place-dwnxg,Downtown Crossing,"Orange Line, Red Line",23.0,10888.3,12269.6,7428.3,361
2026-01-25 01:00:00,weekend,place-fldcr,Fields Corner,Red Line,2.0,2377.4,2697.5,1575.7,361
2026-01-25 01:00:00,weekend,place-forhl,Forest Hills,Orange Line,7.0,6328.0,7469.5,3468.6,361
2026-01-25 01:00:00,weekend,place-gover,Government Center,"Blue Line, Green Line",24.0,4821.1,5170.1,3947.0,361
2026-01-25 01:00:00,weekend,place-harsq,Harvard,Red Line,22.0,10860.0,11361.2,9604.7,361
2026-01-25 01:00:00,weekend,place-haecl,Haymarket,"Green Line, Orange Line",36.0,6453.5,6748.3,5715.2,361
2026-01-25 01:00:00,weekend,place-hymnl,Hynes Convention Center,Green Line,17.0,5288.6,5220.1,5460.7,355
2026-01-25 01:00:00,weekend,place-jfk,JFK/UMass,Red Line,5.0,4084.5,4808.4,2173.9,353
2026-01-25 01:00:00,weekend,place-jaksn,Jackson Square,Orange Line,3.0,2846.1,3326.1,1631.9,360
2026-01-25 01:00:00,weekend,place-knncl,Kendall/MIT,Red Line,7.0,8412.3,9925.9,4498.5,355
2026-01-25 01:00:00,weekend,place-kencl,Kenmore,Green Line,13.0,4439.8,4535.1,4203.1,352
2026-01-25 01:00:00,weekend,place-mlmnl,Malden Center,Orange Line,4.0,5719.4,6595.3,3525.2,361
2026-01-25 01:00:00,weekend,place-masta,Massachusetts Avenue,Orange Line,7.0,3184.2,3658.5,1996.0,361
2026-01-25 01:00:00,weekend,place-matt,Mattapan Line,Mattapan Line,2.3,2785.5,3271.4,1568.2,361
2026-01-25 01:00:00,weekend,place-mvbcl,Maverick,Blue Line,1.0,7320.1,8106.1,5351.5,361
2026-01-25 01:00:00,weekend,place-nqncy,North Quincy,Red Line,7.0,2886.8,3386.6,1634.9,361
2026-01-25 01:00:00,weekend,place-north,North Station,"Green Line, Orange Line",19.0,11662.5,13084.0,8031.2,359
2026-01-25 01:00:00,weekend,place-ogmnl,Oak Grove,Orange Line,1.0,3496.9,4070.8,2045.5,360
2026-01-25 01:00:00,weekend,place-pktrm,Park Street,"Green Line, Red Line",35.0,8842.8,9190.0,7973.2,361
2026-01-25 01:00:00,weekend,place-portr,Porter,Red Line,2.0,4190.9,4505.7,3402.5,361
2026-01-25 01:00:00,weekend,place-prmnl,Prudential,Green Line,1.0,2182.0,2137.6,2292.7,353
2026-01-25 01:00:00,weekend,place-qnctr,Quincy Center,Red Line,2.0,3374.7,3868.8,2094.1,352
2026-01-25 01:00:00,weekend,place-rcmnl,Roxbury Crossing,Orange Line,7.0,2916.6,3388.0,1712.4,359
2026-01-25 01:00:00,weekend,place-rugg,Ruggles,Orange Line,8.0,5463.2,6671.9,2435.5,361
2026-01-25 01:00:00,weekend,place-shmnl,Savin Hill,Red Line,2.0,1248.0,1417.1,824.3,361
2026-01-25 01:00:00,weekend,place-spmnl,Science Park,Green Line,1.0,733.3,762.6,660.0,361
2026-01-25 01:00:00,weekend,place-smmnl,Shawmut,Red Line,1.0,1085.6,1267.3,630.5,361
2026-01-25 01:00:00,weekend,place-sstat,South Station,"Red Line, Silver Line",18.0,11868.8,13721.2,7126.5,356
2026-01-25 01:00:00,weekend,place-state,State Street,"Blue Line, Orange Line",19.0,7246.9,8717.0,3578.8,360
2026-01-25 01:00:00,weekend,place-sbmnl,Stony Brook,Orange Line,2.0,1897.8,2150.5,1257.4,357
2026-01-25 01:00:00,weekend,place-sull,Sullivan Square,Orange Line,4.0,3949.4,4501.9,2538.3,359
2026-01-25 01:00:00,weekend,place-tumnl,Tufts Medical Center,Orange Line,8.0,3777.8,4535.5,1880.0,361
2026-01-25 01:00:00,weekend,place-welln,Wellington,Orange Line,3.0,3899.1,4551.5,2215.9,358
2026-01-25 01:00:00,weekend,place-wtcst,World Trade Center,Silver Line,1.0,1200.2,1316.5,909.0,361
2026-01-25 02:00:00,weekend,place-alfcl,Alewife,Red Line,5.0,5780.6,6616.4,3687.0,361
2026-01-25 02:00:00,weekend,place-andrw,Andrew,Red Line,1.0,3255.3,3702.9,2134.3,361
2026-01-25 02:00:00,weekend,place-aqucl,Aquarium,Blue Line,4.0,3333.0,3432.4,3084.2,361
2026-01-25 02:00:00,weekend,place-armnl,Arlington,Green Line,1.0,3907.7,3974.4,3739.3,349
2026-01-25 02:00:00,weekend,place-asmnl,Ashmont,Red Line,6.0,3756.3,4380.3,2193.5,361
2026-01-25 02:00:00,weekend,place-bbsta,Back Bay,Orange Line,1.0,10028.9,11471.0,6270.6,357
2026-01-25 02:00:00,weekend,place-boyls,Boylston,Green Line,2.0,3859.1,3732.2,4181.6,347
2026-01-25 02:00:00,weekend,place-brntn,Braintree,Red Line,1.0,2316.0,2671.8,1416.0,360
2026-01-25 02:00:00,weekend,place-coecl,Copley,Green Line,3.0,7980.6,7980.3,7981.3,350
2026-01-25 02:00:00,weekend,place-dwnxg,Downtown Crossing,"Orange Line, Red Line",2.0,10888.3,12269.6,7428.3,361
2026-01-25 02:00:00,weekend,place-fldcr,Fields Corner,Red Line,1.0,2377.4,2697.5,1575.7,361
2026-01-25 02:00:00,weekend,place-forhl,Forest Hills,Orange Line,6.0,6328.0,7469.5,3468.6,361
2026-01-25 02:00:00,weekend,place-gover,Government Center,"Blue Line, Green Line",6.0,4821.1,5170.1,3947.0,361
2026-01-25 02:00:00,weekend,place-grnst,Green Street,Orange Line,1.0,1799.9,2077.1,1101.4,359
2026-01-25 02:00:00,weekend,place-harsq,Harvard,Red Line,1.0,10860.0,11361.2,9604.7,361
2026-01-25 02:00:00,weekend,place-haecl,Haymarket,"Green Line, Orange Line",4.0,6453.5,6748.3,5715.2,361
2026-01-25 02:00:00,weekend,place-hymnl,Hynes Convention Center,Green Line,1.0,5288.6,5220.1,5460.7,355
2026-01-25 02:00:00,weekend,place-jfk,JFK/UMass,Red Line,1.0,4084.5,4808.4,2173.9,353
2026-01-25 02:00:00,weekend,place-jaksn,Jackson Square,Orange Line,1.0,2846.1,3326.1,1631.9,360
2026-01-25 02:00:00,weekend,place-kencl,Kenmore,Green Line,3.0,4439.8,4535.1,4203.1,352
2026-01-25 02:00:00,weekend,place-mlmnl,Malden Center,Orange Line,2.0,5719.4,6595.3,3525.2,361
2026-01-25 02:00:00,weekend,place-masta,Massachusetts Avenue,Orange Line,2.0,3184.2,3658.5,1996.0,361
2026-01-25 02:00:00,weekend,place-matt,Mattapan Line,Mattapan Line,3.45,2785.5,3271.4,1568.2,361
2026-01-25 02:00:00,weekend,place-mvbcl,Maverick,Blue Line,1.0,7320.1,8106.1,5351.5,361
2026-01-25 02:00:00,weekend,place-north,North Station,"Green Line, Orange Line",3.0,11662.5,13084.0,8031.2,359
2026-01-25 02:00:00,weekend,place-pktrm,Park Street,"Green Line, Red Line",5.0,8842.8,9190.0,7973.2,361
2026-01-25 02:00:00,weekend,place-portr,Porter,Red Line,1.0,4190.9,4505.7,3402.5,361
2026-01-25 02:00:00,weekend,place-prmnl,Prudential,Green Line,1.0,2182.0,2137.6,2292.7,353
2026-01-25 02:00:00,weekend,place-shmnl,Savin Hill,Red Line,2.0,1248.0,1417.1,824.3,361
2026-01-25 02:00:00,weekend,place-spmnl,Science Park,Green Line,2.0,733.3,762.6,660.0,361
2026-01-25 02:00:00,weekend,place-smmnl,Shawmut,Red Line,1.0,1085.6,1267.3,630.5,361
2026-01-25 02:00:00,weekend,place-sstat,South Station,"Red Line, Silver Line",2.0,11868.8,13721.2,7126.5,356
2026-01-25 02:00:00,weekend,place-sbmnl,Stony Brook,Orange Line,1.0,1897.8,2150.5,1257.4,357
2026-01-25 02:00:00,weekend,place-symcl,Symphony,Green Line,2.0,946.3,920.8,1010.2,327
2026-01-25 02:00:00,weekend,place-tumnl,Tufts Medical Center,Orange Line,1.0,3777.8,4535.5,1880.0,361
2026-01-25 03:00:00,weekend,place-bbsta,Back Bay,Orange Line,1.0,10028.9,11471.0,6270.6,357
2026-01-25 03:00:00,weekend,place-dwnxg,Downtown Crossing,"Orange Line, Red Line",2.0,10888.3,12269.6,7428.3,361
2026-01-25 03:00:00,weekend,place-forhl,Forest Hills,Orange Line,6.0,6328.0,7469.5,3468.6,361
2026-01-25 03:00:00,weekend,place-gover,Government Center,"Blue Line, Green Line",2.0,4821.1,5170.1,3947.0,361
2026-01-25 03:00:00,weekend,place-harsq,Harvard,Red Line,1.0,10860.0,11361.2,9604.7,361
2026-01-25 03:00:00,weekend,place-pktrm,Park Street,"Green Line, Red Line",3.0,8842.8,9190.0,7973.2,361
2026-01-25 03:00:00,weekend,place-state,State Street,"Blue Line, Orange Line",1.0,7246.9,8717.0,3578.8,360
2026-01-25 03:00:00,weekend,place-tumnl,Tufts Medical Center,Orange Line,2.0,3777.8,4535.5,1880.0,361
2026-01-25 03:00:00,weekend,place-wlsta,Wollaston,Red Line,1.0,1734.5,2020.8,1017.4,361
2026-01-25 04:00:00,weekend,place-asmnl,Ashmont,Red Line,2.0,3756.3,4380.3,2193.5,361
2026-01-25 04:00:00,weekend,place-brntn,Braintree,Red Line,1.0,2316.0,2671.8,1416.0,360
2026-01-25 04:00:00,weekend,place-ccmnl,Community College,Orange Line,1.0,2457.6,3023.7,1039.7,361
2026-01-25 04:00:00,weekend,place-forhl,Forest Hills,Orange Line,3.0,6328.0,7469.5,3468.6,361
2026-01-25 04:00:00,weekend,place-gover,Government Center,"Blue Line, Green Line",1.0,4821.1,5170.1,3947.0,361
2026-01-25 04:00:00,weekend,place-grnst,Green Street,Orange Line,1.0,1799.9,2077.1,1101.4,359
2026-01-25 04:00:00,weekend,place-haecl,Haymarket,"Green Line, Orange Line",1.0,6453.5,6748.3,5715.2,361
2026-01-25 04:00:00,weekend,place-mlmnl,Malden Center,Orange Line,1.0,5719.4,6595.3,3525.2,361
2026-01-25 04:00:00,weekend,place-matt,Mattapan Line,Mattapan Line,1.15,2785.5,3271.4,1568.2,361
2026-01-25 04:00:00,weekend,place-river,Riverside,Green Line,1.0,899.9,901.1,896.9,360
2026-01-25 04:00:00,weekend,place-spmnl,Science Park,Green Line,2.0,733.3,762.6,660.0,361
2026-01-25 04:00:00,weekend,place-sstat,South Station,"Red Line, Silver Line",1.0,11868.8,13721.2,7126.5,356
2026-01-25 04:00:00,weekend,place-state,State Street,"Blue Line, Orange Line",1.0,7246.9,8717.0,3578.8,360
2026-01-25 04:00:00,weekend,place-sull,Sullivan Square,Orange Line,1.0,3949.4,4501.9,2538.3,359
2026-01-25 04:00:00,weekend,place-wlsta,Wollaston,Red Line,2.0,1734.5,2020.8,1017.4,361
2026-01-25 05:00:00,weekend,place-alfcl,Alewife,Red Line,17.0,5780.6,6616.4,3687.0,361
2026-01-25 05:00:00,weekend,place-andrw,Andrew,Red Line,8.0,3255.3,3702.9,2134.3,361
2026-01-25 05:00:00,weekend,place-armnl,Arlington,Green Line,7.0,3907.7,3974.4,3739.3,349
2026-01-25 05:00:00,weekend,place-asmnl,Ashmont,Red Line,40.0,3756.3,4380.3,2193.5,361
2026-01-25 05:00:00,weekend,place-astao,Assembly,Orange Line,1.0,2967.9,3119.5,2588.3,361
2026-01-25 05:00:00,weekend,place-bbsta,Back Bay,Orange Line,7.0,10028.9,11471.0,6270.6,357
2026-01-25 05:00:00,weekend,place-boyls,Boylston,Green Line,2.0,3859.1,3732.2,4181.6,347
2026-01-25 05:00:00,weekend,place-brntn,Braintree,Red Line,22.0,2316.0,2671.8,1416.0,360
2026-01-25 05:00:00,weekend,place-brdwy,Broadway,Red Line,2.0,3513.1,3928.7,2393.2,351
2026-01-25 05:00:00,weekend,place-cntsq,Central,Red Line,10.0,8250.8,8876.6,6683.3,361
2026-01-25 05:00:00,weekend,place-chmnl,Charles/MGH,Red Line,1.0,5543.2,6654.1,2760.4,361
2026-01-25 05:00:00,weekend,place-chncl,Chinatown,Orange Line,2.0,3955.4,4305.4,3078.5,361
2026-01-25 05:00:00,weekend,place-ccmnl,Community College,Orange Line,3.0,2457.6,3023.7,1039.7,361
2026-01-25 05:00:00,weekend,place-coecl,Copley,Green Line,5.0,7980.6,7980.3,7981.3,350
2026-01-25 05:00:00,weekend,place-crtst,Courthouse,Silver Line,5.0,2253.6,2567.2,1468.3,361
2026-01-25 05:00:00,weekend,place-davis,Davis,Red Line,6.0,4866.6,5296.7,3789.1,361
2026-01-25 05:00:00,weekend,place-dwnxg,Downtown Crossing,"Orange Line, Red Line",5.0,10888.3,12269.6,7428.3,361
2026-01-25 05:00:00,weekend,place-fldcr,Fields Corner,Red Line,15.0,2377.4,2697.5,1575.7,361
2026-01-25 05:00:00,weekend,place-forhl,Forest Hills,Orange Line,52.0,6328.0,7469.5,3468.6,361
2026-01-25 05:00:00,weekend,place-gover,Government Center,"Blue Line, Green Line",5.0,4821.1,5170.1,3947.0,361
2026-01-25 05:00:00,weekend,place-grnst,Green Street,Orange Line,3.0,1799.9,2077.1,1101.4,359
2026-01-25 05:00:00,weekend,place-harsq,Harvard,Red Line,7.0,10860.0,11361.2,9604.7,361
2026-01-25 05:00:00,weekend,place-haecl,Haymarket,"Green Line, Orange Line",66.0,6453.5,6748.3,5715.2,361
2026-01-25 05:00:00,weekend,place-hymnl,Hynes Convention Center,Green Line,3.0,5288.6,5220.1,5460.7,355
2026-01-25 05:00:00,weekend,place-jfk,JFK/UMass,Red Line,2.0,4084.5,4808.4,2173.9,353
2026-01-25 05:00:00,weekend,place-jaksn,Jackson Square,Orange Line,11.0,2846.1,3326.1,1631.9,360
2026-01-25 05:00:00,weekend,place-knncl,Kendall/MIT,Red Line,5.0,8412.3,9925.9,4498.5,355
2026-01-25 05:00:00,weekend,place-kencl,Kenmore,Green Line,8.0,4439.8,4535.1,4203.1,352
2026-01-25 05:00:00,weekend,place-mlmnl,Malden Center,Orange Line,35.0,5719.4,6595.3,3525.2,361
2026-01-25 05:00:00,weekend,place-masta,Massachusetts Avenue,Orange Line,2.0,3184.2,3658.5,1996.0,361
2026-01-25 05:00:00,weekend,place-matt,Mattapan Line,Mattapan Line,32.25,2785.5,3271.4,1568.2,361
2026-01-25 05:00:00,weekend,place-nqncy,North Quincy,Red Line,12.0,2886.8,3386.6,1634.9,361
2026-01-25 05:00:00,weekend,place-north,North Station,"Green Line, Orange Line",12.0,11662.5,13084.0,8031.2,359
2026-01-25 05:00:00,weekend,place-ogmnl,Oak Grove,Orange Line,9.0,3496.9,4070.8,2045.5,360
2026-01-25 05:00:00,weekend,place-pktrm,Park Street,"Green Line, Red Line",7.0,8842.8,9190.0,7973.2,361
2026-01-25 05:00:00,weekend,place-portr,Porter,Red Line,7.0,4190.9,4505.7,3402.5,361
2026-01-25 05:00:00,weekend,place-prmnl,Prudential,Green Line,1.0,2182.0,2137.6,2292.7,353
2026-01-25 05:00:00,weekend,place-qamnl,Quincy Adams,Red Line,8.0,1560.4,1835.5,867.2,359
2026-01-25 05:00:00,weekend,place-qnctr,Quincy Center,Red Line,18.0,3374.7,3868.8,2094.1,352
2026-01-25 05:00:00,weekend,place-river,Riverside,Green Line,3.0,899.9,901.1,896.9,360
2026-01-25 05:00:00,weekend,place-rcmnl,Roxbury Crossing,Orange Line,1.0,2916.6,3388.0,1712.4,359
2026-01-25 05:00:00,weekend,place-rugg,Ruggles,Orange Line,8.0,5463.2,6671.9,2435.5,361
2026-01-25 05:00:00,weekend,place-shmnl,Savin Hill,Red Line,3.0,1248.0,1417.1,824.3,361
2026-01-25 05:00:00,weekend,place-smmnl,Shawmut,Red Line,6.0,1085.6,1267.3,630.5,361
2026-01-25 05:00:00,weekend,place-sstat,South Station,"Red Line, Silver Line",16.0,11868.8,13721.2,7126.5,356
2026-01-25 05:00:00,weekend,place-state,State Street,"Blue Line, Orange Line",5.0,7246.9,8717.0,3578.8,360
2026-01-25 05:00:00,weekend,place-sbmnl,Stony Brook,Orange Line,6.0,1897.8,2150.5,1257.4,357
2026-01-25 05:00:00,weekend,place-sull,Sullivan Square,Orange Line,9.0,3949.4,4501.9,2538.3,359
2026-01-25 05:00:00,weekend,place-welln,Wellington,Orange Line,14.0,3899.1,4551.5,2215.9,358
2026-01-25 05:00:00,weekend,place-wlsta,Wollaston,Red Line,12.0,1734.5,2020.8,1017.4,361
2026-01-25 05:00:00,weekend,place-wtcst,World Trade Center,Silver Line,10.0,1200.2,1316.5,909.0,361
2026-01-25 06:00:00,weekend,place-alfcl,Alewife,Red Line,27.0,5780.6,6616.4,3687.0,361
2026-01-25 06:00:00,weekend,place-andrw,Andrew,Red Line,31.0,3255.3,3702.9,2134.3,361
2026-01-25 06:00:00,weekend,place-armnl,Arlington,Green Line,12.0,3907.7,3974.4,3739.3,349
2026-01-25 06:00:00,weekend,place-asmnl,Ashmont,Red Line,60.0,3756.3,4380.3,2193.5,361
2026-01-25 06:00:00,weekend,place-astao,Assembly,Orange Line,14.0,2967.9,3119.5,2588.3,361
2026-01-25 06:00:00,weekend,place-bbsta,Back Bay,Orange Line,35.0,10028.9,11471.0,6270.6,357
2026-01-25 06:00:00,weekend,place-boyls,Boylston,Green Line,10.0,3859.1,3732.2,4181.6,347
2026-01-25 06:00:00,weekend,place-brntn,Braintree,Red Line,14.0,2316.0,2671.8,1416.0,360
2026-01-25 06:00:00,weekend,place-brdwy,Broadway,Red Line,38.0,3513.1,3928.7,2393.2,351
2026-01-25 06:00:00,weekend,place-cntsq,Central,Red Line,29.0,8250.8,8876.6,6683.3,361
2026-01-25 06:00:00,weekend,place-chmnl,Charles/MGH,Red Line,19.0,5543.2,6654.1,2760.4,361
2026-01-25 06:00:00,weekend,place-chncl,Chinatown,Orange Line,17.0,3955.4,4305.4,3078.5,361
2026-01-25 06:00:00,weekend,place-ccmnl,Community College,Orange Line,10.0,2457.6,3023.7,1039.7,361
2026-01-25 06:00:00,weekend,place-coecl,Copley,Green Line,43.0,7980.6,7980.3,7981.3,350
2026-01-25 06:00:00,weekend,place-crtst,Courthouse,Silver Line,6.0,2253.6,2567.2,1468.3,361
2026-01-25 06:00:00,weekend,place-davis,Davis,Red Line,32.0,4866.6,5296.7,3789.1,361
2026-01-25 06:00:00,weekend,place-dwnxg,Downtown Crossing,"Orange Line, Red Line",34.0,10888.3,12269.6,7428.3,361
2026-01-25 06:00:00,weekend,place-fldcr,Fields Corner,Red Line,57.0,2377.4,2697.5,1575.7,361
2026-01-25 06:00:00,weekend,place-forhl,Forest Hills,Orange Line,109.0,6328.0,7469.5,3468.6,361
2026-01-25 06:00:00,weekend,place-gilmn,Gilman Square,Green Line,0.84,264.1,286.5,207.2,351
2026-01-25 06:00:00,weekend,place-gover,Government Center,"Blue Line, Green Line",15.0,4821.1,5170.1,3947.0,361
2026-01-25 06:00:00,weekend,place-grnst,Green Street,Orange Line,17.0,1799.9,2077.1,1101.4,359
2026-01-25 06:00:00,weekend,place-harsq,Harvard,Red Line,58.0,10860.0,11361.2,9604.7,361
2026-01-25 06:00:00,weekend,place-haecl,Haymarket,"Green Line, Orange Line",305.0,6453.5,6748.3,5715.2,361
2026-01-25 06:00:00,weekend,place-hymnl,Hynes Convention Center,Green Line,26.0,5288.6,5220.1,5460.7,355
2026-01-25 06:00:00,weekend,place-jfk,JFK/UMass,Red Line,59.0,4084.5,4808.4,2173.9,353
2026-01-25 06:00:00,weekend,place-jaksn,Jackson Square,Orange Line,54.0,2846.1,3326.1,1631.9,360
2026-01-25 06:00:00,weekend,place-knncl,Kendall/MIT,Red Line,23.0,8412.3,9925.9,4498.5,355
2026-01-25 06:00:00,weekend,place-kencl,Kenmore,Green Line,19.0,4439.8,4535.1,4203.1,352
2026-01-25 06:00:00,weekend,place-lech,Lechmere,Green Line,2.85,245.6,265.3,196.0,359
2026-01-25 06:00:00,weekend,place-mlmnl,Malden Center,Orange Line,111.0,5719.4,6595.3,3525.2,361
2026-01-25 06:00:00,weekend,place-masta,Massachusetts Avenue,Orange Line,23.0,3184.2,3658.5,1996.0,361
2026-01-25 06:00:00,weekend,place-matt,Mattapan Line,Mattapan Line,44.93,2785.5,3271.4,1568.2,361
2026-01-25 06:00:00,weekend,place-mvbcl,Maverick,Blue Line,1.0,7320.1,8106.1,5351.5,361
2026-01-25 06:00:00,weekend,place-nqncy,North Quincy,Red Line,34.0,2886.8,3386.6,1634.9,361
2026-01-25 06:00:00,weekend,place-north,North Station,"Green Line, Orange Line",90.0,11662.5,13084.0,8031.2,359
2026-01-25 06:00:00,weekend,place-ogmnl,Oak Grove,Orange Line,27.0,3496.9,4070.8,2045.5,360
2026-01-25 06:00:00,weekend,place-pktrm,Park Street,"Green Line, Red Line",21.0,8842.8,9190.0,7973.2,361
2026-01-25 06:00:00,weekend,place-portr,Porter,Red Line,22.0,4190.9,4505.7,3402.5,361
2026-01-25 06:00:00,weekend,place-prmnl,Prudential,Green Line,5.0,2182.0,2137.6,2292.7,353
2026-01-25 06:00:00,weekend,place-qamnl,Quincy Adams,Red Line,16.0,1560.4,1835.5,867.2,359
2026-01-25 06:00:00,weekend,place-qnctr,Quincy Center,Red Line,46.0,3374.7,3868.8,2094.1,352
2026-01-25 06:00:00,weekend,place-river,Riverside,Green Line,6.0,899.9,901.1,896.9,360
2026-01-25 06:00:00,weekend,place-rcmnl,Roxbury Crossing,Orange Line,16.0,2916.6,3388.0,1712.4,359
2026-01-25 06:00:00,weekend,place-rugg,Ruggles,Orange Line,64.0,5463.2,6671.9,2435.5,361
2026-01-25 06:00:00,weekend,place-shmnl,Savin Hill,Red Line,21.0,1248.0,1417.1,824.3,361
2026-01-25 06:00:00,weekend,place-spmnl,Science Park,Green Line,1.0,733.3,762.6,660.0,361
2026-01-25 06:00:00,weekend,place-smmnl,Shawmut,Red Line,29.0,1085.6,1267.3,630.5,361
2026-01-25 06:00:00,weekend,place-sstat,South Station,"Red Line, Silver Line",120.0,11868.8,13721.2,7126.5,356
2026-01-25 06:00:00,weekend,place-state,State Street,"Blue Line, Orange Line",5.0,7246.9,8717.0,3578.8,360
2026-01-25 06:00:00,weekend,place-sbmnl,Stony Brook,Orange Line,23.0,1897.8,2150.5,1257.4,357
2026-01-25 06:00:00,weekend,place-sull,Sullivan Square,Orange Line,77.0,3949.4,4501.9,2538.3,359
2026-01-25 06:00:00,weekend,place-symcl,Symphony,Green Line,7.0,946.3,920.8,1010.2,327
2026-01-25 06:00:00,weekend,place-tumnl,Tufts Medical Center,Orange Line,23.0,3777.8,4535.5,1880.0,361
2026-01-25 06:00:00,weekend,place-welln,Wellington,Orange Line,68.0,3899.1,4551.5,2215.9,358
2026-01-25 06:00:00,weekend,place-wlsta,Wollaston,Red Line,24.0,1734.5,2020.8,1017.4,361
2026-01-25 06:00:00,weekend,place-wtcst,World Trade Center,Silver Line,3.0,1200.2,1316.5,909.0,361
2026-01-25 07:00:00,weekend,place-alfcl,Alewife,Red Line,36.0,5780.6,6616.4,3687.0,361
2026-01-25 07:00:00,weekend,place-andrw,Andrew,Red Line,32.0,3255.3,3702.9,2134.3,361
2026-01-25 07:00:00,weekend,place-aqucl,Aquarium,Blue Line,3.0,3333.0,3432.4,3084.2,361
2026-01-25 07:00:00,weekend,place-armnl,Arlington,Green Line,20.0,3907.7,3974.4,3739.3,349
2026-01-25 07:00:00,weekend,place-asmnl,Ashmont,Red Line,83.0,3756.3,4380.3,2193.5,361
2026-01-25 07:00:00,weekend,place-astao,Assembly,Orange Line,9.0,2967.9,3119.5,2588.3,361
2026-01-25 07:00:00,weekend,place-bbsta,Back Bay,Orange Line,59.0,10028.9,11471.0,6270.6,357
2026-01-25 07:00:00,weekend,place-boyls,Boylston,Green Line,22.0,3859.1,3732.2,4181.6,347
2026-01-25 07:00:00,weekend,place-brntn,Braintree,Red Line,23.0,2316.0,2671.8,1416.0,360
2026-01-25 07:00:00,weekend,place-brdwy,Broadway,Red Line,43.0,3513.1,3928.7,2393.2,351
2026-01-25 07:00:00,weekend,place-cntsq,Central,Red Line,58.0,8250.8,8876.6,6683.3,361
2026-01-25 07:00:00,weekend,place-chmnl,Charles/MGH,Red Line,97.0,5543.2,6654.1,2760.4,361
2026-01-25 07:00:00,weekend,place-chncl,Chinatown,Orange Line,34.0,3955.4,4305.4,3078.5,361
2026-01-25 07:00:00,weekend,place-ccmnl,Community College,Orange Line,10.0,2457.6,3023.7,1039.7,361
2026-01-25 07:00:00,weekend,place-coecl,Copley,Green Line,28.0,7980.6,7980.3,7981.3,350
2026-01-25 07:00:00,weekend,place-crtst,Courthouse,Silver Line,19.0,2253.6,2567.2,1468.3,361
2026-01-25 07:00:00,weekend,place-davis,Davis,Red Line,45.0,4866.6,5296.7,3789.1,361
2026-01-25 07:00:00,weekend,place-dwnxg,Downtown Crossing,"Orange Line, Red Line",68.0,10888.3,12269.6,7428.3,361
2026-01-25 07:00:00,weekend,place-esomr,East Somerville,Green Line,2.07,70.5,75.8,56.8,350
2026-01-25 07:00:00,weekend,place-fldcr,Fields Corner,Red Line,60.0,2377.4,2697.5,1575.7,361
2026-01-25 07:00:00,weekend,place-forhl,Forest Hills,Orange Line,117.0,6328.0,7469.5,3468.6,361
2026-01-25 07:00:00,weekend,place-gilmn,Gilman Square,Green Line,1.67,264.1,286.5,207.2,351
2026-01-25 07:00:00,weekend,place-gover,Government Center,"Blue Line, Green Line",34.0,4821.1,5170.1,3947.0,361
2026-01-25 07:00:00,weekend,place-grnst,Green Street,Orange Line,27.0,1799.9,2077.1,1101.4,359
2026-01-25 07:00:00,weekend,place-harsq,Harvard,Red Line,66.0,10860.0,11361.2,9604.7,361
2026-01-25 07:00:00,weekend,place-haecl,Haymarket,"Green Line, Orange Line",389.0,6453.5,6748.3,5715.2,361
2026-01-25 07:00:00,weekend,place-hymnl,Hynes Convention Center,Green Line,33.0,5288.6,5220.1,5460.7,355
2026-01-25 07:00:00,weekend,place-jfk,JFK/UMass,Red Line,41.0,4084.5,4808.4,2173.9,353
2026-01-25 07:00:00,weekend,place-jaksn,Jackson Square,Orange Line,17.0,2846.1,3326.1,1631.9,360
2026-01-25 07:00:00,weekend,place-knncl,Kendall/MIT,Red Line,58.0,8412.3,9925.9,4498.5,355
2026-01-25 07:00:00,weekend,place-kencl,Kenmore,Green Line,38.0,4439.8,4535.1,4203.1,352
2026-01-25 07:00:00,weekend,place-lech,Lechmere,Green Line,4.28,245.6,265.3,196.0,359
2026-01-25 07:00:00,weekend,place-mgngl,Magoun Square,Green Line,0.84,128.3,138.1,103.5,349
2026-01-25 07:00:00,weekend,place-mlmnl,Malden Center,Orange Line,104.0,5719.4,6595.3,3525.2,361
2026-01-25 07:00:00,weekend,place-masta,Massachusetts Avenue,Orange Line,32.0,3184.2,3658.5,1996.0,361
2026-01-25 07:00:00,weekend,place-matt,Mattapan Line,Mattapan Line,51.84,2785.5,3271.4,1568.2,361
2026-01-25 07:00:00,weekend,place-mdftf,Medford/Tufts,Green Line,1.43,181.5,203.0,127.3,349
2026-01-25 07:00:00,weekend,place-nqncy,North Quincy,Red Line,46.0,2886.8,3386.6,1634.9,361
2026-01-25 07:00:00,weekend,place-north,North Station,"Green Line, Orange Line",111.0,11662.5,13084.0,8031.2,359
2026-01-25 07:00:00,weekend,place-ogmnl,Oak Grove,Orange Line,40.0,3496.9,4070.8,2045.5,360
2026-01-25 07:00:00,weekend,place-pktrm,Park Street,"Green Line, Red Line",32.0,8842.8,9190.0,7973.2,361
2026-01-25 07:00:00,weekend,place-portr,Porter,Red Line,39.0,4190.9,4505.7,3402.5,361
2026-01-25 07:00:00,weekend,place-prmnl,Prudential,Green Line,5.0,2182.0,2137.6,2292.7,353
2026-01-25 07:00:00,weekend,place-qamnl,Quincy Adams,Red Line,12.0,1560.4,1835.5,867.2,359
2026-01-25 07:00:00,weekend,place-qnctr,Quincy Center,Red Line,60.0,3374.7,3868.8,2094.1,352
2026-01-25 07:00:00,weekend,place-river,Riverside,Green Line,8.0,899.9,901.1,896.9,360
2026-01-25 07:00:00,weekend,place-rcmnl,Roxbury Crossing,Orange Line,21.0,2916.6,3388.0,1712.4,359
2026-01-25 07:00:00,weekend,place-rugg,Ruggles,Orange Line,56.0,5463.2,6671.9,2435.5,361
2026-01-25 07:00:00,weekend,place-shmnl,Savin Hill,Red Line,23.0,1248.0,1417.1,824.3,361
2026-01-25 07:00:00,weekend,place-spmnl,Science Park,Green Line,10.0,733.3,762.6,660.0,361
2026-01-25 07:00:00,weekend,place-smmnl,Shawmut,Red Line,23.0,1085.6,1267.3,630.5,361
2026-01-25 07:00:00,weekend,place-sstat,South Station,"Red Line, Silver Line",87.0,11868.8,13721.2,7126.5,356
2026-01-25 07:00:00,weekend,place-state,State Street,"Blue Line, Orange Line",38.0,7246.9,8717.0,3578.8,360
2026-01-25 07:00:00,weekend,place-sbmnl,Stony Brook,Orange Line,31.0,1897.8,2150.5,1257.4,357
2026-01-25 07:00:00,weekend,place-sull,Sullivan Square,Orange Line,74.0,3949.4,4501.9,2538.3,359
2026-01-25 07:00:00,weekend,place-symcl,Symphony,Green Line,4.0,946.3,920.8,1010.2,327
2026-01-25 07:00:00,weekend,place-tumnl,Tufts Medical Center,Orange Line,54.0,3777.8,4535.5,1880.0,361
2026-01-25 07:00:00,weekend,place-welln,Wellington,Orange Line,52.0,3899.1,4551.5,2215.9,358
2026-01-25 07:00:00,weekend,place-wlsta,Wollaston,Red Line,48.0,1734.5,2020.8,1017.4,361
2026-01-25 07:00:00,weekend,place-wtcst,World Trade Center,Silver Line,19.0,1200.2,1316.5,909.0,361
2026-01-25 08:00:00,weekend,place-alfcl,Alewife,Red Line,87.0,5780.6,6616.4,3687.0,361
2026-01-25 08:00:00,weekend,place-andrw,Andrew,Red Line,48.0,3255.3,3702.9,2134.3,361
2026-01-25 08:00:00,weekend,place-aqucl,Aquarium,Blue Line,7.0,3333.0,3432.4,3084.2,361
2026-01-25 08:00:00,weekend,place-armnl,Arlington,Green Line,20.0,3907.7,3974.4,3739.3,349
2026-01-25 08:00:00,weekend,place-asmnl,Ashmont,Red Line,78.0,3756.3,4380.3,2193.5,361
2026-01-25 08:00:00,weekend,place-astao,Assembly,Orange Line,23.0,2967.9,3119.5,2588.3,361
2026-01-25 08:00:00,weekend,place-bbsta,Back Bay,Orange Line,62.0,10028.9,11471.0,6270.6,357
2026-01-25 08:00:00,weekend,place-balsq,Ball Square,Green Line,0.84,139.3,150.9,109.9,350
2026-01-25 08:00:00,weekend,place-boyls,Boylston,Green Line,33.0,3859.1,3732.2,4181.6,347
2026-01-25 08:00:00,weekend,place-brntn,Braintree,Red Line,24.0,2316.0,2671.8,1416.0,360
2026-01-25 08:00:00,weekend,place-brdwy,Broadway,Red Line,55.0,3513.1,3928.7,2393.2,351
2026-01-25 08:00:00,weekend,place-cntsq,Central,Red Line,121.0,8250.8,8876.6,6683.3,361
2026-01-25 08:00:00,weekend,place-chmnl,Charles/MGH,Red Line,41.0,5543.2,6654.1,2760.4,361
2026-01-25 08:00:00,weekend,place-chncl,Chinatown,Orange Line,38.0,3955.4,4305.4,3078.5,361
2026-01-25 08:00:00,weekend,place-ccmnl,Community College,Orange Line,21.0,2457.6,3023.7,1039.7,361
2026-01-25 08:00:00,weekend,place-coecl,Copley,Green Line,32.0,7980.6,7980.3,7981.3,350
2026-01-25 08:00:00,weekend,place-crtst,Courthouse,Silver Line,13.0,2253.6,2567.2,1468.3,361
2026-01-25 08:00:00,weekend,place-davis,Davis,Red Line,66.0,4866.6,5296.7,3789.1,361
2026-01-25 08:00:00,weekend,place-dwnxg,Downtown Crossing,"Orange Line, Red Line",60.0,10888.3,12269.6,7428.3,361
2026-01-25 08:00:00,weekend,place-esomr,East Somerville,Green Line,0.84,70.5,75.8,56.8,350
2026-01-25 08:00:00,weekend,place-fldcr,Fields Corner,Red Line,64.0,2377.4,2697.5,1575.7,361
2026-01-25 08:00:00,weekend,place-forhl,Forest Hills,Orange Line,124.0,6328.0,7469.5,3468.6,361
2026-01-25 08:00:00,weekend,place-gilmn,Gilman Square,Green Line,4.28,264.1,286.5,207.2,351
2026-01-25 08:00:00,weekend,place-gover,Government Center,"Blue Line, Green Line",37.0,4821.1,5170.1,3947.0,361
2026-01-25 08:00:00,weekend,place-grnst,Green Street,Orange Line,32.0,1799.9,2077.1,1101.4,359
2026-01-25 08:00:00,weekend,place-harsq,Harvard,Red Line,119.0,10860.0,11361.2,9604.7,361
2026-01-25 08:00:00,weekend,place-haecl,Haymarket,"Green Line, Orange Line",337.0,6453.5,6748.3,5715.2,361
2026-01-25 08:00:00,weekend,place-hymnl,Hynes Convention Center,Green Line,47.0,5288.6,5220.1,5460.7,355
2026-01-25 08:00:00,weekend,place-jfk,JFK/UMass,Red Line,70.0,4084.5,4808.4,2173.9,353
2026-01-25 08:00:00,weekend,place-jaksn,Jackson Square,Orange Line,47.0,2846.1,3326.1,1631.9,360
2026-01-25 08:00:00,weekend,place-knncl,Kendall/MIT,Red Line,69.0,8412.3,9925.9,4498.5,355
2026-01-25 08:00:00,weekend,place-kencl,Kenmore,Green Line,62.0,4439.8,4535.1,4203.1,352
2026-01-25 08:00:00,weekend,place-lech,Lechmere,Green Line,2.85,245.6,265.3,196.0,359
2026-01-25 08:00:00,weekend,place-mgngl,Magoun Square,Green Line,14.5,128.3,138.1,103.5,349
2026-01-25 08:00:00,weekend,place-mlmnl,Malden Center,Orange Line,116.0,5719.4,6595.3,3525.2,361
2026-01-25 08:00:00,weekend,place-masta,Massachusetts Avenue,Orange Line,36.0,3184.2,3658.5,1996.0,361
2026-01-25 08:00:00,weekend,place-matt,Mattapan Line,Mattapan Line,49.54,2785.5,3271.4,1568.2,361
2026-01-25 08:00:00,weekend,place-nqncy,North Quincy,Red Line,41.0,2886.8,3386.6,1634.9,361
2026-01-25 08:00:00,weekend,place-north,North Station,"Green Line, Orange Line",119.0,11662.5,13084.0,8031.2,359
2026-01-25 08:00:00,weekend,place-ogmnl,Oak Grove,Orange Line,60.0,3496.9,4070.8,2045.5,360
2026-01-25 08:00:00,weekend,place-pktrm,Park Street,"Green Line, Red Line",45.0,8842.8,9190.0,7973.2,361
2026-01-25 08:00:00,weekend,place-portr,Porter,Red Line,58.0,4190.9,4505.7,3402.5,361
2026-01-25 08:00:00,weekend,place-prmnl,Prudential,Green Line,26.0,2182.0,2137.6,2292.7,353
2026-01-25 08:00:00,weekend,place-qamnl,Quincy Adams,Red Line,23.0,1560.4,1835.5,867.2,359
2026-01-25 08:00:00,weekend,place-qnctr,Quincy Center,Red Line,65.0,3374.7,3868.8,2094.1,352
2026-01-25 08:00:00,weekend,place-river,Riverside,Green Line,5.0,899.9,901.1,896.9,360
2026-01-25 08:00:00,weekend,place-rcmnl,Roxbury Crossing,Orange Line,41.0,2916.6,3388.0,1712.4,359
2026-01-25 08:00:00,weekend,place-rugg,Ruggles,Orange Line,70.0,5463.2,6671.9,2435.5,361
2026-01-25 08:00:00,weekend,place-shmnl,Savin Hill,Red Line,29.0,1248.0,1417.1,824.3,361
2026-01-25 08:00:00,weekend,place-spmnl,Science Park,Green Line,6.0,733.3,762.6,660.0,361
2026-01-25 08:00:00,weekend,place-smmnl,Shawmut,Red Line,29.0,1085.6,1267.3,630.5,361
2026-01-25 08:00:00,weekend,place-sstat,South Station,"Red Line, Silver Line",88.0,11868.8,13721.2,7126.5,356
2026-01-25 08:00:00,weekend,place-state,State Street,"Blue Line, Orange Line",20.0,7246.9,8717.0,3578.8,360
2026-01-25 08:00:00,weekend,place-sbmnl,Stony Brook,Orange Line,40.0,1897.8,2150.5,1257.4,357
2026-01-25 08:00:00,weekend,place-sull,Sullivan Square,Orange Line,81.0,3949.4,4501.9,2538.3,359
2026-01-25 08:00:00,weekend,place-symcl,Symphony,Green Line,9.0,946.3,920.8,1010.2,327
2026-01-25 08:00:00,weekend,place-tumnl,Tufts Medical Center,Orange Line,42.0,3777.8,4535.5,1880.0,361
2026-01-25 08:00:00,weekend,place-unsqu,Union Square,Green Line,2.51,135.3,144.6,111.3,347
2026-01-25 08:00:00,weekend,place-welln,Wellington,Orange Line,66.0,3899.1,4551.5,2215.9,358
2026-01-25 08:00:00,weekend,place-wlsta,Wollaston,Red Line,44.0,1734.5,2020.8,1017.4,361
2026-01-25 08:00:00,weekend,place-wtcst,World Trade Center,Silver Line,8.0,1200.2,1316.5,909.0,361
2026-01-25 09:00:00,weekend,place-alfcl,Alewife,Red Line,83.0,5780.6,6616.4,3687.0,361
2026-01-25 09:00:00,weekend,place-andrw,Andrew,Red Line,81.0,3255.3,3702.9,2134.3,361
2026-01-25 09:00:00,weekend,place-aqucl,Aquarium,Blue Line,5.0,3333.0,3432.4,3084.2,361
2026-01-25 09:00:00,weekend,place-armnl,Arlington,Green Line,51.0,3907.7,3974.4,3739.3,349
2026-01-25 09:00:00,weekend,place-asmnl,Ashmont,Red Line,78.0,3756.3,4380.3,2193.5,361
2026-01-25 09:00:00,weekend,place-astao,Assembly,Orange Line,24.0,2967.9,3119.5,2588.3,361
2026-01-25 09:00:00,weekend,place-bbsta,Back Bay,Orange Line,83.0,10028.9,11471.0,6270.6,357
2026-01-25 09:00:00,weekend,place-balsq,Ball Square,Green Line,2.51,139.3,150.9,109.9,350
2026-01-25 09:00:00,weekend,place-bomnl,Bowdoin,Blue Line,1.0,1406.3,1701.8,666.0,361
2026-01-25 09:00:00,weekend,place-boyls,Boylston,Green Line,42.0,3859.1,3732.2,4181.6,347
2026-01-25 09:00:00,weekend,place-brntn,Braintree,Red Line,33.0,2316.0,2671.8,1416.0,360
2026-01-25 09:00:00,weekend,place-brdwy,Broadway,Red Line,63.0,3513.1,3928.7,2393.2,351
2026-01-25 09:00:00,weekend,place-cntsq,Central,Red Line,178.0,8250.8,8876.6,6683.3,361
2026-01-25 09:00:00,weekend,place-chmnl,Charles/MGH,Red Line,66.0,5543.2,6654.1,2760.4,361
2026-01-25 09:00:00,weekend,place-chncl,Chinatown,Orange Line,38.0,3955.4,4305.4,3078.5,361
2026-01-25 09:00:00,weekend,place-ccmnl,Community College,Orange Line,35.0,2457.6,3023.7,1039.7,361
2026-01-25 09:00:00,weekend,place-coecl,Copley,Green Line,80.0,7980.6,7980.3,7981.3,350
2026-01-25 09:00:00,weekend,place-crtst,Courthouse,Silver Line,24.0,2253.6,2567.2,1468.3,361
2026-01-25 09:00:00,weekend,place-davis,Davis,Red Line,94.0,4866.6,5296.7,3789.1,361
2026-01-25 09:00:00,weekend,place-dwnxg,Downtown Crossing,"Orange Line, Red Line",107.0,10888.3,12269.6,7428.3,361
2026-01-25 09:00:00,weekend,place-fldcr,Fields Corner,Red Line,72.0,2377.4,2697.5,1575.7,361
2026-01-25 09:00:00,weekend,place-forhl,Forest Hills,Orange Line,130.0,6328.0,7469.5,3468.6,361
2026-01-25 09:00:00,weekend,place-gilmn,Gilman Square,Green Line,4.92,264.1,286.5,207.2,351
2026-01-25 09:00:00,weekend,place-gover,Government Center,"Blue Line, Green Line",32.0,4821.1,5170.1,3947.0,361
2026-01-25 09:00:00,weekend,place-grnst,Green Street,Orange Line,39.0,1799.9,2077.1,1101.4,359
2026-01-25 09:00:00,weekend,place-harsq,Harvard,Red Line,194.0,10860.0,11361.2,9604.7,361
2026-01-25 09:00:00,weekend,place-haecl,Haymarket,"Green Line, Orange Line",289.0,6453.5,6748.3,5715.2,361
2026-01-25 09:00:00,weekend,place-hymnl,Hynes Convention Center,Green Line,70.0,5288.6,5220.1,5460.7,355
2026-01-25 09:00:00,weekend,place-jfk,JFK/UMass,Red Line,97.0,4084.5,4808.4,2173.9,353
2026-01-25 09:00:00,weekend,place-jaksn,Jackson Square,Orange Line,69.0,2846.1,3326.1,1631.9,360
2026-01-25 09:00:00,weekend,place-knncl,Kendall/MIT,Red Line,81.0,8412.3,9925.9,4498.5,355
2026-01-25 09:00:00,weekend,place-kencl,Kenmore,Green Line,53.0,4439.8,4535.1,4203.1,352
2026-01-25 09:00:00,weekend,place-lech,Lechmere,Green Line,7.78,245.6,265.3,196.0,359
2026-01-25 09:00:00,weekend,place-mgngl,Magoun Square,Green Line,4.14,128.3,138.1,103.5,349
2026-01-25 09:00:00,weekend,place-mlmnl,Malden Center,Orange Line,142.0,5719.4,6595.3,3525.2,361
2026-01-25 09:00:00,weekend,place-masta,Massachusetts Avenue,Orange Line,57.0,3184.2,3658.5,1996.0,361
2026-01-25 09:00:00,weekend,place-matt,Mattapan Line,Mattapan Line,48.39,2785.5,3271.4,1568.2,361
2026-01-25 09:00:00,weekend,place-mvbcl,Maverick,Blue Line,2.0,7320.1,8106.1,5351.5,361
2026-01-25 09:00:00,weekend,place-mdftf,Medford/Tufts,Green Line,1.43,181.5,203.0,127.3,349
2026-01-25 09:00:00,weekend,place-nqncy,North Quincy,Red Line,70.0,2886.8,3386.6,1634.9,361
2026-01-25 09:00:00,weekend,place-north,North Station,"Green Line, Orange Line",214.0,11662.5,13084.0,8031.2,359
2026-01-25 09:00:00,weekend,place-ogmnl,Oak Grove,Orange Line,67.0,3496.9,4070.8,2045.5,360
2026-01-25 09:00:00,weekend,place-pktrm,Park Street,"Green Line, Red Line",117.0,8842.8,9190.0,7973.2,361
2026-01-25 09:00:00,weekend,place-portr,Porter,Red Line,110.0,4190.9,4505.7,3402.5,361
2026-01-25 09:00:00,weekend,place-prmnl,Prudential,Green Line,48.0,2182.0,2137.6,2292.7,353
2026-01-25 09:00:00,weekend,place-qamnl,Quincy Adams,Red Line,28.0,1560.4,1835.5,867.2,359
2026-01-25 09:00:00,weekend,place-qnctr,Quincy Center,Red Line,72.0,3374.7,3868.8,2094.1,352
2026-01-25 09:00:00,weekend,place-river,Riverside,Green Line,10.0,899.9,901.1,896.9,360
2026-01-25 09:00:00,weekend,place-rcmnl,Roxbury Crossing,Orange Line,54.0,2916.6,3388.0,1712.4,359
2026-01-25 09:00:00,weekend,place-rugg,Ruggles,Orange Line,60.0,5463.2,6671.9,2435.5,361
2026-01-25 09:00:00,weekend,place-shmnl,Savin Hill,Red Line,45.0,1248.0,1417.1,824.3,361
2026-01-25 09:00:00,weekend,place-spmnl,Science Park,Green Line,5.0,733.3,762.6,660.0,361
2026-01-25 09:00:00,weekend,place-smmnl,Shawmut,Red Line,37.0,1085.6,1267.3,630.5,361
2026-01-25 09:00:00,weekend,place-sstat,South Station,"Red Line, Silver Line",135.0,11868.8,13721.2,7126.5,356
2026-01-25 09:00:00,weekend,place-state,State Street,"Blue Line, Orange Line",39.0,7246.9,8717.0,3578.8,360
2026-01-25 09:00:00,weekend,place-sbmnl,Stony Brook,Orange Line,37.0,1897.8,2150.5,1257.4,357
2026-01-25 09:00:00,weekend,place-sull,Sullivan Square,Orange Line,112.0,3949.4,4501.9,2538.3,359
2026-01-25 09:00:00,weekend,place-symcl,Symphony,Green Line,13.0,946.3,920.8,1010.2,327
2026-01-25 09:00:00,weekend,place-tumnl,Tufts Medical Center,Orange Line,39.0,3777.8,4535.5,1880.0,361
2026-01-25 09:00:00,weekend,place-unsqu,Union Square,Green Line,3.69,135.3,144.6,111.3,347
2026-01-25 09:00:00,weekend,place-welln,Wellington,Orange Line,76.0,3899.1,4551.5,2215.9,358
2026-01-25 09:00:00,weekend,place-wlsta,Wollaston,Red Line,55.0,1734.5,2020.8,1017.4,361
2026-01-25 09:00:00,weekend,place-wtcst,World Trade Center,Silver Line,9.0,1200.2,1316.5,909.0,361
2026-01-25 10:00:00,weekend,place-alfcl,Alewife,Red Line,121.0,5780.6,6616.4,3687.0,361
2026-01-25 10:00:00,weekend,place-andrw,Andrew,Red Line,99.0,3255.3,3702.9,2134.3,361
2026-01-25 10:00:00,weekend,place-aqucl,Aquarium,Blue Line,4.0,3333.0,3432.4,3084.2,361
2026-01-25 10:00:00,weekend,place-armnl,Arlington,Green Line,75.0,3907.7,3974.4,3739.3,349
2026-01-25 10:00:00,weekend,place-asmnl,Ashmont,Red Line,87.0,3756.3,4380.3,2193.5,361
2026-01-25 10:00:00,weekend,place-astao,Assembly,Orange Line,57.0,2967.9,3119.5,2588.3,361
2026-01-25 10:00:00,weekend,place-bbsta,Back Bay,Orange Line,156.0,10028.9,11471.0,6270.6,357
2026-01-25 10:00:00,weekend,place-balsq,Ball Square,Green Line,0.84,139.3,150.9,109.9,350
2026-01-25 10:00:00,weekend,place-bomnl,Bowdoin,Blue Line,4.0,1406.3,1701.8,666.0,361
2026-01-25 10:00:00,weekend,place-boyls,Boylston,Green Line,66.0,3859.1,3732.2,4181.6,347
2026-01-25 10:00:00,weekend,place-brntn,Braintree,Red Line,25.0,2316.0,2671.8,1416.0,360
2026-01-25 10:00:00,weekend,place-brdwy,Broadway,Red Line,107.0,3513.1,3928.7,2393.2,351
2026-01-25 10:00:00,weekend,place-cntsq,Central,Red Line,294.0,8250.8,8876.6,6683.3,361
2026-01-25 10:00:00,weekend,place-chmnl,Charles/MGH,Red Line,99.0,5543.2,6654.1,2760.4,361
2026-01-25 10:00:00,weekend,place-chncl,Chinatown,Orange Line,69.0,3955.4,4305.4,3078.5,361
2026-01-25 10:00:00,weekend,place-ccmnl,Community College,Orange Line,43.0,2457.6,3023.7,1039.7,361
2026-01-25 10:00:00,weekend,place-coecl,Copley,Green Line,147.0,7980.6,7980.3,7981.3,350
2026-01-25 10:00:00,weekend,place-crtst,Courthouse,Silver Line,34.0,2253.6,2567.2,1468.3,361
2026-01-25 10:00:00,weekend,place-davis,Davis,Red Line,144.0,4866.6,5296.7,3789.1,361
2026-01-25 10:00:00,weekend,place-dwnxg,Downtown Crossing,"Orange Line, Red Line",215.0,10888.3,12269.6,7428.3,361
2026-01-25 10:00:00,weekend,place-fldcr,Fields Corner,Red Line,76.0,2377.4,2697.5,1575.7,361
2026-01-25 10:00:00,weekend,place-forhl,Forest Hills,Orange Line,130.0,6328.0,7469.5,3468.6,361
2026-01-25 10:00:00,weekend,place-gilmn,Gilman Square,Green Line,4.92,264.1,286.5,207.2,351
2026-01-25 10:00:00,weekend,place-gover,Government Center,"Blue Line, Green Line",53.0,4821.1,5170.1,3947.0,361
2026-01-25 10:00:00,weekend,place-grnst,Green Street,Orange Line,48.0,1799.9,2077.1,1101.4,359
2026-01-25 10:00:00,weekend,place-harsq,Harvard,Red Line,214.0,10860.0,11361.2,9604.7,361
2026-01-25 10:00:00,weekend,place-haecl,Haymarket,"Green Line, Orange Line",290.0,6453.5,6748.3,5715.2,361
2026-01-25 10:00:00,weekend,place-hymnl,Hynes Convention Center,Green Line,123.0,5288.6,5220.1,5460.7,355
2026-01-25 10:00:00,weekend,place-jfk,JFK/UMass,Red Line,86.0,4084.5,4808.4,2173.9,353
2026-01-25 10:00:00,weekend,place-jaksn,Jackson Square,Orange Line,60.0,2846.1,3326.1,1631.9,360
2026-01-25 10:00:00,weekend,place-knncl,Kendall/MIT,Red Line,164.0,8412.3,9925.9,4498.5,355
2026-01-25 10:00:00,weekend,place-kencl,Kenmore,Green Line,101.0,4439.8,4535.1,4203.1,352
2026-01-25 10:00:00,weekend,place-lech,Lechmere,Green Line,4.14,245.6,265.3,196.0,359
2026-01-25 10:00:00,weekend,place-mgngl,Magoun Square,Green Line,4.98,128.3,138.1,103.5,349
2026-01-25 10:00:00,weekend,place-mlmnl,Malden Center,Orange Line,155.0,5719.4,6595.3,3525.2,361
2026-01-25 10:00:00,weekend,place-masta,Massachusetts Avenue,Orange Line,77.0,3184.2,3658.5,1996.0,361
2026-01-25 10:00:00,weekend,place-matt,Mattapan Line,Mattapan Line,50.69,2785.5,3271.4,1568.2,361
2026-01-25 10:00:00,weekend,place-mvbcl,Maverick,Blue Line,1.0,7320.1,8106.1,5351.5,361
2026-01-25 10:00:00,weekend,place-mdftf,Medford/Tufts,Green Line,2.86,181.5,203.0,127.3,349
2026-01-25 10:00:00,weekend,place-nqncy,North Quincy,Red Line,82.0,2886.8,3386.6,1634.9,361
2026-01-25 10:00:00,weekend,place-north,North Station,"Green Line, Orange Line",224.0,11662.5,13084.0,8031.2,359
2026-01-25 10:00:00,weekend,place-ogmnl,Oak Grove,Orange Line,58.0,3496.9,4070.8,2045.5,360
2026-01-25 10:00:00,weekend,place-pktrm,Park Street,"Green Line, Red Line",99.0,8842.8,9190.0,7973.2,361
2026-01-25 10:00:00,weekend,place-portr,Porter,Red Line,148.0,4190.9,4505.7,3402.5,361
2026-01-25 10:00:00,weekend,place-prmnl,Prudential,Green Line,38.0,2182.0,2137.6,2292.7,353
2026-01-25 10:00:00,weekend,place-qamnl,Quincy Adams,Red Line,19.0,1560.4,1835.5,867.2,359
2026-01-25 10:00:00,weekend,place-qnctr,Quincy Center,Red Line,83.0,3374.7,3868.8,2094.1,352
2026-01-25 10:00:00,weekend,place-river,Riverside,Green Line,8.0,899.9,901.1,896.9,360
2026-01-25 10:00:00,weekend,place-rcmnl,Roxbury Crossing,Orange Line,88.0,2916.6,3388.0,1712.4,359
2026-01-25 10:00:00,weekend,place-rugg,Ruggles,Orange Line,90.0,5463.2,6671.9,2435.5,361
2026-01-25 10:00:00,weekend,place-shmnl,Savin Hill,Red Line,32.0,1248.0,1417.1,824.3,361
2026-01-25 10:00:00,weekend,place-spmnl,Science Park,Green Line,6.0,733.3,762.6,660.0,361
2026-01-25 10:00:00,weekend,place-smmnl,Shawmut,Red Line,24.0,1085.6,1267.3,630.5,361
2026-01-25 10:00:00,weekend,place-sstat,South Station,"Red Line, Silver Line",158.0,11868.8,13721.2,7126.5,356
2026-01-25 10:00:00,weekend,place-state,State Street,"Blue Line, Orange Line",64.0,7246.9,8717.0,3578.8,360
2026-01-25 10:00:00,weekend,place-sbmnl,Stony Brook,Orange Line,78.0,1897.8,2150.5,1257.4,357
2026-01-25 10:00:00,weekend,place-sull,Sullivan Square,Orange Line,78.0,3949.4,4501.9,2538.3,359
2026-01-25 10:00:00,weekend,place-symcl,Symphony,Green Line,21.0,946.3,920.8,1010.2,327
2026-01-25 10:00:00,weekend,place-tumnl,Tufts Medical Center,Orange Line,94.0,3777.8,4535.5,1880.0,361
2026-01-25 10:00:00,weekend,place-unsqu,Union Square,Green Line,4.52,135.3,144.6,111.3,347
2026-01-25 10:00:00,weekend,place-welln,Wellington,Orange Line,89.0,3899.1,4551.5,2215.9,358
2026-01-25 10:00:00,weekend,place-wlsta,Wollaston,Red Line,43.0,1734.5,2020.8,1017.4,361
2026-01-25 10:00:00,weekend,place-wtcst,World Trade Center,Silver Line,24.0,1200.2,1316.5,909.0,361
2026-01-25 11:00:00,weekend,place-alfcl,Alewife,Red Line,122.0,5780.6,6616.4,3687.0,361
2026-01-25 11:00:00,weekend,place-andrw,Andrew,Red Line,88.0,3255.3,3702.9,2134.3,361
2026-01-25 11:00:00,weekend,place-aqucl,Aquarium,Blue Line,4.0,3333.0,3432.4,3084.2,361
2026-01-25 11:00:00,weekend,place-armnl,Arlington,Green Line,124.0,3907.7,3974.4,3739.3,349
2026-01-25 11:00:00,weekend,place-asmnl,Ashmont,Red Line,79.0,3756.3,4380.3,2193.5,361
2026-01-25 11:00:00,weekend,place-astao,Assembly,Orange Line,73.0,2967.9,3119.5,2588.3,361
2026-01-25 11:00:00,weekend,place-bbsta,Back Bay,Orange Line,203.0,10028.9,11471.0,6270.6,357
2026-01-25 11:00:00,weekend,place-bomnl,Bowdoin,Blue Line,3.0,1406.3,1701.8,666.0,361
2026-01-25 11:00:00,weekend,place-boyls,Boylston,Green Line,124.0,3859.1,3732.2,4181.6,347
2026-01-25 11:00:00,weekend,place-brntn,Braintree,Red Line,43.0,2316.0,2671.8,1416.0,360
2026-01-25 11:00:00,weekend,place-brdwy,Broadway,Red Line,118.0,3513.1,3928.7,2393.2,351
2026-01-25 11:00:00,weekend,place-cntsq,Central,Red Line,355.0,8250.8,8876.6,6683.3,361
2026-01-25 11:00:00,weekend,place-chmnl,Charles/MGH,Red Line,81.0,5543.2,6654.1,2760.4,361
2026-01-25 11:00:00,weekend,place-chncl,Chinatown,Orange Line,78.0,3955.4,4305.4,3078.5,361
2026-01-25 11:00:00,weekend,place-ccmnl,Community College,Orange Line,23.0,2457.6,3023.7,1039.7,361
2026-01-25 11:00:00,weekend,place-coecl,Copley,Green Line,199.0,7980.6,7980.3,7981.3,350
2026-01-25 11:00:00,weekend,place-crtst,Courthouse,Silver Line,48.0,2253.6,2567.2,1468.3,361
2026-01-25 11:00:00,weekend,place-davis,Davis,Red Line,124.0,4866.6,5296.7,3789.1,361
2026-01-25 11:00:00,weekend,place-dwnxg,Downtown Crossing,"Orange Line, Red Line",226.0,10888.3,12269.6,7428.3,361
2026-01-25 11:00:00,weekend,place-fldcr,Fields Corner,Red Line,57.0,2377.4,2697.5,1575.7,361
2026-01-25 11:00:00,weekend,place-forhl,Forest Hills,Orange Line,138.0,6328.0,7469.5,3468.6,361
2026-01-25 11:00:00,weekend,place-gilmn,Gilman Square,Green Line,0.84,264.1,286.5,207.2,351
2026-01-25 11:00:00,weekend,place-gover,Government Center,"Blue Line, Green Line",45.0,4821.1,5170.1,3947.0,361
2026-01-25 11:00:00,weekend,place-grnst,Green Street,Orange Line,45.0,1799.9,2077.1,1101.4,359
2026-01-25 11:00:00,weekend,place-harsq,Harvard,Red Line,234.0,10860.0,11361.2,9604.7,361
2026-01-25 11:00:00,weekend,place-haecl,Haymarket,"Green Line, Orange Line",281.0,6453.5,6748.3,5715.2,361
2026-01-25 11:00:00,weekend,place-hymnl,Hynes Convention Center,Green Line,170.0,5288.6,5220.1,5460.7,355
2026-01-25 11:00:00,weekend,place-jfk,JFK/UMass,Red Line,71.0,4084.5,4808.4,2173.9,353
2026-01-25 11:00:00,weekend,place-jaksn,Jackson Square,Orange Line,72.0,2846.1,3326.1,1631.9,360
2026-01-25 11:00:00,weekend,place-knncl,Kendall/MIT,Red Line,171.0,8412.3,9925.9,4498.5,355
2026-01-25 11:00:00,weekend,place-kencl,Kenmore,Green Line,57.0,4439.8,4535.1,4203.1,352
2026-01-25 11:00:00,weekend,place-lech,Lechmere,Green Line,1.43,245.6,265.3,196.0,359
2026-01-25 11:00:00,weekend,place-mlmnl,Malden Center,Orange Line,103.0,5719.4,6595.3,3525.2,361
2026-01-25 11:00:00,weekend,place-masta,Massachusetts Avenue,Orange Line,75.0,3184.2,3658.5,1996.0,361
2026-01-25 11:00:00,weekend,place-matt,Mattapan Line,Mattapan Line,49.53,2785.5,3271.4,1568.2,361
2026-01-25 11:00:00,weekend,place-mvbcl,Maverick,Blue Line,2.0,7320.1,8106.1,5351.5,361
2026-01-25 11:00:00,weekend,place-mdftf,Medford/Tufts,Green Line,1.43,181.5,203.0,127.3,349
2026-01-25 11:00:00,weekend,place-nqncy,North Quincy,Red Line,41.0,2886.8,3386.6,1634.9,361
2026-01-25 11:00:00,weekend,place-north,North Station,"Green Line, Orange Line",238.0,11662.5,13084.0,8031.2,359
2026-01-25 11:00:00,weekend,place-ogmnl,Oak Grove,Orange Line,65.0,3496.9,4070.8,2045.5,360
2026-01-25 11:00:00,weekend,place-pktrm,Park Street,"Green Line, Red Line",202.0,8842.8,9190.0,7973.2,361
2026-01-25 11:00:00,weekend,place-portr,Porter,Red Line,159.0,4190.9,4505.7,3402.5,361
2026-01-25 11:00:00,weekend,place-prmnl,Prudential,Green Line,87.0,2182.0,2137.6,2292.7,353
2026-01-25 11:00:00,weekend,place-qamnl,Quincy Adams,Red Line,30.0,1560.4,1835.5,867.2,359
2026-01-25 11:00:00,weekend,place-qnctr,Quincy Center,Red Line,63.0,3374.7,3868.8,2094.1,352
2026-01-25 11:00:00,weekend,place-river,Riverside,Green Line,16.0,899.9,901.1,896.9,360
2026-01-25 11:00:00,weekend,place-rcmnl,Roxbury Crossing,Orange Line,68.0,2916.6,3388.0,1712.4,359
2026-01-25 11:00:00,weekend,place-rugg,Ruggles,Orange Line,90.0,5463.2,6671.9,2435.5,361
2026-01-25 11:00:00,weekend,place-shmnl,Savin Hill,Red Line,41.0,1248.0,1417.1,824.3,361
2026-01-25 11:00:00,weekend,place-spmnl,Science Park,Green Line,15.0,733.3,762.6,660.0,361
2026-01-25 11:00:00,weekend,place-smmnl,Shawmut,Red Line,15.0,1085.6,1267.3,630.5,361
2026-01-25 11:00:00,weekend,place-sstat,South Station,"Red Line, Silver Line",203.0,11868.8,13721.2,7126.5,356
2026-01-25 11:00:00,weekend,place-state,State Street,"Blue Line, Orange Line",80.0,7246.9,8717.0,3578.8,360
2026-01-25 11:00:00,weekend,place-sbmnl,Stony Brook,Orange Line,62.0,1897.8,2150.5,1257.4,357
2026-01-25 11:00:00,weekend,place-sull,Sullivan Square,Orange Line,64.0,3949.4,4501.9,2538.3,359
2026-01-25 11:00:00,weekend,place-symcl,Symphony,Green Line,26.0,946.3,920.8,1010.2,327
2026-01-25 11:00:00,weekend,place-tumnl,Tufts Medical Center,Orange Line,96.0,3777.8,4535.5,1880.0,361
2026-01-25 11:00:00,weekend,place-welln,Wellington,Orange Line,78.0,3899.1,4551.5,2215.9,358
2026-01-25 11:00:00,weekend,place-wlsta,Wollaston,Red Line,33.0,1734.5,2020.8,1017.4,361
2026-01-25 11:00:00,weekend,place-wtcst,World Trade Center,Silver Line,32.0,1200.2,1316.5,909.0,361
2026-01-25 12:00:00,weekend,place-alfcl,Alewife,Red Line,97.0,5780.6,6616.4,3687.0,361
2026-01-25 12:00:00,weekend,place-andrw,Andrew,Red Line,71.0,3255.3,3702.9,2134.3,361
2026-01-25 12:00:00,weekend,place-aqucl,Aquarium,Blue Line,5.0,3333.0,3432.4,3084.2,361
2026-01-25 12:00:00,weekend,place-armnl,Arlington,Green Line,143.0,3907.7,3974.4,3739.3,349
2026-01-25 12:00:00,weekend,place-asmnl,Ashmont,Red Line,85.0,3756.3,4380.3,2193.5,361
2026-01-25 12:00:00,weekend,place-astao,Assembly,Orange Line,78.0,2967.9,3119.5,2588.3,361
2026-01-25 12:00:00,weekend,place-bbsta,Back Bay,Orange Line,260.0,10028.9,11471.0,6270.6,357
2026-01-25 12:00:00,weekend,place-balsq,Ball Square,Green Line,1.43,139.3,150.9,109.9,350
2026-01-25 12:00:00,weekend,place-bomnl,Bowdoin,Blue Line,2.0,1406.3,1701.8,666.0,361
2026-01-25 12:00:00,weekend,place-boyls,Boylston,Green Line,104.0,3859.1,3732.2,4181.6,347
2026-01-25 12:00:00,weekend,place-brntn,Braintree,Red Line,51.0,2316.0,2671.8,1416.0,360
2026-01-25 12:00:00,weekend,place-brdwy,Broadway,Red Line,113.0,3513.1,3928.7,2393.2,351
2026-01-25 12:00:00,weekend,place-cntsq,Central,Red Line,335.0,8250.8,8876.6,6683.3,361
2026-01-25 12:00:00,weekend,place-chmnl,Charles/MGH,Red Line,87.0,5543.2,6654.1,2760.4,361
2026-01-25 12:00:00,weekend,place-chncl,Chinatown,Orange Line,112.0,3955.4,4305.4,3078.5,361
2026-01-25 12:00:00,weekend,place-ccmnl,Community College,Orange Line,61.0,2457.6,3023.7,1039.7,361
2026-01-25 12:00:00,weekend,place-coecl,Copley,Green Line,229.0,7980.6,7980.3,7981.3,350
2026-01-25 12:00:00,weekend,place-crtst,Courthouse,Silver Line,52.0,2253.6,2567.2,1468.3,361
2026-01-25 12:00:00,weekend,place-davis,Davis,Red Line,122.0,4866.6,5296.7,3789.1,361
2026-01-25 12:00:00,weekend,place-dwnxg,Downtown Crossing,"Orange Line, Red Line",245.0,10888.3,12269.6,7428.3,361
2026-01-25 12:00:00,weekend,place-esomr,East Somerville,Green Line,1.67,70.5,75.8,56.8,350
2026-01-25 12:00:00,weekend,place-fldcr,Fields Corner,Red Line,40.0,2377.4,2697.5,1575.7,361
2026-01-25 12:00:00,weekend,place-forhl,Forest Hills,Orange Line,100.0,6328.0,7469.5,3468.6,361
2026-01-25 12:00:00,weekend,place-gilmn,Gilman Square,Green Line,0.84,264.1,286.5,207.2,351
2026-01-25 12:00:00,weekend,place-gover,Government Center,"Blue Line, Green Line",85.0,4821.1,5170.1,3947.0,361
2026-01-25 12:00:00,weekend,place-grnst,Green Street,Orange Line,37.0,1799.9,2077.1,1101.4,359
2026-01-25 12:00:00,weekend,place-harsq,Harvard,Red Line,315.0,10860.0,11361.2,9604.7,361
2026-01-25 12:00:00,weekend,place-haecl,Haymarket,"Green Line, Orange Line",261.0,6453.5,6748.3,5715.2,361
2026-01-25 12:00:00,weekend,place-hymnl,Hynes Convention Center,Green Line,188.0,5288.6,5220.1,5460.7,355
2026-01-25 12:00:00,weekend,place-jfk,JFK/UMass,Red Line,70.0,4084.5,4808.4,2173.9,353
2026-01-25 12:00:00,weekend,place-jaksn,Jackson Square,Orange Line,52.0,2846.1,3326.1,1631.9,360
2026-01-25 12:00:00,weekend,place-knncl,Kendall/MIT,Red Line,139.0,8412.3,9925.9,4498.5,355
2026-01-25 12:00:00,weekend,place-kencl,Kenmore,Green Line,94.0,4439.8,4535.1,4203.1,352
2026-01-25 12:00:00,weekend,place-lech,Lechmere,Green Line,4.28,245.6,265.3,196.0,359
2026-01-25 12:00:00,weekend,place-mlmnl,Malden Center,Orange Line,68.0,5719.4,6595.3,3525.2,361
2026-01-25 12:00:00,weekend,place-masta,Massachusetts Avenue,Orange Line,82.0,3184.2,3658.5,1996.0,361
2026-01-25 12:00:00,weekend,place-matt,Mattapan Line,Mattapan Line,48.39,2785.5,3271.4,1568.2,361
2026-01-25 12:00:00,weekend,place-mvbcl,Maverick,Blue Line,4.0,7320.1,8106.1,5351.5,361
2026-01-25 12:00:00,weekend,place-nqncy,North Quincy,Red Line,50.0,2886.8,3386.6,1634.9,361
2026-01-25 12:00:00,weekend,place-north,North Station,"Green Line, Orange Line",310.0,11662.5,13084.0,8031.2,359
2026-01-25 12:00:00,weekend,place-ogmnl,Oak Grove,Orange Line,42.0,3496.9,4070.8,2045.5,360
2026-01-25 12:00:00,weekend,place-pktrm,Park Street,"Green Line, Red Line",207.0,8842.8,9190.0,7973.2,361
2026-01-25 12:00:00,weekend,place-portr,Porter,Red Line,153.0,4190.9,4505.7,3402.5,361
2026-01-25 12:00:00,weekend,place-prmnl,Prudential,Green Line,96.0,2182.0,2137.6,2292.7,353
2026-01-25 12:00:00,weekend,place-qamnl,Quincy Adams,Red Line,29.0,1560.4,1835.5,867.2,359
2026-01-25 12:00:00,weekend,place-qnctr,Quincy Center,Red Line,71.0,3374.7,3868.8,2094.1,352
2026-01-25 12:00:00,weekend,place-river,Riverside,Green Line,7.0,899.9,901.1,896.9,360
2026-01-25 12:00:00,weekend,place-rcmnl,Roxbury Crossing,Orange Line,52.0,2916.6,3388.0,1712.4,359
2026-01-25 12:00:00,weekend,place-rugg,Ruggles,Orange Line,92.0,5463.2,6671.9,2435.5,361
2026-01-25 12:00:00,weekend,place-shmnl,Savin Hill,Red Line,27.0,1248.0,1417.1,824.3,361
2026-01-25 12:00:00,weekend,place-spmnl,Science Park,Green Line,32.0,733.3,762.6,660.0,361
2026-01-25 12:00:00,weekend,place-smmnl,Shawmut,Red Line,9.0,1085.6,1267.3,630.5,361
2026-01-25 12:00:00,weekend,place-sstat,South Station,"Red Line, Silver Line",268.0,11868.8,13721.2,7126.5,356
2026-01-25 12:00:00,weekend,place-state,State Street,"Blue Line, Orange Line",83.0,7246.9,8717.0,3578.8,360
2026-01-25 12:00:00,weekend,place-sbmnl,Stony Brook,Orange Line,42.0,1897.8,2150.5,1257.4,357
2026-01-25 12:00:00,weekend,place-sull,Sullivan Square,Orange Line,83.0,3949.4,4501.9,2538.3,359
2026-01-25 12:00:00,weekend,place-symcl,Symphony,Green Line,31.0,946.3,920.8,1010.2,327
2026-01-25 12:00:00,weekend,place-tumnl,Tufts Medical Center,Orange Line,71.0,3777.8,4535.5,1880.0,361
2026-01-25 12:00:00,weekend,place-welln,Wellington,Orange Line,55.0,3899.1,4551.5,2215.9,358
2026-01-25 12:00:00,weekend,place-wlsta,Wollaston,Red Line,24.0,1734.5,2020.8,1017.4,361
2026-01-25 12:00:00,weekend,place-wtcst,World Trade Center,Silver Line,26.0,1200.2,1316.5,909.0,361
2026-01-25 13:00:00,weekend,place-alfcl,Alewife,Red Line,122.0,5780.6,6616.4,3687.0,361
2026-01-25 13:00:00,weekend,place-andrw,Andrew,Red Line,86.0,3255.3,3702.9,2134.3,361
2026-01-25 13:00:00,weekend,place-aqucl,Aquarium,Blue Line,3.0,3333.0,3432.4,3084.2,361
2026-01-25 13:00:00,weekend,place-armnl,Arlington,Green Line,115.0,3907.7,3974.4,3739.3,349
2026-01-25 13:00:00,weekend,place-asmnl,Ashmont,Red Line,78.0,3756.3,4380.3,2193.5,361
2026-01-25 13:00:00,weekend,place-astao,Assembly,Orange Line,71.0,2967.9,3119.5,2588.3,361
2026-01-25 13:00:00,weekend,place-bbsta,Back Bay,Orange Line,211.0,10028.9,11471.0,6270.6,357
2026-01-25 13:00:00,weekend,place-bomnl,Bowdoin,Blue Line,1.0,1406.3,1701.8,666.0,361
2026-01-25 13:00:00,weekend,place-boyls,Boylston,Green Line,81.0,3859.1,3732.2,4181.6,347
2026-01-25 13:00:00,weekend,place-brntn,Braintree,Red Line,40.0,2316.0,2671.8,1416.0,360
2026-01-25 13:00:00,weekend,place-brdwy,Broadway,Red Line,107.0,3513.1,3928.7,2393.2,351
2026-01-25 13:00:00,weekend,place-cntsq,Central,Red Line,289.0,8250.8,8876.6,6683.3,361
2026-01-25 13:00:00,weekend,place-chmnl,Charles/MGH,Red Line,112.0,5543.2,6654.1,2760.4,361
2026-01-25 13:00:00,weekend,place-chncl,Chinatown,Orange Line,96.0,3955.4,4305.4,3078.5,361
2026-01-25 13:00:00,weekend,place-ccmnl,Community College,Orange Line,32.0,2457.6,3023.7,1039.7,361
2026-01-25 13:00:00,weekend,place-coecl,Copley,Green Line,260.0,7980.6,7980.3,7981.3,350
2026-01-25 13:00:00,weekend,place-crtst,Courthouse,Silver Line,73.0,2253.6,2567.2,1468.3,361
2026-01-25 13:00:00,weekend,place-davis,Davis,Red Line,134.0,4866.6,5296.7,3789.1,361
2026-01-25 13:00:00,weekend,place-dwnxg,Downtown Crossing,"Orange Line, Red Line",247.0,10888.3,12269.6,7428.3,361
2026-01-25 13:00:00,weekend,place-fldcr,Fields Corner,Red Line,45.0,2377.4,2697.5,1575.7,361
2026-01-25 13:00:00,weekend,place-forhl,Forest Hills,Orange Line,126.0,6328.0,7469.5,3468.6,361
2026-01-25 13:00:00,weekend,place-gover,Government Center,"Blue Line, Green Line",81.0,4821.1,5170.1,3947.0,361
2026-01-25 13:00:00,weekend,place-grnst,Green Street,Orange Line,32.0,1799.9,2077.1,1101.4,359
2026-01-25 13:00:00,weekend,place-harsq,Harvard,Red Line,310.0,10860.0,11361.2,9604.7,361
2026-01-25 13:00:00,weekend,place-haecl,Haymarket,"Green Line, Orange Line",242.0,6453.5,6748.3,5715.2,361
2026-01-25 13:00:00,weekend,place-hymnl,Hynes Convention Center,Green Line,236.0,5288.6,5220.1,5460.7,355
2026-01-25 13:00:00,weekend,place-jfk,JFK/UMass,Red Line,86.0,4084.5,4808.4,2173.9,353
2026-01-25 13:00:00,weekend,place-jaksn,Jackson Square,Orange Line,55.0,2846.1,3326.1,1631.9,360
2026-01-25 13:00:00,weekend,place-knncl,Kendall/MIT,Red Line,133.0,8412.3,9925.9,4498.5,355
2026-01-25 13:00:00,weekend,place-kencl,Kenmore,Green Line,96.0,4439.8,4535.1,4203.1,352
2026-01-25 13:00:00,weekend,place-lech,Lechmere,Green Line,2.07,245.6,265.3,196.0,359
2026-01-25 13:00:00,weekend,place-mlmnl,Malden Center,Orange Line,67.0,5719.4,6595.3,3525.2,361
2026-01-25 13:00:00,weekend,place-masta,Massachusetts Avenue,Orange Line,79.0,3184.2,3658.5,1996.0,361
2026-01-25 13:00:00,weekend,place-matt,Mattapan Line,Mattapan Line,46.08,2785.5,3271.4,1568.2,361
2026-01-25 13:00:00,weekend,place-mvbcl,Maverick,Blue Line,1.0,7320.1,8106.1,5351.5,361
2026-01-25 13:00:00,weekend,place-mdftf,Medford/Tufts,Green Line,1.43,181.5,203.0,127.3,349
2026-01-25 13:00:00,weekend,place-nqncy,North Quincy,Red Line,56.0,2886.8,3386.6,1634.9,361
2026-01-25 13:00:00,weekend,place-north,North Station,"Green Line, Orange Line",206.0,11662.5,13084.0,8031.2,359
2026-01-25 13:00:00,weekend,place-ogmnl,Oak Grove,Orange Line,39.0,3496.9,4070.8,2045.5,360
2026-01-25 13:00:00,weekend,place-pktrm,Park Street,"Green Line, Red Line",191.0,8842.8,9190.0,7973.2,361
2026-01-25 13:00:00,weekend,place-portr,Porter,Red Line,156.0,4190.9,4505.7,3402.5,361
2026-01-25 13:00:00,weekend,place-prmnl,Prudential,Green Line,154.0,2182.0,2137.6,2292.7,353
2026-01-25 13:00:00,weekend,place-qamnl,Quincy Adams,Red Line,26.0,1560.4,1835.5,867.2,359
2026-01-25 13:00:00,weekend,place-qnctr,Quincy Center,Red Line,68.0,3374.7,3868.8,2094.1,352
2026-01-25 13:00:00,weekend,place-river,Riverside,Green Line,5.0,899.9,901.1,896.9,360
2026-01-25 13:00:00,weekend,place-rcmnl,Roxbury Crossing,Orange Line,55.0,2916.6,3388.0,1712.4,359
2026-01-25 13:00:00,weekend,place-rugg,Ruggles,Orange Line,107.0,5463.2,6671.9,2435.5,361
2026-01-25 13:00:00,weekend,place-shmnl,Savin Hill,Red Line,21.0,1248.0,1417.1,824.3,361
2026-01-25 13:00:00,weekend,place-spmnl,Science Park,Green Line,28.0,733.3,762.6,660.0,361
2026-01-25 13:00:00,weekend,place-smmnl,Shawmut,Red Line,25.0,1085.6,1267.3,630.5,361
2026-01-25 13:00:00,weekend,place-sstat,South Station,"Red Line, Silver Line",237.0,11868.8,13721.2,7126.5,356
2026-01-25 13:00:00,weekend,place-state,State Street,"Blue Line, Orange Line",74.0,7246.9,8717.0,3578.8,360
2026-01-25 13:00:00,weekend,place-sbmnl,Stony Brook,Orange Line,32.0,1897.8,2150.5,1257.4,357
2026-01-25 13:00:00,weekend,place-sull,Sullivan Square,Orange Line,64.0,3949.4,4501.9,2538.3,359
2026-01-25 13:00:00,weekend,place-symcl,Symphony,Green Line,30.0,946.3,920.8,1010.2,327
2026-01-25 13:00:00,weekend,place-tumnl,Tufts Medical Center,Orange Line,67.0,3777.8,4535.5,1880.0,361
2026-01-25 13:00:00,weekend,place-welln,Wellington,Orange Line,54.0,3899.1,4551.5,2215.9,358
2026-01-25 13:00:00,weekend,place-wlsta,Wollaston,Red Line,36.0,1734.5,2020.8,1017.4,361
2026-01-25 13:00:00,weekend,place-wtcst,World Trade Center,Silver Line,17.0,1200.2,1316.5,909.0,361
2026-01-25 14:00:00,weekend,place-alfcl,Alewife,Red Line,92.0,5780.6,6616.4,3687.0,361
2026-01-25 14:00:00,weekend,place-andrw,Andrew,Red Line,81.0,3255.3,3702.9,2134.3,361
2026-01-25 14:00:00,weekend,place-aqucl,Aquarium,Blue Line,5.0,3333.0,3432.4,3084.2,361
2026-01-25 14:00:00,weekend,place-armnl,Arlington,Green Line,155.0,3907.7,3974.4,3739.3,349
2026-01-25 14:00:00,weekend,place-asmnl,Ashmont,Red Line,60.0,3756.3,4380.3,2193.5,361
2026-01-25 14:00:00,weekend,place-astao,Assembly,Orange Line,96.0,2967.9,3119.5,2588.3,361
2026-01-25 14:00:00,weekend,place-bbsta,Back Bay,Orange Line,278.0,10028.9,11471.0,6270.6,357
2026-01-25 14:00:00,weekend,place-balsq,Ball Square,Green Line,5.86,139.3,150.9,109.9,350
2026-01-25 14:00:00,weekend,place-bomnl,Bowdoin,Blue Line,2.0,1406.3,1701.8,666.0,361
2026-01-25 14:00:00,weekend,place-boyls,Boylston,Green Line,92.0,3859.1,3732.2,4181.6,347
2026-01-25 14:00:00,weekend,place-brntn,Braintree,Red Line,19.0,2316.0,2671.8,1416.0,360
2026-01-25 14:00:00,weekend,place-brdwy,Broadway,Red Line,110.0,3513.1,3928.7,2393.2,351
2026-01-25 14:00:00,weekend,place-cntsq,Central,Red Line,288.0,8250.8,8876.6,6683.3,361
2026-01-25 14:00:00,weekend,place-chmnl,Charles/MGH,Red Line,126.0,5543.2,6654.1,2760.4,361
2026-01-25 14:00:00,weekend,place-chncl,Chinatown,Orange Line,126.0,3955.4,4305.4,3078.5,361
2026-01-25 14:00:00,weekend,place-ccmnl,Community College,Orange Line,48.0,2457.6,3023.7,1039.7,361
2026-01-25 14:00:00,weekend,place-coecl,Copley,Green Line,229.0,7980.6,7980.3,7981.3,350
2026-01-25 14:00:00,weekend,place-crtst,Courthouse,Silver Line,79.0,2253.6,2567.2,1468.3,361
2026-01-25 14:00:00,weekend,place-davis,Davis,Red Line,129.0,4866.6,5296.7,3789.1,361
2026-01-25 14:00:00,weekend,place-dwnxg,Downtown Crossing,"Orange Line, Red Line",297.0,10888.3,12269.6,7428.3,361
2026-01-25 14:00:00,weekend,place-fldcr,Fields Corner,Red Line,42.0,2377.4,2697.5,1575.7,361
2026-01-25 14:00:00,weekend,place-forhl,Forest Hills,Orange Line,90.0,6328.0,7469.5,3468.6,361
2026-01-25 14:00:00,weekend,place-gilmn,Gilman Square,Green Line,1.43,264.1,286.5,207.2,351
2026-01-25 14:00:00,weekend,place-gover,Government Center,"Blue Line, Green Line",94.0,4821.1,5170.1,3947.0,361
2026-01-25 14:00:00,weekend,place-grnst,Green Street,Orange Line,26.0,1799.9,2077.1,1101.4,359
2026-01-25 14:00:00,weekend,place-harsq,Harvard,Red Line,274.0,10860.0,11361.2,9604.7,361
2026-01-25 14:00:00,weekend,place-haecl,Haymarket,"Green Line, Orange Line",312.0,6453.5,6748.3,5715.2,361
2026-01-25 14:00:00,weekend,place-hymnl,Hynes Convention Center,Green Line,197.0,5288.6,5220.1,5460.7,355
2026-01-25 14:00:00,weekend,place-jfk,JFK/UMass,Red Line,68.0,4084.5,4808.4,2173.9,353
2026-01-25 14:00:00,weekend,place-jaksn,Jackson Square,Orange Line,51.0,2846.1,3326.1,1631.9,360
2026-01-25 14:00:00,weekend,place-knncl,Kendall/MIT,Red Line,162.0,8412.3,9925.9,4498.5,355
2026-01-25 14:00:00,weekend,place-kencl,Kenmore,Green Line,92.0,4439.8,4535.1,4203.1,352
2026-01-25 14:00:00,weekend,place-mgngl,Magoun Square,Green Line,4.14,128.3,138.1,103.5,349
2026-01-25 14:00:00,weekend,place-mlmnl,Malden Center,Orange Line,84.0,5719.4,6595.3,3525.2,361
2026-01-25 14:00:00,weekend,place-masta,Massachusetts Avenue,Orange Line,69.0,3184.2,3658.5,1996.0,361
2026-01-25 14:00:00,weekend,place-matt,Mattapan Line,Mattapan Line,34.56,2785.5,3271.4,1568.2,361
2026-01-25 14:00:00,weekend,place-mvbcl,Maverick,Blue Line,1.0,7320.1,8106.1,5351.5,361
2026-01-25 14:00:00,weekend,place-mdftf,Medford/Tufts,Green Line,1.43,181.5,203.0,127.3,349
2026-01-25 14:00:00,weekend,place-nqncy,North Quincy,Red Line,48.0,2886.8,3386.6,1634.9,361
2026-01-25 14:00:00,weekend,place-north,North Station,"Green Line, Orange Line",329.0,11662.5,13084.0,8031.2,359
2026-01-25 14:00:00,weekend,place-ogmnl,Oak Grove,Orange Line,36.0,3496.9,4070.8,2045.5,360
2026-01-25 14:00:00,weekend,place-pktrm,Park Street,"Green Line, Red Line",200.0,8842.8,9190.0,7973.2,361
2026-01-25 14:00:00,weekend,place-portr,Porter,Red Line,146.0,4190.9,4505.7,3402.5,361
2026-01-25 14:00:00,weekend,place-prmnl,Prudential,Green Line,158.0,2182.0,2137.6,2292.7,353
2026-01-25 14:00:00,weekend,place-qamnl,Quincy Adams,Red Line,16.0,1560.4,1835.5,867.2,359
2026-01-25 14:00:00,weekend,place-qnctr,Quincy Center,Red Line,55.0,3374.7,3868.8,2094.1,352
2026-01-25 14:00:00,weekend,place-river,Riverside,Green Line,7.0,899.9,901.1,896.9,360
2026-01-25 14:00:00,weekend,place-rcmnl,Roxbury Crossing,Orange Line,72.0,2916.6,3388.0,1712.4,359
2026-01-25 14:00:00,weekend,place-rugg,Ruggles,Orange Line,95.0,5463.2,6671.9,2435.5,361
2026-01-25 14:00:00,weekend,place-shmnl,Savin Hill,Red Line,31.0,1248.0,1417.1,824.3,361
2026-01-25 14:00:00,weekend,place-spmnl,Science Park,Green Line,18.0,733.3,762.6,660.0,361
2026-01-25 14:00:00,weekend,place-smmnl,Shawmut,Red Line,19.0,1085.6,1267.3,630.5,361
2026-01-25 14:00:00,weekend,place-sstat,South Station,"Red Line, Silver Line",152.0,11868.8,13721.2,7126.5,356
2026-01-25 14:00:00,weekend,place-state,State Street,"Blue Line, Orange Line",88.0,7246.9,8717.0,3578.8,360
2026-01-25 14:00:00,weekend,place-sbmnl,Stony Brook,Orange Line,38.0,1897.8,2150.5,1257.4,357
2026-01-25 14:00:00,weekend,place-sull,Sullivan Square,Orange Line,82.0,3949.4,4501.9,2538.3,359
2026-01-25 14:00:00,weekend,place-symcl,Symphony,Green Line,21.0,946.3,920.8,1010.2,327
2026-01-25 14:00:00,weekend,place-tumnl,Tufts Medical Center,Orange Line,101.0,3777.8,4535.5,1880.0,361
2026-01-25 14:00:00,weekend,place-welln,Wellington,Orange Line,48.0,3899.1,4551.5,2215.9,358
2026-01-25 14:00:00,weekend,place-wlsta,Wollaston,Red Line,35.0,1734.5,2020.8,1017.4,361
2026-01-25 14:00:00,weekend,place-wtcst,World Trade Center,Silver Line,36.0,1200.2,1316.5,909.0,361
2026-01-25 15:00:00,weekend,place-aport,Airport,Blue Line,15.0,6078.3,6569.2,4836.4,360
2026-01-25 15:00:00,weekend,place-alfcl,Alewife,Red Line,55.0,5780.6,6616.4,3687.0,361
2026-01-25 15:00:00,weekend,place-andrw,Andrew,Red Line,69.0,3255.3,3702.9,2134.3,361
2026-01-25 15:00:00,weekend,place-aqucl,Aquarium,Blue Line,5.0,3333.0,3432.4,3084.2,361
2026-01-25 15:00:00,weekend,place-armnl,Arlington,Green Line,115.0,3907.7,3974.4,3739.3,349
2026-01-25 15:00:00,weekend,place-asmnl,Ashmont,Red Line,64.0,3756.3,4380.3,2193.5,361
2026-01-25 15:00:00,weekend,place-astao,Assembly,Orange Line,66.0,2967.9,3119.5,2588.3,361
2026-01-25 15:00:00,weekend,place-bbsta,Back Bay,Orange Line,233.0,10028.9,11471.0,6270.6,357
2026-01-25 15:00:00,weekend,place-boyls,Boylston,Green Line,333.0,3859.1,3732.2,4181.6,347
2026-01-25 15:00:00,weekend,place-brntn,Braintree,Red Line,20.0,2316.0,2671.8,1416.0,360
2026-01-25 15:00:00,weekend,place-brdwy,Broadway,Red Line,82.0,3513.1,3928.7,2393.2,351
2026-01-25 15:00:00,weekend,place-cntsq,Central,Red Line,204.0,8250.8,8876.6,6683.3,361
2026-01-25 15:00:00,weekend,place-chmnl,Charles/MGH,Red Line,132.0,5543.2,6654.1,2760.4,361
2026-01-25 15:00:00,weekend,place-chncl,Chinatown,Orange Line,137.0,3955.4,4305.4,3078.5,361
2026-01-25 15:00:00,weekend,place-ccmnl,Community College,Orange Line,38.0,2457.6,3023.7,1039.7,361
2026-01-25 15:00:00,weekend,place-coecl,Copley,Green Line,224.0,7980.6,7980.3,7981.3,350
2026-01-25 15:00:00,weekend,place-crtst,Courthouse,Silver Line,73.0,2253.6,2567.2,1468.3,361
2026-01-25 15:00:00,weekend,place-davis,Davis,Red Line,64.0,4866.6,5296.7,3789.1,361
2026-01-25 15:00:00,weekend,place-dwnxg,Downtown Crossing,"Orange Line, Red Line",236.0,10888.3,12269.6,7428.3,361
2026-01-25 15:00:00,weekend,place-esomr,East Somerville,Green Line,2.07,70.5,75.8,56.8,350
2026-01-25 15:00:00,weekend,place-fldcr,Fields Corner,Red Line,30.0,2377.4,2697.5,1575.7,361
2026-01-25 15:00:00,weekend,place-forhl,Forest Hills,Orange Line,85.0,6328.0,7469.5,3468.6,361
2026-01-25 15:00:00,weekend,place-gilmn,Gilman Square,Green Line,0.84,264.1,286.5,207.2,351
2026-01-25 15:00:00,weekend,place-gover,Government Center,"Blue Line, Green Line",72.0,4821.1,5170.1,3947.0,361
2026-01-25 15:00:00,weekend,place-grnst,Green Street,Orange Line,23.0,1799.9,2077.1,1101.4,359
2026-01-25 15:00:00,weekend,place-harsq,Harvard,Red Line,246.0,10860.0,11361.2,9604.7,361
2026-01-25 15:00:00,weekend,place-haecl,Haymarket,"Green Line, Orange Line",218.0,6453.5,6748.3,5715.2,361
2026-01-25 15:00:00,weekend,place-hymnl,Hynes Convention Center,Green Line,138.0,5288.6,5220.1,5460.7,355
2026-01-25 15:00:00,weekend,place-jfk,JFK/UMass,Red Line,41.0,4084.5,4808.4,2173.9,353
2026-01-25 15:00:00,weekend,place-jaksn,Jackson Square,Orange Line,38.0,2846.1,3326.1,1631.9,360
2026-01-25 15:00:00,weekend,place-knncl,Kendall/MIT,Red Line,137.0,8412.3,9925.9,4498.5,355
2026-01-25 15:00:00,weekend,place-kencl,Kenmore,Green Line,79.0,4439.8,4535.1,4203.1,352
2026-01-25 15:00:00,weekend,place-mlmnl,Malden Center,Orange Line,77.0,5719.4,6595.3,3525.2,361
2026-01-25 15:00:00,weekend,place-masta,Massachusetts Avenue,Orange Line,72.0,3184.2,3658.5,1996.0,361
2026-01-25 15:00:00,weekend,place-matt,Mattapan Line,Mattapan Line,36.86,2785.5,3271.4,1568.2,361
2026-01-25 15:00:00,weekend,place-nqncy,North Quincy,Red Line,20.0,2886.8,3386.6,1634.9,361
2026-01-25 15:00:00,weekend,place-north,North Station,"Green Line, Orange Line",222.0,11662.5,13084.0,8031.2,359
2026-01-25 15:00:00,weekend,place-ogmnl,Oak Grove,Orange Line,23.0,3496.9,4070.8,2045.5,360
2026-01-25 15:00:00,weekend,place-pktrm,Park Street,"Green Line, Red Line",213.0,8842.8,9190.0,7973.2,361
2026-01-25 15:00:00,weekend,place-portr,Porter,Red Line,91.0,4190.9,4505.7,3402.5,361
2026-01-25 15:00:00,weekend,place-prmnl,Prudential,Green Line,101.0,2182.0,2137.6,2292.7,353
2026-01-25 15:00:00,weekend,place-qamnl,Quincy Adams,Red Line,15.0,1560.4,1835.5,867.2,359
2026-01-25 15:00:00,weekend,place-qnctr,Quincy Center,Red Line,47.0,3374.7,3868.8,2094.1,352
2026-01-25 15:00:00,weekend,place-river,Riverside,Green Line,4.0,899.9,901.1,896.9,360
2026-01-25 15:00:00,weekend,place-rcmnl,Roxbury Crossing,Orange Line,55.0,2916.6,3388.0,1712.4,359
2026-01-25 15:00:00,weekend,place-rugg,Ruggles,Orange Line,73.0,5463.2,6671.9,2435.5,361
2026-01-25 15:00:00,weekend,place-shmnl,Savin Hill,Red Line,11.0,1248.0,1417.1,824.3,361
2026-01-25 15:00:00,weekend,place-spmnl,Science Park,Green Line,8.0,733.3,762.6,660.0,361
2026-01-25 15:00:00,weekend,place-smmnl,Shawmut,Red Line,9.0,1085.6,1267.3,630.5,361
2026-01-25 15:00:00,weekend,place-sstat,South Station,"Red Line, Silver Line",173.0,11868.8,13721.2,7126.5,356
2026-01-25 15:00:00,weekend,place-state,State Street,"Blue Line, Orange Line",68.0,7246.9,8717.0,3578.8,360
2026-01-25 15:00:00,weekend,place-sbmnl,Stony Brook,Orange Line,22.0,1897.8,2150.5,1257.4,357
2026-01-25 15:00:00,weekend,place-sull,Sullivan Square,Orange Line,76.0,3949.4,4501.9,2538.3,359
2026-01-25 15:00:00,weekend,place-symcl,Symphony,Green Line,28.0,946.3,920.8,1010.2,327
2026-01-25 15:00:00,weekend,place-tumnl,Tufts Medical Center,Orange Line,214.0,3777.8,4535.5,1880.0,361
2026-01-25 15:00:00,weekend,place-welln,Wellington,Orange Line,48.0,3899.1,4551.5,2215.9,358
2026-01-25 15:00:00,weekend,place-wlsta,Wollaston,Red Line,15.0,1734.5,2020.8,1017.4,361
2026-01-25 15:00:00,weekend,place-wimnl,Wood Island,Blue Line,1.0,1318.7,1467.7,932.0,356
2026-01-25 15:00:00,weekend,place-wtcst,World Trade Center,Silver Line,35.0,1200.2,1316.5,909.0,361
2026-01-25 16:00:00,weekend,place-aport,Airport,Blue Line,7.0,6078.3,6569.2,4836.4,360
2026-01-25 16:00:00,weekend,place-alfcl,Alewife,Red Line,54.0,5780.6,6616.4,3687.0,361
2026-01-25 16:00:00,weekend,place-andrw,Andrew,Red Line,55.0,3255.3,3702.9,2134.3,361
2026-01-25 16:00:00,weekend,place-aqucl,Aquarium,Blue Line,4.0,3333.0,3432.4,3084.2,361
2026-01-25 16:00:00,weekend,place-armnl,Arlington,Green Line,91.0,3907.7,3974.4,3739.3,349
2026-01-25 16:00:00,weekend,place-asmnl,Ashmont,Red Line,44.0,3756.3,4380.3,2193.5,361
2026-01-25 16:00:00,weekend,place-astao,Assembly,Orange Line,46.0,2967.9,3119.5,2588.3,361
2026-01-25 16:00:00,weekend,place-bbsta,Back Bay,Orange Line,214.0,10028.9,11471.0,6270.6,357
2026-01-25 16:00:00,weekend,place-bomnl,Bowdoin,Blue Line,1.0,1406.3,1701.8,666.0,361
2026-01-25 16:00:00,weekend,place-boyls,Boylston,Green Line,107.0,3859.1,3732.2,4181.6,347
2026-01-25 16:00:00,weekend,place-brntn,Braintree,Red Line,16.0,2316.0,2671.8,1416.0,360
2026-01-25 16:00:00,weekend,place-brdwy,Broadway,Red Line,67.0,3513.1,3928.7,2393.2,351
2026-01-25 16:00:00,weekend,place-cntsq,Central,Red Line,144.0,8250.8,8876.6,6683.3,361
2026-01-25 16:00:00,weekend,place-chmnl,Charles/MGH,Red Line,86.0,5543.2,6654.1,2760.4,361
2026-01-25 16:00:00,weekend,place-chncl,Chinatown,Orange Line,92.0,3955.4,4305.4,3078.5,361
2026-01-25 16:00:00,weekend,place-ccmnl,Community College,Orange Line,22.0,2457.6,3023.7,1039.7,361
2026-01-25 16:00:00,weekend,place-coecl,Copley,Green Line,136.0,7980.6,7980.3,7981.3,350
2026-01-25 16:00:00,weekend,place-crtst,Courthouse,Silver Line,28.0,2253.6,2567.2,1468.3,361
2026-01-25 16:00:00,weekend,place-davis,Davis,Red Line,75.0,4866.6,5296.7,3789.1,361
2026-01-25 16:00:00,weekend,place-dwnxg,Downtown Crossing,"Orange Line, Red Line",159.0,10888.3,12269.6,7428.3,361
2026-01-25 16:00:00,weekend,place-fldcr,Fields Corner,Red Line,23.0,2377.4,2697.5,1575.7,361
2026-01-25 16:00:00,weekend,place-forhl,Forest Hills,Orange Line,61.0,6328.0,7469.5,3468.6,361
2026-01-25 16:00:00,weekend,place-gilmn,Gilman Square,Green Line,2.07,264.1,286.5,207.2,351
2026-01-25 16:00:00,weekend,place-gover,Government Center,"Blue Line, Green Line",79.0,4821.1,5170.1,3947.0,361
2026-01-25 16:00:00,weekend,place-grnst,Green Street,Orange Line,21.0,1799.9,2077.1,1101.4,359
2026-01-25 16:00:00,weekend,place-harsq,Harvard,Red Line,169.0,10860.0,11361.2,9604.7,361
2026-01-25 16:00:00,weekend,place-haecl,Haymarket,"Green Line, Orange Line",121.0,6453.5,6748.3,5715.2,361
2026-01-25 16:00:00,weekend,place-hymnl,Hynes Convention Center,Green Line,105.0,5288.6,5220.1,5460.7,355
2026-01-25 16:00:00,weekend,place-jfk,JFK/UMass,Red Line,33.0,4084.5,4808.4,2173.9,353
2026-01-25 16:00:00,weekend,place-jaksn,Jackson Square,Orange Line,30.0,2846.1,3326.1,1631.9,360
2026-01-25 16:00:00,weekend,place-knncl,Kendall/MIT,Red Line,80.0,8412.3,9925.9,4498.5,355
2026-01-25 16:00:00,weekend,place-kencl,Kenmore,Green Line,79.0,4439.8,4535.1,4203.1,352
2026-01-25 16:00:00,weekend,place-mlmnl,Malden Center,Orange Line,34.0,5719.4,6595.3,3525.2,361
2026-01-25 16:00:00,weekend,place-masta,Massachusetts Avenue,Orange Line,50.0,3184.2,3658.5,1996.0,361
2026-01-25 16:00:00,weekend,place-matt,Mattapan Line,Mattapan Line,35.71,2785.5,3271.4,1568.2,361
2026-01-25 16:00:00,weekend,place-mvbcl,Maverick,Blue Line,2.0,7320.1,8106.1,5351.5,361
2026-01-25 16:00:00,weekend,place-nqncy,North Quincy,Red Line,24.0,2886.8,3386.6,1634.9,361
2026-01-25 16:00:00,weekend,place-north,North Station,"Green Line, Orange Line",187.0,11662.5,13084.0,8031.2,359
2026-01-25 16:00:00,weekend,place-ogmnl,Oak Grove,Orange Line,20.0,3496.9,4070.8,2045.5,360
2026-01-25 16:00:00,weekend,place-pktrm,Park Street,"Green Line, Red Line",155.0,8842.8,9190.0,7973.2,361
2026-01-25 16:00:00,weekend,place-portr,Porter,Red Line,70.0,4190.9,4505.7,3402.5,361
2026-01-25 16:00:00,weekend,place-prmnl,Prudential,Green Line,91.0,2182.0,2137.6,2292.7,353
2026-01-25 16:00:00,weekend,place-qamnl,Quincy Adams,Red Line,7.0,1560.4,1835.5,867.2,359
2026-01-25 16:00:00,weekend,place-qnctr,Quincy Center,Red Line,37.0,3374.7,3868.8,2094.1,352
2026-01-25 16:00:00,weekend,place-river,Riverside,Green Line,7.0,899.9,901.1,896.9,360
2026-01-25 16:00:00,weekend,place-rcmnl,Roxbury Crossing,Orange Line,42.0,2916.6,3388.0,1712.4,359
2026-01-25 16:00:00,weekend,place-rugg,Ruggles,Orange Line,56.0,5463.2,6671.9,2435.5,361
2026-01-25 16:00:00,weekend,place-shmnl,Savin Hill,Red Line,9.0,1248.0,1417.1,824.3,361
2026-01-25 16:00:00,weekend,place-spmnl,Science Park,Green Line,7.0,733.3,762.6,660.0,361
2026-01-25 16:00:00,weekend,place-smmnl,Shawmut,Red Line,4.0,1085.6,1267.3,630.5,361
2026-01-25 16:00:00,weekend,place-sstat,South Station,"Red Line, Silver Line",224.0,11868.8,13721.2,7126.5,356
2026-01-25 16:00:00,weekend,place-state,State Street,"Blue Line, Orange Line",41.0,7246.9,8717.0,3578.8,360
2026-01-25 16:00:00,weekend,place-sbmnl,Stony Brook,Orange Line,18.0,1897.8,2150.5,1257.4,357
2026-01-25 16:00:00,weekend,place-sull,Sullivan Square,Orange Line,35.0,3949.4,4501.9,2538.3,359
2026-01-25 16:00:00,weekend,place-symcl,Symphony,Green Line,8.0,946.3,920.8,1010.2,327
2026-01-25 16:00:00,weekend,place-tumnl,Tufts Medical Center,Orange Line,62.0,3777.8,4535.5,1880.0,361
2026-01-25 16:00:00,weekend,place-unsqu,Union Square,Green Line,1.43,135.3,144.6,111.3,347
2026-01-25 16:00:00,weekend,place-welln,Wellington,Orange Line,30.0,3899.1,4551.5,2215.9,358
2026-01-25 16:00:00,weekend,place-wlsta,Wollaston,Red Line,17.0,1734.5,2020.8,1017.4,361
2026-01-25 16:00:00,weekend,place-wtcst,World Trade Center,Silver Line,24.0,1200.2,1316.5,909.0,361
2026-01-25 17:00:00,weekend,place-aport,Airport,Blue Line,16.0,6078.3,6569.2,4836.4,360
2026-01-25 17:00:00,weekend,place-alfcl,Alewife,Red Line,32.0,5780.6,6616.4,3687.0,361
2026-01-25 17:00:00,weekend,place-andrw,Andrew,Red Line,39.0,3255.3,3702.9,2134.3,361
2026-01-25 17:00:00,weekend,place-aqucl,Aquarium,Blue Line,7.0,3333.0,3432.4,3084.2,361
2026-01-25 17:00:00,weekend,place-armnl,Arlington,Green Line,87.0,3907.7,3974.4,3739.3,349
2026-01-25 17:00:00,weekend,place-asmnl,Ashmont,Red Line,37.0,3756.3,4380.3,2193.5,361
2026-01-25 17:00:00,weekend,place-astao,Assembly,Orange Line,34.0,2967.9,3119.5,2588.3,361
2026-01-25 17:00:00,weekend,place-bbsta,Back Bay,Orange Line,108.0,10028.9,11471.0,6270.6,357
2026-01-25 17:00:00,weekend,place-bomnl,Bowdoin,Blue Line,1.0,1406.3,1701.8,666.0,361
2026-01-25 17:00:00,weekend,place-boyls,Boylston,Green Line,116.0,3859.1,3732.2,4181.6,347
2026-01-25 17:00:00,weekend,place-brntn,Braintree,Red Line,12.0,2316.0,2671.8,1416.0,360
2026-01-25 17:00:00,weekend,place-brdwy,Broadway,Red Line,42.0,3513.1,3928.7,2393.2,351
2026-01-25 17:00:00,weekend,place-cntsq,Central,Red Line,98.0,8250.8,8876.6,6683.3,361
2026-01-25 17:00:00,weekend,place-chmnl,Charles/MGH,Red Line,56.0,5543.2,6654.1,2760.4,361
2026-01-25 17:00:00,weekend,place-chncl,Chinatown,Orange Line,101.0,3955.4,4305.4,3078.5,361
2026-01-25 17:00:00,weekend,place-ccmnl,Community College,Orange Line,13.0,2457.6,3023.7,1039.7,361
2026-01-25 17:00:00,weekend,place-coecl,Copley,Green Line,113.0,7980.6,7980.3,7981.3,350
2026-01-25 17:00:00,weekend,place-crtst,Courthouse,Silver Line,17.0,2253.6,2567.2,1468.3,361
2026-01-25 17:00:00,weekend,place-davis,Davis,Red Line,40.0,4866.6,5296.7,3789.1,361
2026-01-25 17:00:00,weekend,place-dwnxg,Downtown Crossing,"Orange Line, Red Line",110.0,10888.3,12269.6,7428.3,361
2026-01-25 17:00:00,weekend,place-fldcr,Fields Corner,Red Line,12.0,2377.4,2697.5,1575.7,361
2026-01-25 17:00:00,weekend,place-forhl,Forest Hills,Orange Line,59.0,6328.0,7469.5,3468.6,361
2026-01-25 17:00:00,weekend,place-gilmn,Gilman Square,Green Line,0.84,264.1,286.5,207.2,351
2026-01-25 17:00:00,weekend,place-gover,Government Center,"Blue Line, Green Line",56.0,4821.1,5170.1,3947.0,361
2026-01-25 17:00:00,weekend,place-grnst,Green Street,Orange Line,9.0,1799.9,2077.1,1101.4,359
2026-01-25 17:00:00,weekend,place-harsq,Harvard,Red Line,149.0,10860.0,11361.2,9604.7,361
2026-01-25 17:00:00,weekend,place-haecl,Haymarket,"Green Line, Orange Line",111.0,6453.5,6748.3,5715.2,361
2026-01-25 17:00:00,weekend,place-hymnl,Hynes Convention Center,Green Line,71.0,5288.6,5220.1,5460.7,355
2026-01-25 17:00:00,weekend,place-jfk,JFK/UMass,Red Line,18.0,4084.5,4808.4,2173.9,353
2026-01-25 17:00:00,weekend,place-jaksn,Jackson Square,Orange Line,19.0,2846.1,3326.1,1631.9,360
2026-01-25 17:00:00,weekend,place-knncl,Kendall/MIT,Red Line,63.0,8412.3,9925.9,4498.5,355
2026-01-25 17:00:00,weekend,place-kencl,Kenmore,Green Line,63.0,4439.8,4535.1,4203.1,352
2026-01-25 17:00:00,weekend,place-mlmnl,Malden Center,Orange Line,28.0,5719.4,6595.3,3525.2,361
2026-01-25 17:00:00,weekend,place-masta,Massachusetts Avenue,Orange Line,35.0,3184.2,3658.5,1996.0,361
2026-01-25 17:00:00,weekend,place-matt,Mattapan Line,Mattapan Line,24.19,2785.5,3271.4,1568.2,361
2026-01-25 17:00:00,weekend,place-mvbcl,Maverick,Blue Line,8.0,7320.1,8106.1,5351.5,361
2026-01-25 17:00:00,weekend,place-nqncy,North Quincy,Red Line,25.0,2886.8,3386.6,1634.9,361
2026-01-25 17:00:00,weekend,place-north,North Station,"Green Line, Orange Line",179.0,11662.5,13084.0,8031.2,359
2026-01-25 17:00:00,weekend,place-ogmnl,Oak Grove,Orange Line,12.0,3496.9,4070.8,2045.5,360
2026-01-25 17:00:00,weekend,place-pktrm,Park Street,"Green Line, Red Line",147.0,8842.8,9190.0,7973.2,361
2026-01-25 17:00:00,weekend,place-portr,Porter,Red Line,45.0,4190.9,4505.7,3402.5,361
2026-01-25 17:00:00,weekend,place-prmnl,Prudential,Green Line,76.0,2182.0,2137.6,2292.7,353
2026-01-25 17:00:00,weekend,place-qamnl,Quincy Adams,Red Line,11.0,1560.4,1835.5,867.2,359
2026-01-25 17:00:00,weekend,place-qnctr,Quincy Center,Red Line,30.0,3374.7,3868.8,2094.1,352
2026-01-25 17:00:00,weekend,place-river,Riverside,Green Line,4.0,899.9,901.1,896.9,360
2026-01-25 17:00:00,weekend,place-rcmnl,Roxbury Crossing,Orange Line,27.0,2916.6,3388.0,1712.4,359
2026-01-25 17:00:00,weekend,place-rugg,Ruggles,Orange Line,55.0,5463.2,6671.9,2435.5,361
2026-01-25 17:00:00,weekend,place-shmnl,Savin Hill,Red Line,8.0,1248.0,1417.1,824.3,361
2026-01-25 17:00:00,weekend,place-spmnl,Science Park,Green Line,20.0,733.3,762.6,660.0,361
2026-01-25 17:00:00,weekend,place-smmnl,Shawmut,Red Line,2.0,1085.6,1267.3,630.5,361
2026-01-25 17:00:00,weekend,place-sstat,South Station,"Red Line, Silver Line",111.0,11868.8,13721.2,7126.5,356
2026-01-25 17:00:00,weekend,place-state,State Street,"Blue Line, Orange Line",26.0,7246.9,8717.0,3578.8,360
2026-01-25 17:00:00,weekend,place-sbmnl,Stony Brook,Orange Line,7.0,1897.8,2150.5,1257.4,357
2026-01-25 17:00:00,weekend,place-sull,Sullivan Square,Orange Line,43.0,3949.4,4501.9,2538.3,359
2026-01-25 17:00:00,weekend,place-symcl,Symphony,Green Line,15.0,946.3,920.8,1010.2,327
2026-01-25 17:00:00,weekend,place-tumnl,Tufts Medical Center,Orange Line,46.0,3777.8,4535.5,1880.0,361
2026-01-25 17:00:00,weekend,place-welln,Wellington,Orange Line,30.0,3899.1,4551.5,2215.9,358
2026-01-25 17:00:00,weekend,place-wlsta,Wollaston,Red Line,8.0,1734.5,2020.8,1017.4,361
2026-01-25 17:00:00,weekend,place-wimnl,Wood Island,Blue Line,3.0,1318.7,1467.7,932.0,356
2026-01-25 17:00:00,weekend,place-wtcst,World Trade Center,Silver Line,11.0,1200.2,1316.5,909.0,361
2026-01-25 18:00:00,weekend,place-aport,Airport,Blue Line,15.0,6078.3,6569.2,4836.4,360
2026-01-25 18:00:00,weekend,place-alfcl,Alewife,Red Line,40.0,5780.6,6616.4,3687.0,361
2026-01-25 18:00:00,weekend,place-andrw,Andrew,Red Line,72.0,3255.3,3702.9,2134.3,361
2026-01-25 18:00:00,weekend,place-aqucl,Aquarium,Blue Line,13.0,3333.0,3432.4,3084.2,361
2026-01-25 18:00:00,weekend,place-armnl,Arlington,Green Line,34.0,3907.7,3974.4,3739.3,349
2026-01-25 18:00:00,weekend,place-asmnl,Ashmont,Red Line,29.0,3756.3,4380.3,2193.5,361
2026-01-25 18:00:00,weekend,place-astao,Assembly,Orange Line,24.0,2967.9,3119.5,2588.3,361
2026-01-25 18:00:00,weekend,place-bbsta,Back Bay,Orange Line,94.0,10028.9,11471.0,6270.6,357
2026-01-25 18:00:00,weekend,place-bmmnl,Beachmont,Blue Line,1.0,2348.0,2653.2,1560.5,358
2026-01-25 18:00:00,weekend,place-bomnl,Bowdoin,Blue Line,5.0,1406.3,1701.8,666.0,361
2026-01-25 18:00:00,weekend,place-boyls,Boylston,Green Line,84.0,3859.1,3732.2,4181.6,347
2026-01-25 18:00:00,weekend,place-brntn,Braintree,Red Line,12.0,2316.0,2671.8,1416.0,360
2026-01-25 18:00:00,weekend,place-brdwy,Broadway,Red Line,96.0,3513.1,3928.7,2393.2,351
2026-01-25 18:00:00,weekend,place-cntsq,Central,Red Line,126.0,8250.8,8876.6,6683.3,361
2026-01-25 18:00:00,weekend,place-chmnl,Charles/MGH,Red Line,75.0,5543.2,6654.1,2760.4,361
2026-01-25 18:00:00,weekend,place-chncl,Chinatown,Orange Line,76.0,3955.4,4305.4,3078.5,361
2026-01-25 18:00:00,weekend,place-ccmnl,Community College,Orange Line,24.0,2457.6,3023.7,1039.7,361
2026-01-25 18:00:00,weekend,place-coecl,Copley,Green Line,113.0,7980.6,7980.3,7981.3,350
2026-01-25 18:00:00,weekend,place-crtst,Courthouse,Silver Line,16.0,2253.6,2567.2,1468.3,361
2026-01-25 18:00:00,weekend,place-davis,Davis,Red Line,58.0,4866.6,5296.7,3789.1,361
2026-01-25 18:00:00,weekend,place-dwnxg,Downtown Crossing,"Orange Line, Red Line",140.0,10888.3,12269.6,7428.3,361
2026-01-25 18:00:00,weekend,place-fldcr,Fields Corner,Red Line,17.0,2377.4,2697.5,1575.7,361
2026-01-25 18:00:00,weekend,place-forhl,Forest Hills,Orange Line,49.0,6328.0,7469.5,3468.6,361
2026-01-25 18:00:00,weekend,place-gover,Government Center,"Blue Line, Green Line",62.0,4821.1,5170.1,3947.0,361
2026-01-25 18:00:00,weekend,place-grnst,Green Street,Orange Line,17.0,1799.9,2077.1,1101.4,359
2026-01-25 18:00:00,weekend,place-harsq,Harvard,Red Line,117.0,10860.0,11361.2,9604.7,361
2026-01-25 18:00:00,weekend,place-haecl,Haymarket,"Green Line, Orange Line",108.0,6453.5,6748.3,5715.2,361
2026-01-25 18:00:00,weekend,place-hymnl,Hynes Convention Center,Green Line,87.0,5288.6,5220.1,5460.7,355
2026-01-25 18:00:00,weekend,place-jfk,JFK/UMass,Red Line,31.0,4084.5,4808.4,2173.9,353
2026-01-25 18:00:00,weekend,place-jaksn,Jackson Square,Orange Line,18.0,2846.1,3326.1,1631.9,360
2026-01-25 18:00:00,weekend,place-knncl,Kendall/MIT,Red Line,62.0,8412.3,9925.9,4498.5,355
2026-01-25 18:00:00,weekend,place-kencl,Kenmore,Green Line,122.0,4439.8,4535.1,4203.1,352
2026-01-25 18:00:00,weekend,place-mlmnl,Malden Center,Orange Line,28.0,5719.4,6595.3,3525.2,361
2026-01-25 18:00:00,weekend,place-masta,Massachusetts Avenue,Orange Line,36.0,3184.2,3658.5,1996.0,361
2026-01-25 18:00:00,weekend,place-matt,Mattapan Line,Mattapan Line,14.98,2785.5,3271.4,1568.2,361
2026-01-25 18:00:00,weekend,place-mvbcl,Maverick,Blue Line,27.0,7320.1,8106.1,5351.5,361
2026-01-25 18:00:00,weekend,place-nqncy,North Quincy,Red Line,16.0,2886.8,3386.6,1634.9,361
2026-01-25 18:00:00,weekend,place-north,North Station,"Green Line, Orange Line",365.0,11662.5,13084.0,8031.2,359
2026-01-25 18:00:00,weekend,place-ogmnl,Oak Grove,Orange Line,15.0,3496.9,4070.8,2045.5,360
2026-01-25 18:00:00,weekend,place-pktrm,Park Street,"Green Line, Red Line",152.0,8842.8,9190.0,7973.2,361
2026-01-25 18:00:00,weekend,place-portr,Porter,Red Line,35.0,4190.9,4505.7,3402.5,361
2026-01-25 18:00:00,weekend,place-prmnl,Prudential,Green Line,79.0,2182.0,2137.6,2292.7,353
2026-01-25 18:00:00,weekend,place-qamnl,Quincy Adams,Red Line,3.0,1560.4,1835.5,867.2,359
2026-01-25 18:00:00,weekend,place-qnctr,Quincy Center,Red Line,23.0,3374.7,3868.8,2094.1,352
2026-01-25 18:00:00,weekend,place-rbmnl,Revere Beach,Blue Line,1.0,2267.8,2518.2,1633.2,357
2026-01-25 18:00:00,weekend,place-river,Riverside,Green Line,3.0,899.9,901.1,896.9,360
2026-01-25 18:00:00,weekend,place-rcmnl,Roxbury Crossing,Orange Line,46.0,2916.6,3388.0,1712.4,359
2026-01-25 18:00:00,weekend,place-rugg,Ruggles,Orange Line,53.0,5463.2,6671.9,2435.5,361
2026-01-25 18:00:00,weekend,place-shmnl,Savin Hill,Red Line,8.0,1248.0,1417.1,824.3,361
2026-01-25 18:00:00,weekend,place-spmnl,Science Park,Green Line,6.0,733.3,762.6,660.0,361
2026-01-25 18:00:00,weekend,place-smmnl,Shawmut,Red Line,3.0,1085.6,1267.3,630.5,361
2026-01-25 18:00:00,weekend,place-sstat,South Station,"Red Line, Silver Line",95.0,11868.8,13721.2,7126.5,356
2026-01-25 18:00:00,weekend,place-state,State Street,"Blue Line, Orange Line",54.0,7246.9,8717.0,3578.8,360
2026-01-25 18:00:00,weekend,place-sbmnl,Stony Brook,Orange Line,23.0,1897.8,2150.5,1257.4,357
2026-01-25 18:00:00,weekend,place-sull,Sullivan Square,Orange Line,41.0,3949.4,4501.9,2538.3,359
2026-01-25 18:00:00,weekend,place-symcl,Symphony,Green Line,17.0,946.3,920.8,1010.2,327
2026-01-25 18:00:00,weekend,place-tumnl,Tufts Medical Center,Orange Line,46.0,3777.8,4535.5,1880.0,361
2026-01-25 18:00:00,weekend,place-welln,Wellington,Orange Line,36.0,3899.1,4551.5,2215.9,358
2026-01-25 18:00:00,weekend,place-wlsta,Wollaston,Red Line,7.0,1734.5,2020.8,1017.4,361
2026-01-25 18:00:00,weekend,place-wtcst,World Trade Center,Silver Line,22.0,1200.2,1316.5,909.0,361
2026-01-25 19:00:00,weekend,place-aport,Airport,Blue Line,27.0,6078.3,6569.2,4836.4,360
2026-01-25 19:00:00,weekend,place-alfcl,Alewife,Red Line,32.0,5780.6,6616.4,3687.0,361
2026-01-25 19:00:00,weekend,place-andrw,Andrew,Red Line,34.0,3255.3,3702.9,2134.3,361
2026-01-25 19:00:00,weekend,place-aqucl,Aquarium,Blue Line,17.0,3333.0,3432.4,3084.2,361
2026-01-25 19:00:00,weekend,place-armnl,Arlington,Green Line,34.0,3907.7,3974.4,3739.3,349
2026-01-25 19:00:00,weekend,place-asmnl,Ashmont,Red Line,23.0,3756.3,4380.3,2193.5,361
2026-01-25 19:00:00,weekend,place-astao,Assembly,Orange Line,19.0,2967.9,3119.5,2588.3,361
2026-01-25 19:00:00,weekend,place-bbsta,Back Bay,Orange Line,69.0,10028.9,11471.0,6270.6,357
2026-01-25 19:00:00,weekend,place-balsq,Ball Square,Green Line,1.43,139.3,150.9,109.9,350
2026-01-25 19:00:00,weekend,place-bmmnl,Beachmont,Blue Line,5.0,2348.0,2653.2,1560.5,358
2026-01-25 19:00:00,weekend,place-bomnl,Bowdoin,Blue Line,4.0,1406.3,1701.8,666.0,361
2026-01-25 19:00:00,weekend,place-boyls,Boylston,Green Line,51.0,3859.1,3732.2,4181.6,347
2026-01-25 19:00:00,weekend,place-brntn,Braintree,Red Line,9.0,2316.0,2671.8,1416.0,360
2026-01-25 19:00:00,weekend,place-brdwy,Broadway,Red Line,44.0,3513.1,3928.7,2393.2,351
2026-01-25 19:00:00,weekend,place-cntsq,Central,Red Line,67.0,8250.8,8876.6,6683.3,361
2026-01-25 19:00:00,weekend,place-chmnl,Charles/MGH,Red Line,120.0,5543.2,6654.1,2760.4,361
2026-01-25 19:00:00,weekend,place-chncl,Chinatown,Orange Line,51.0,3955.4,4305.4,3078.5,361
2026-01-25 19:00:00,weekend,place-ccmnl,Community College,Orange Line,15.0,2457.6,3023.7,1039.7,361
2026-01-25 19:00:00,weekend,place-coecl,Copley,Green Line,92.0,7980.6,7980.3,7981.3,350
2026-01-25 19:00:00,weekend,place-crtst,Courthouse,Silver Line,8.0,2253.6,2567.2,1468.3,361
2026-01-25 19:00:00,weekend,place-davis,Davis,Red Line,34.0,4866.6,5296.7,3789.1,361
2026-01-25 19:00:00,weekend,place-dwnxg,Downtown Crossing,"Orange Line, Red Line",85.0,10888.3,12269.6,7428.3,361
2026-01-25 19:00:00,weekend,place-fldcr,Fields Corner,Red Line,6.0,2377.4,2697.5,1575.7,361
2026-01-25 19:00:00,weekend,place-forhl,Forest Hills,Orange Line,43.0,6328.0,7469.5,3468.6,361
2026-01-25 19:00:00,weekend,place-gover,Government Center,"Blue Line, Green Line",47.0,4821.1,5170.1,3947.0,361
2026-01-25 19:00:00,weekend,place-grnst,Green Street,Orange Line,19.0,1799.9,2077.1,1101.4,359
2026-01-25 19:00:00,weekend,place-harsq,Harvard,Red Line,76.0,10860.0,11361.2,9604.7,361
2026-01-25 19:00:00,weekend,place-haecl,Haymarket,"Green Line, Orange Line",132.0,6453.5,6748.3,5715.2,361
2026-01-25 19:00:00,weekend,place-hymnl,Hynes Convention Center,Green Line,50.0,5288.6,5220.1,5460.7,355
2026-01-25 19:00:00,weekend,place-jfk,JFK/UMass,Red Line,20.0,4084.5,4808.4,2173.9,353
2026-01-25 19:00:00,weekend,place-jaksn,Jackson Square,Orange Line,16.0,2846.1,3326.1,1631.9,360
2026-01-25 19:00:00,weekend,place-knncl,Kendall/MIT,Red Line,44.0,8412.3,9925.9,4498.5,355
2026-01-25 19:00:00,weekend,place-kencl,Kenmore,Green Line,54.0,4439.8,4535.1,4203.1,352
2026-01-25 19:00:00,weekend,place-mlmnl,Malden Center,Orange Line,11.0,5719.4,6595.3,3525.2,361
2026-01-25 19:00:00,weekend,place-masta,Massachusetts Avenue,Orange Line,27.0,3184.2,3658.5,1996.0,361
2026-01-25 19:00:00,weekend,place-matt,Mattapan Line,Mattapan Line,16.13,2785.5,3271.4,1568.2,361
2026-01-25 19:00:00,weekend,place-mvbcl,Maverick,Blue Line,13.0,7320.1,8106.1,5351.5,361
2026-01-25 19:00:00,weekend,place-nqncy,North Quincy,Red Line,7.0,2886.8,3386.6,1634.9,361
2026-01-25 19:00:00,weekend,place-north,North Station,"Green Line, Orange Line",152.0,11662.5,13084.0,8031.2,359
2026-01-25 19:00:00,weekend,place-ogmnl,Oak Grove,Orange Line,16.0,3496.9,4070.8,2045.5,360
2026-01-25 19:00:00,weekend,place-orhte,Orient Heights,Blue Line,19.0,3047.0,3426.0,2079.0,359
2026-01-25 19:00:00,weekend,place-pktrm,Park Street,"Green Line, Red Line",77.0,8842.8,9190.0,7973.2,361
2026-01-25 19:00:00,weekend,place-portr,Porter,Red Line,19.0,4190.9,4505.7,3402.5,361
2026-01-25 19:00:00,weekend,place-prmnl,Prudential,Green Line,36.0,2182.0,2137.6,2292.7,353
2026-01-25 19:00:00,weekend,place-qamnl,Quincy Adams,Red Line,4.0,1560.4,1835.5,867.2,359
2026-01-25 19:00:00,weekend,place-qnctr,Quincy Center,Red Line,6.0,3374.7,3868.8,2094.1,352
2026-01-25 19:00:00,weekend,place-rbmnl,Revere Beach,Blue Line,10.0,2267.8,2518.2,1633.2,357
2026-01-25 19:00:00,weekend,place-river,Riverside,Green Line,3.0,899.9,901.1,896.9,360
2026-01-25 19:00:00,weekend,place-rcmnl,Roxbury Crossing,Orange Line,37.0,2916.6,3388.0,1712.4,359
2026-01-25 19:00:00,weekend,place-rugg,Ruggles,Orange Line,47.0,5463.2,6671.9,2435.5,361
2026-01-25 19:00:00,weekend,place-shmnl,Savin Hill,Red Line,6.0,1248.0,1417.1,824.3,361
2026-01-25 19:00:00,weekend,place-spmnl,Science Park,Green Line,12.0,733.3,762.6,660.0,361
2026-01-25 19:00:00,weekend,place-smmnl,Shawmut,Red Line,6.0,1085.6,1267.3,630.5,361
2026-01-25 19:00:00,weekend,place-sstat,South Station,"Red Line, Silver Line",65.0,11868.8,13721.2,7126.5,356
2026-01-25 19:00:00,weekend,place-state,State Street,"Blue Line, Orange Line",47.0,7246.9,8717.0,3578.8,360
2026-01-25 19:00:00,weekend,place-sbmnl,Stony Brook,Orange Line,8.0,1897.8,2150.5,1257.4,357
2026-01-25 19:00:00,weekend,place-sull,Sullivan Square,Orange Line,31.0,3949.4,4501.9,2538.3,359
2026-01-25 19:00:00,weekend,place-symcl,Symphony,Green Line,11.0,946.3,920.8,1010.2,327
2026-01-25 19:00:00,weekend,place-tumnl,Tufts Medical Center,Orange Line,82.0,3777.8,4535.5,1880.0,361
2026-01-25 19:00:00,weekend,place-welln,Wellington,Orange Line,17.0,3899.1,4551.5,2215.9,358
2026-01-25 19:00:00,weekend,place-wlsta,Wollaston,Red Line,3.0,1734.5,2020.8,1017.4,361
2026-01-25 19:00:00,weekend,place-wondl,Wonderland,Blue Line,13.0,3759.9,4264.2,2469.0,356
2026-01-25 19:00:00,weekend,place-wimnl,Wood Island,Blue Line,1.0,1318.7,1467.7,932.0,356
2026-01-25 19:00:00,weekend,place-wtcst,World Trade Center,Silver Line,9.0,1200.2,1316.5,909.0,361
2026-01-25 20:00:00,weekend,place-aport,Airport,Blue Line,13.0,6078.3,6569.2,4836.4,360
2026-01-25 20:00:00,weekend,place-alfcl,Alewife,Red Line,12.0,5780.6,6616.4,3687.0,361
2026-01-25 20:00:00,weekend,place-andrw,Andrew,Red Line,15.0,3255.3,3702.9,2134.3,361
2026-01-25 20:00:00,weekend,place-aqucl,Aquarium,Blue Line,7.0,3333.0,3432.4,3084.2,361
2026-01-25 20:00:00,weekend,place-armnl,Arlington,Green Line,21.0,3907.7,3974.4,3739.3,349
2026-01-25 20:00:00,weekend,place-asmnl,Ashmont,Red Line,24.0,3756.3,4380.3,2193.5,361
2026-01-25 20:00:00,weekend,place-astao,Assembly,Orange Line,8.0,2967.9,3119.5,2588.3,361
2026-01-25 20:00:00,weekend,place-bbsta,Back Bay,Orange Line,111.0,10028.9,11471.0,6270.6,357
2026-01-25 20:00:00,weekend,place-bmmnl,Beachmont,Blue Line,4.0,2348.0,2653.2,1560.5,358
2026-01-25 20:00:00,weekend,place-bomnl,Bowdoin,Blue Line,3.0,1406.3,1701.8,666.0,361
2026-01-25 20:00:00,weekend,place-boyls,Boylston,Green Line,33.0,3859.1,3732.2,4181.6,347
2026-01-25 20:00:00,weekend,place-brntn,Braintree,Red Line,8.0,2316.0,2671.8,1416.0,360
2026-01-25 20:00:00,weekend,place-brdwy,Broadway,Red Line,37.0,3513.1,3928.7,2393.2,351
2026-01-25 20:00:00,weekend,place-cntsq,Central,Red Line,62.0,8250.8,8876.6,6683.3,361
2026-01-25 20:00:00,weekend,place-chmnl,Charles/MGH,Red Line,53.0,5543.2,6654.1,2760.4,361
2026-01-25 20:00:00,weekend,place-chncl,Chinatown,Orange Line,52.0,3955.4,4305.4,3078.5,361
2026-01-25 20:00:00,weekend,place-ccmnl,Community College,Orange Line,15.0,2457.6,3023.7,1039.7,361
2026-01-25 20:00:00,weekend,place-coecl,Copley,Green Line,90.0,7980.6,7980.3,7981.3,350
2026-01-25 20:00:00,weekend,place-crtst,Courthouse,Silver Line,8.0,2253.6,2567.2,1468.3,361
2026-01-25 20:00:00,weekend,place-davis,Davis,Red Line,35.0,4866.6,5296.7,3789.1,361
2026-01-25 20:00:00,weekend,place-dwnxg,Downtown Crossing,"Orange Line, Red Line",67.0,10888.3,12269.6,7428.3,361
2026-01-25 20:00:00,weekend,place-fldcr,Fields Corner,Red Line,8.0,2377.4,2697.5,1575.7,361
2026-01-25 20:00:00,weekend,place-forhl,Forest Hills,Orange Line,45.0,6328.0,7469.5,3468.6,361
2026-01-25 20:00:00,weekend,place-gover,Government Center,"Blue Line, Green Line",29.0,4821.1,5170.1,3947.0,361
2026-01-25 20:00:00,weekend,place-grnst,Green Street,Orange Line,4.0,1799.9,2077.1,1101.4,359
2026-01-25 20:00:00,weekend,place-harsq,Harvard,Red Line,79.0,10860.0,11361.2,9604.7,361
2026-01-25 20:00:00,weekend,place-haecl,Haymarket,"Green Line, Orange Line",93.0,6453.5,6748.3,5715.2,361
2026-01-25 20:00:00,weekend,place-hymnl,Hynes Convention Center,Green Line,45.0,5288.6,5220.1,5460.7,355
2026-01-25 20:00:00,weekend,place-jfk,JFK/UMass,Red Line,17.0,4084.5,4808.4,2173.9,353
2026-01-25 20:00:00,weekend,place-jaksn,Jackson Square,Orange Line,16.0,2846.1,3326.1,1631.9,360
2026-01-25 20:00:00,weekend,place-knncl,Kendall/MIT,Red Line,32.0,8412.3,9925.9,4498.5,355
2026-01-25 20:00:00,weekend,place-kencl,Kenmore,Green Line,27.0,4439.8,4535.1,4203.1,352
2026-01-25 20:00:00,weekend,place-mlmnl,Malden Center,Orange Line,12.0,5719.4,6595.3,3525.2,361
2026-01-25 20:00:00,weekend,place-masta,Massachusetts Avenue,Orange Line,21.0,3184.2,3658.5,1996.0,361
2026-01-25 20:00:00,weekend,place-matt,Mattapan Line,Mattapan Line,16.13,2785.5,3271.4,1568.2,361
2026-01-25 20:00:00,weekend,place-mvbcl,Maverick,Blue Line,8.0,7320.1,8106.1,5351.5,361
2026-01-25 20:00:00,weekend,place-nqncy,North Quincy,Red Line,5.0,2886.8,3386.6,1634.9,361
2026-01-25 20:00:00,weekend,place-north,North Station,"Green Line, Orange Line",114.0,11662.5,13084.0,8031.2,359
2026-01-25 20:00:00,weekend,place-ogmnl,Oak Grove,Orange Line,17.0,3496.9,4070.8,2045.5,360
2026-01-25 20:00:00,weekend,place-orhte,Orient Heights,Blue Line,5.0,3047.0,3426.0,2079.0,359
2026-01-25 20:00:00,weekend,place-pktrm,Park Street,"Green Line, Red Line",85.0,8842.8,9190.0,7973.2,361
2026-01-25 20:00:00,weekend,place-portr,Porter,Red Line,23.0,4190.9,4505.7,3402.5,361
2026-01-25 20:00:00,weekend,place-prmnl,Prudential,Green Line,22.0,2182.0,2137.6,2292.7,353
2026-01-25 20:00:00,weekend,place-qamnl,Quincy Adams,Red Line,8.0,1560.4,1835.5,867.2,359
2026-01-25 20:00:00,weekend,place-qnctr,Quincy Center,Red Line,19.0,3374.7,3868.8,2094.1,352
2026-01-25 20:00:00,weekend,place-rbmnl,Revere Beach,Blue Line,10.0,2267.8,2518.2,1633.2,357
2026-01-25 20:00:00,weekend,place-rcmnl,Roxbury Crossing,Orange Line,16.0,2916.6,3388.0,1712.4,359
2026-01-25 20:00:00,weekend,place-rugg,Ruggles,Orange Line,40.0,5463.2,6671.9,2435.5,361
2026-01-25 20:00:00,weekend,place-shmnl,Savin Hill,Red Line,4.0,1248.0,1417.1,824.3,361
2026-01-25 20:00:00,weekend,place-spmnl,Science Park,Green Line,4.0,733.3,762.6,660.0,361
2026-01-25 20:00:00,weekend,place-smmnl,Shawmut,Red Line,4.0,1085.6,1267.3,630.5,361
2026-01-25 20:00:00,weekend,place-sstat,South Station,"Red Line, Silver Line",150.0,11868.8,13721.2,7126.5,356
2026-01-25 20:00:00,weekend,place-state,State Street,"Blue Line, Orange Line",34.0,7246.9,8717.0,3578.8,360
2026-01-25 20:00:00,weekend,place-sbmnl,Stony Brook,Orange Line,15.0,1897.8,2150.5,1257.4,357
2026-01-25 20:00:00,weekend,place-sull,Sullivan Square,Orange Line,34.0,3949.4,4501.9,2538.3,359
2026-01-25 20:00:00,weekend,place-symcl,Symphony,Green Line,12.0,946.3,920.8,1010.2,327
2026-01-25 20:00:00,weekend,place-tumnl,Tufts Medical Center,Orange Line,25.0,3777.8,4535.5,1880.0,361
2026-01-25 20:00:00,weekend,place-welln,Wellington,Orange Line,30.0,3899.1,4551.5,2215.9,358
2026-01-25 20:00:00,weekend,place-wlsta,Wollaston,Red Line,6.0,1734.5,2020.8,1017.4,361
2026-01-25 20:00:00,weekend,place-wondl,Wonderland,Blue Line,10.0,3759.9,4264.2,2469.0,356
2026-01-25 20:00:00,weekend,place-wimnl,Wood Island,Blue Line,1.0,1318.7,1467.7,932.0,356
2026-01-25 20:00:00,weekend,place-wtcst,World Trade Center,Silver Line,6.0,1200.2,1316.5,909.0,361
2026-01-25 21:00:00,weekend,place-aport,Airport,Blue Line,27.0,6078.3,6569.2,4836.4,360
2026-01-25 21:00:00,weekend,place-alfcl,Alewife,Red Line,19.0,5780.6,6616.4,3687.0,361
2026-01-25 21:00:00,weekend,place-aqucl,Aquarium,Blue Line,13.0,3333.0,3432.4,3084.2,361
2026-01-25 21:00:00,weekend,place-armnl,Arlington,Green Line,18.0,3907.7,3974.4,3739.3,349
2026-01-25 21:00:00,weekend,place-asmnl,Ashmont,Red Line,25.0,3756.3,4380.3,2193.5,361
2026-01-25 21:00:00,weekend,place-astao,Assembly,Orange Line,5.0,2967.9,3119.5,2588.3,361
2026-01-25 21:00:00,weekend,place-bbsta,Back Bay,Orange Line,67.0,10028.9,11471.0,6270.6,357
2026-01-25 21:00:00,weekend,place-bmmnl,Beachmont,Blue Line,14.0,2348.0,2653.2,1560.5,358
2026-01-25 21:00:00,weekend,place-bomnl,Bowdoin,Blue Line,5.0,1406.3,1701.8,666.0,361
2026-01-25 21:00:00,weekend,place-boyls,Boylston,Green Line,30.0,3859.1,3732.2,4181.6,347
2026-01-25 21:00:00,weekend,place-brntn,Braintree,Red Line,5.0,2316.0,2671.8,1416.0,360
2026-01-25 21:00:00,weekend,place-brdwy,Broadway,Red Line,27.0,3513.1,3928.7,2393.2,351
2026-01-25 21:00:00,weekend,place-cntsq,Central,Red Line,43.0,8250.8,8876.6,6683.3,361
2026-01-25 21:00:00,weekend,place-chmnl,Charles/MGH,Red Line,21.0,5543.2,6654.1,2760.4,361
2026-01-25 21:00:00,weekend,place-chncl,Chinatown,Orange Line,46.0,3955.4,4305.4,3078.5,361
2026-01-25 21:00:00,weekend,place-ccmnl,Community College,Orange Line,12.0,2457.6,3023.7,1039.7,361
2026-01-25 21:00:00,weekend,place-coecl,Copley,Green Line,46.0,7980.6,7980.3,7981.3,350
2026-01-25 21:00:00,weekend,place-crtst,Courthouse,Silver Line,6.0,2253.6,2567.2,1468.3,361
2026-01-25 21:00:00,weekend,place-davis,Davis,Red Line,27.0,4866.6,5296.7,3789.1,361
2026-01-25 21:00:00,weekend,place-dwnxg,Downtown Crossing,"Orange Line, Red Line",42.0,10888.3,12269.6,7428.3,361
2026-01-25 21:00:00,weekend,place-fldcr,Fields Corner,Red Line,9.0,2377.4,2697.5,1575.7,361
2026-01-25 21:00:00,weekend,place-forhl,Forest Hills,Orange Line,20.0,6328.0,7469.5,3468.6,361
2026-01-25 21:00:00,weekend,place-gover,Government Center,"Blue Line, Green Line",24.0,4821.1,5170.1,3947.0,361
2026-01-25 21:00:00,weekend,place-grnst,Green Street,Orange Line,5.0,1799.9,2077.1,1101.4,359
2026-01-25 21:00:00,weekend,place-harsq,Harvard,Red Line,57.0,10860.0,11361.2,9604.7,361
2026-01-25 21:00:00,weekend,place-haecl,Haymarket,"Green Line, Orange Line",70.0,6453.5,6748.3,5715.2,361
2026-01-25 21:00:00,weekend,place-hymnl,Hynes Convention Center,Green Line,31.0,5288.6,5220.1,5460.7,355
2026-01-25 21:00:00,weekend,place-jfk,JFK/UMass,Red Line,17.0,4084.5,4808.4,2173.9,353
2026-01-25 21:00:00,weekend,place-jaksn,Jackson Square,Orange Line,14.0,2846.1,3326.1,1631.9,360
2026-01-25 21:00:00,weekend,place-knncl,Kendall/MIT,Red Line,19.0,8412.3,9925.9,4498.5,355
2026-01-25 21:00:00,weekend,place-kencl,Kenmore,Green Line,23.0,4439.8,4535.1,4203.1,352
2026-01-25 21:00:00,weekend,place-mlmnl,Malden Center,Orange Line,19.0,5719.4,6595.3,3525.2,361
2026-01-25 21:00:00,weekend,place-masta,Massachusetts Avenue,Orange Line,18.0,3184.2,3658.5,1996.0,361
2026-01-25 21:00:00,weekend,place-matt,Mattapan Line,Mattapan Line,17.28,2785.5,3271.4,1568.2,361
2026-01-25 21:00:00,weekend,place-mvbcl,Maverick,Blue Line,22.0,7320.1,8106.1,5351.5,361
2026-01-25 21:00:00,weekend,place-nqncy,North Quincy,Red Line,8.0,2886.8,3386.6,1634.9,361
2026-01-25 21:00:00,weekend,place-north,North Station,"Green Line, Orange Line",51.0,11662.5,13084.0,8031.2,359
2026-01-25 21:00:00,weekend,place-ogmnl,Oak Grove,Orange Line,6.0,3496.9,4070.8,2045.5,360
2026-01-25 21:00:00,weekend,place-orhte,Orient Heights,Blue Line,7.0,3047.0,3426.0,2079.0,359
2026-01-25 21:00:00,weekend,place-pktrm,Park Street,"Green Line, Red Line",51.0,8842.8,9190.0,7973.2,361
2026-01-25 21:00:00,weekend,place-portr,Porter,Red Line,23.0,4190.9,4505.7,3402.5,361
2026-01-25 21:00:00,weekend,place-prmnl,Prudential,Green Line,28.0,2182.0,2137.6,2292.7,353
2026-01-25 21:00:00,weekend,place-qamnl,Quincy Adams,Red Line,2.0,1560.4,1835.5,867.2,359
2026-01-25 21:00:00,weekend,place-qnctr,Quincy Center,Red Line,11.0,3374.7,3868.8,2094.1,352
2026-01-25 21:00:00,weekend,place-rbmnl,Revere Beach,Blue Line,4.0,2267.8,2518.2,1633.2,357
2026-01-25 21:00:00,weekend,place-rcmnl,Roxbury Crossing,Orange Line,21.0,2916.6,3388.0,1712.4,359
2026-01-25 21:00:00,weekend,place-rugg,Ruggles,Orange Line,43.0,5463.2,6671.9,2435.5,361
2026-01-25 21:00:00,weekend,place-shmnl,Savin Hill,Red Line,3.0,1248.0,1417.1,824.3,361
2026-01-25 21:00:00,weekend,place-spmnl,Science Park,Green Line,2.0,733.3,762.6,660.0,361
2026-01-25 21:00:00,weekend,place-smmnl,Shawmut,Red Line,5.0,1085.6,1267.3,630.5,361
2026-01-25 21:00:00,weekend,place-sstat,South Station,"Red Line, Silver Line",32.0,11868.8,13721.2,7126.5,356
2026-01-25 21:00:00,weekend,place-state,State Street,"Blue Line, Orange Line",26.0,7246.9,8717.0,3578.8,360
2026-01-25 21:00:00,weekend,place-sbmnl,Stony Brook,Orange Line,8.0,1897.8,2150.5,1257.4,357
2026-01-25 21:00:00,weekend,place-sull,Sullivan Square,Orange Line,35.0,3949.4,4501.9,2538.3,359
2026-01-25 21:00:00,weekend,place-symcl,Symphony,Green Line,8.0,946.3,920.8,1010.2,327
2026-01-25 21:00:00,weekend,place-tumnl,Tufts Medical Center,Orange Line,15.0,3777.8,4535.5,1880.0,361
2026-01-25 21:00:00,weekend,place-welln,Wellington,Orange Line,10.0,3899.1,4551.5,2215.9,358
2026-01-25 21:00:00,weekend,place-wlsta,Wollaston,Red Line,4.0,1734.5,2020.8,1017.4,361
2026-01-25 21:00:00,weekend,place-wondl,Wonderland,Blue Line,5.0,3759.9,4264.2,2469.0,356
2026-01-25 21:00:00,weekend,place-wtcst,World Trade Center,Silver Line,5.0,1200.2,1316.5,909.0,361
2026-01-25 22:00:00,weekend,place-aport,Airport,Blue Line,25.0,6078.3,6569.2,4836.4,360
2026-01-25 22:00:00,weekend,place-alfcl,Alewife,Red Line,8.0,5780.6,6616.4,3687.0,361
2026-01-25 22:00:00,weekend,place-aqucl,Aquarium,Blue Line,11.0,3333.0,3432.4,3084.2,361
2026-01-25 22:00:00,weekend,place-armnl,Arlington,Green Line,25.0,3907.7,3974.4,3739.3,349
2026-01-25 22:00:00,weekend,place-asmnl,Ashmont,Red Line,20.0,3756.3,4380.3,2193.5,361
2026-01-25 22:00:00,weekend,place-astao,Assembly,Orange Line,4.0,2967.9,3119.5,2588.3,361
2026-01-25 22:00:00,weekend,place-bbsta,Back Bay,Orange Line,58.0,10028.9,11471.0,6270.6,357
2026-01-25 22:00:00,weekend,place-bmmnl,Beachmont,Blue Line,7.0,2348.0,2653.2,1560.5,358
2026-01-25 22:00:00,weekend,place-bomnl,Bowdoin,Blue Line,1.0,1406.3,1701.8,666.0,361
2026-01-25 22:00:00,weekend,place-boyls,Boylston,Green Line,16.0,3859.1,3732.2,4181.6,347
2026-01-25 22:00:00,weekend,place-brntn,Braintree,Red Line,7.0,2316.0,2671.8,1416.0,360
2026-01-25 22:00:00,weekend,place-brdwy,Broadway,Red Line,30.0,3513.1,3928.7,2393.2,351
2026-01-25 22:00:00,weekend,place-cntsq,Central,Red Line,37.0,8250.8,8876.6,6683.3,361
2026-01-25 22:00:00,weekend,place-chmnl,Charles/MGH,Red Line,26.0,5543.2,6654.1,2760.4,361
2026-01-25 22:00:00,weekend,place-chncl,Chinatown,Orange Line,28.0,3955.4,4305.4,3078.5,361
2026-01-25 22:00:00,weekend,place-ccmnl,Community College,Orange Line,13.0,2457.6,3023.7,1039.7,361
2026-01-25 22:00:00,weekend,place-coecl,Copley,Green Line,59.0,7980.6,7980.3,7981.3,350
2026-01-25 22:00:00,weekend,place-crtst,Courthouse,Silver Line,8.0,2253.6,2567.2,1468.3,361
2026-01-25 22:00:00,weekend,place-davis,Davis,Red Line,14.0,4866.6,5296.7,3789.1,361
2026-01-25 22:00:00,weekend,place-dwnxg,Downtown Crossing,"Orange Line, Red Line",52.0,10888.3,12269.6,7428.3,361
2026-01-25 22:00:00,weekend,place-fldcr,Fields Corner,Red Line,9.0,2377.4,2697.5,1575.7,361
2026-01-25 22:00:00,weekend,place-forhl,Forest Hills,Orange Line,30.0,6328.0,7469.5,3468.6,361
2026-01-25 22:00:00,weekend,place-gover,Government Center,"Blue Line, Green Line",27.0,4821.1,5170.1,3947.0,361
2026-01-25 22:00:00,weekend,place-grnst,Green Street,Orange Line,5.0,1799.9,2077.1,1101.4,359
2026-01-25 22:00:00,weekend,place-harsq,Harvard,Red Line,48.0,10860.0,11361.2,9604.7,361
2026-01-25 22:00:00,weekend,place-haecl,Haymarket,"Green Line, Orange Line",55.0,6453.5,6748.3,5715.2,361
2026-01-25 22:00:00,weekend,place-hymnl,Hynes Convention Center,Green Line,22.0,5288.6,5220.1,5460.7,355
2026-01-25 22:00:00,weekend,place-jfk,JFK/UMass,Red Line,16.0,4084.5,4808.4,2173.9,353
2026-01-25 22:00:00,weekend,place-jaksn,Jackson Square,Orange Line,14.0,2846.1,3326.1,1631.9,360
2026-01-25 22:00:00,weekend,place-knncl,Kendall/MIT,Red Line,25.0,8412.3,9925.9,4498.5,355
2026-01-25 22:00:00,weekend,place-kencl,Kenmore,Green Line,32.0,4439.8,4535.1,4203.1,352
2026-01-25 22:00:00,weekend,place-mlmnl,Malden Center,Orange Line,21.0,5719.4,6595.3,3525.2,361
2026-01-25 22:00:00,weekend,place-masta,Massachusetts Avenue,Orange Line,22.0,3184.2,3658.5,1996.0,361
2026-01-25 22:00:00,weekend,place-matt,Mattapan Line,Mattapan Line,5.76,2785.5,3271.4,1568.2,361
2026-01-25 22:00:00,weekend,place-mvbcl,Maverick,Blue Line,14.0,7320.1,8106.1,5351.5,361
2026-01-25 22:00:00,weekend,place-nqncy,North Quincy,Red Line,11.0,2886.8,3386.6,1634.9,361
2026-01-25 22:00:00,weekend,place-north,North Station,"Green Line, Orange Line",59.0,11662.5,13084.0,8031.2,359
2026-01-25 22:00:00,weekend,place-ogmnl,Oak Grove,Orange Line,3.0,3496.9,4070.8,2045.5,360
2026-01-25 22:00:00,weekend,place-orhte,Orient Heights,Blue Line,8.0,3047.0,3426.0,2079.0,359
2026-01-25 22:00:00,weekend,place-pktrm,Park Street,"Green Line, Red Line",65.0,8842.8,9190.0,7973.2,361
2026-01-25 22:00:00,weekend,place-portr,Porter,Red Line,18.0,4190.9,4505.7,3402.5,361
2026-01-25 22:00:00,weekend,place-prmnl,Prudential,Green Line,35.0,2182.0,2137.6,2292.7,353
2026-01-25 22:00:00,weekend,place-qamnl,Quincy Adams,Red Line,5.0,1560.4,1835.5,867.2,359
2026-01-25 22:00:00,weekend,place-qnctr,Quincy Center,Red Line,15.0,3374.7,3868.8,2094.1,352
2026-01-25 22:00:00,weekend,place-rbmnl,Revere Beach,Blue Line,3.0,2267.8,2518.2,1633.2,357
2026-01-25 22:00:00,weekend,place-rcmnl,Roxbury Crossing,Orange Line,12.0,2916.6,3388.0,1712.4,359
2026-01-25 22:00:00,weekend,place-rugg,Ruggles,Orange Line,28.0,5463.2,6671.9,2435.5,361
2026-01-25 22:00:00,weekend,place-shmnl,Savin Hill,Red Line,7.0,1248.0,1417.1,824.3,361
2026-01-25 22:00:00,weekend,place-spmnl,Science Park,Green Line,1.0,733.3,762.6,660.0,361
2026-01-25 22:00:00,weekend,place-smmnl,Shawmut,Red Line,2.0,1085.6,1267.3,630.5,361
2026-01-25 22:00:00,weekend,place-sstat,South Station,"Red Line, Silver Line",88.0,11868.8,13721.2,7126.5,356
2026-01-25 22:00:00,weekend,place-state,State Street,"Blue Line, Orange Line",29.0,7246.9,8717.0,3578.8,360
2026-01-25 22:00:00,weekend,place-sbmnl,Stony Brook,Orange Line,10.0,1897.8,2150.5,1257.4,357
2026-01-25 22:00:00,weekend,place-sull,Sullivan Square,Orange Line,18.0,3949.4,4501.9,2538.3,359
2026-01-25 22:00:00,weekend,place-symcl,Symphony,Green Line,5.0,946.3,920.8,1010.2,327
2026-01-25 22:00:00,weekend,place-tumnl,Tufts Medical Center,Orange Line,14.0,3777.8,4535.5,1880.0,361
2026-01-25 22:00:00,weekend,place-welln,Wellington,Orange Line,21.0,3899.1,4551.5,2215.9,358
2026-01-25 22:00:00,weekend,place-wlsta,Wollaston,Red Line,3.0,1734.5,2020.8,1017.4,361
2026-01-25 22:00:00,weekend,place-wondl,Wonderland,Blue Line,15.0,3759.9,4264.2,2469.0,356
2026-01-25 22:00:00,weekend,place-wtcst,World Trade Center,Silver Line,15.0,1200.2,1316.5,909.0,361
2026-01-25 23:00:00,weekend,place-aport,Airport,Blue Line,16.0,6078.3,6569.2,4836.4,360
2026-01-25 23:00:00,weekend,place-alfcl,Alewife,Red Line,10.0,5780.6,6616.4,3687.0,361
2026-01-25 23:00:00,weekend,place-andrw,Andrew,Red Line,13.0,3255.3,3702.9,2134.3,361
2026-01-25 23:00:00,weekend,place-aqucl,Aquarium,Blue Line,8.0,3333.0,3432.4,3084.2,361
2026-01-25 23:00:00,weekend,place-armnl,Arlington,Green Line,11.0,3907.7,3974.4,3739.3,349
2026-01-25 23:00:00,weekend,place-asmnl,Ashmont,Red Line,15.0,3756.3,4380.3,2193.5,361
2026-01-25 23:00:00,weekend,place-astao,Assembly,Orange Line,1.0,2967.9,3119.5,2588.3,361
2026-01-25 23:00:00,weekend,place-bbsta,Back Bay,Orange Line,43.0,10028.9,11471.0,6270.6,357
2026-01-25 23:00:00,weekend,place-bmmnl,Beachmont,Blue Line,3.0,2348.0,2653.2,1560.5,358
2026-01-25 23:00:00,weekend,place-bomnl,Bowdoin,Blue Line,5.0,1406.3,1701.8,666.0,361
2026-01-25 23:00:00,weekend,place-boyls,Boylston,Green Line,8.0,3859.1,3732.2,4181.6,347
2026-01-25 23:00:00,weekend,place-brntn,Braintree,Red Line,7.0,2316.0,2671.8,1416.0,360
2026-01-25 23:00:00,weekend,place-brdwy,Broadway,Red Line,22.0,3513.1,3928.7,2393.2,351
2026-01-25 23:00:00,weekend,place-cntsq,Central,Red Line,25.0,8250.8,8876.6,6683.3,361
2026-01-25 23:00:00,weekend,place-chmnl,Charles/MGH,Red Line,32.0,5543.2,6654.1,2760.4,361
2026-01-25 23:00:00,weekend,place-chncl,Chinatown,Orange Line,21.0,3955.4,4305.4,3078.5,361
2026-01-25 23:00:00,weekend,place-ccmnl,Community College,Orange Line,14.0,2457.6,3023.7,1039.7,361
2026-01-25 23:00:00,weekend,place-coecl,Copley,Green Line,39.0,7980.6,7980.3,7981.3,350
2026-01-25 23:00:00,weekend,place-crtst,Courthouse,Silver Line,7.0,2253.6,2567.2,1468.3,361
2026-01-25 23:00:00,weekend,place-davis,Davis,Red Line,7.0,4866.6,5296.7,3789.1,361
2026-01-25 23:00:00,weekend,place-dwnxg,Downtown Crossing,"Orange Line, Red Line",43.0,10888.3,12269.6,7428.3,361
2026-01-25 23:00:00,weekend,place-fldcr,Fields Corner,Red Line,3.0,2377.4,2697.5,1575.7,361
2026-01-25 23:00:00,weekend,place-forhl,Forest Hills,Orange Line,15.0,6328.0,7469.5,3468.6,361
2026-01-25 23:00:00,weekend,place-gover,Government Center,"Blue Line, Green Line",14.0,4821.1,5170.1,3947.0,361
2026-01-25 23:00:00,weekend,place-grnst,Green Street,Orange Line,2.0,1799.9,2077.1,1101.4,359
2026-01-25 23:00:00,weekend,place-harsq,Harvard,Red Line,42.0,10860.0,11361.2,9604.7,361
2026-01-25 23:00:00,weekend,place-haecl,Haymarket,"Green Line, Orange Line",48.0,6453.5,6748.3,5715.2,361
2026-01-25 23:00:00,weekend,place-hymnl,Hynes Convention Center,Green Line,11.0,5288.6,5220.1,5460.7,355
2026-01-25 23:00:00,weekend,place-jfk,JFK/UMass,Red Line,12.0,4084.5,4808.4,2173.9,353
2026-01-25 23:00:00,weekend,place-jaksn,Jackson Square,Orange Line,10.0,2846.1,3326.1,1631.9,360
2026-01-25 23:00:00,weekend,place-knncl,Kendall/MIT,Red Line,27.0,8412.3,9925.9,4498.5,355
2026-01-25 23:00:00,weekend,place-kencl,Kenmore,Green Line,26.0,4439.8,4535.1,4203.1,352
2026-01-25 23:00:00,weekend,place-mlmnl,Malden Center,Orange Line,14.0,5719.4,6595.3,3525.2,361
2026-01-25 23:00:00,weekend,place-masta,Massachusetts Avenue,Orange Line,10.0,3184.2,3658.5,1996.0,361
2026-01-25 23:00:00,weekend,place-matt,Mattapan Line,Mattapan Line,11.52,2785.5,3271.4,1568.2,361
2026-01-25 23:00:00,weekend,place-mvbcl,Maverick,Blue Line,7.0,7320.1,8106.1,5351.5,361
2026-01-25 23:00:00,weekend,place-nqncy,North Quincy,Red Line,3.0,2886.8,3386.6,1634.9,361
2026-01-25 23:00:00,weekend,place-north,North Station,"Green Line, Orange Line",43.0,11662.5,13084.0,8031.2,359
2026-01-25 23:00:00,weekend,place-ogmnl,Oak Grove,Orange Line,1.0,3496.9,4070.8,2045.5,360
2026-01-25 23:00:00,weekend,place-orhte,Orient Heights,Blue Line,5.0,3047.0,3426.0,2079.0,359
2026-01-25 23:00:00,weekend,place-pktrm,Park Street,"Green Line, Red Line",42.0,8842.8,9190.0,7973.2,361
2026-01-25 23:00:00,weekend,place-portr,Porter,Red Line,9.0,4190.9,4505.7,3402.5,361
2026-01-25 23:00:00,weekend,place-prmnl,Prudential,Green Line,18.0,2182.0,2137.6,2292.7,353
2026-01-25 23:00:00,weekend,place-qamnl,Quincy Adams,Red Line,3.0,1560.4,1835.5,867.2,359
2026-01-25 23:00:00,weekend,place-qnctr,Quincy Center,Red Line,6.0,3374.7,3868.8,2094.1,352
2026-01-25 23:00:00,weekend,place-rbmnl,Revere Beach,Blue Line,7.0,2267.8,2518.2,1633.2,357
2026-01-25 23:00:00,weekend,place-river,Riverside,Green Line,1.0,899.9,901.1,896.9,360
2026-01-25 23:00:00,weekend,place-rcmnl,Roxbury Crossing,Orange Line,11.0,2916.6,3388.0,1712.4,359
2026-01-25 23:00:00,weekend,place-rugg,Ruggles,Orange Line,25.0,5463.2,6671.9,2435.5,361
2026-01-25 23:00:00,weekend,place-shmnl,Savin Hill,Red Line,2.0,1248.0,1417.1,824.3,361
2026-01-25 23:00:00,weekend,place-spmnl,Science Park,Green Line,5.0,733.3,762.6,660.0,361
2026-01-25 23:00:00,weekend,place-smmnl,Shawmut,Red Line,2.0,1085.6,1267.3,630.5,361
2026-01-25 23:00:00,weekend,place-sstat,South Station,"Red Line, Silver Line",56.0,11868.8,13721.2,7126.5,356
2026-01-25 23:00:00,weekend,place-state,State Street,"Blue Line, Orange Line",39.0,7246.9,8717.0,3578.8,360
2026-01-25 23:00:00,weekend,place-sbmnl,Stony Brook,Orange Line,7.0,1897.8,2150.5,1257.4,357
2026-01-25 23:00:00,weekend,place-sull,Sullivan Square,Orange Line,19.0,3949.4,4501.9,2538.3,359
2026-01-25 23:00:00,weekend,place-symcl,Symphony,Green Line,1.0,946.3,920.8,1010.2,327
2026-01-25 23:00:00,weekend,place-tumnl,Tufts Medical Center,Orange Line,17.0,3777.8,4535.5,1880.0,361
2026-01-25 23:00:00,weekend,place-welln,Wellington,Orange Line,8.0,3899.1,4551.5,2215.9,358
2026-01-25 23:00:00,weekend,place-wlsta,Wollaston,Red Line,2.0,1734.5,2020.8,1017.4,361
2026-01-25 23:00:00,weekend,place-wondl,Wonderland,Blue Line,10.0,3759.9,4264.2,2469.0,356
2026-01-25 23:00:00,weekend,place-wtcst,World Trade Center,Silver Line,7.0,1200.2,1316.5,909.0,361
2026-01-26 00:00:00,weekday,place-aport,Airport,Blue Line,7.0,6078.3,6569.2,4836.4,360
2026-01-26 00:00:00,weekday,place-alfcl,Alewife,Red Line,3.0,5780.6,6616.4,3687.0,361
2026-01-26 00:00:00,weekday,place-andrw,Andrew,Red Line,4.0,3255.3,3702.9,2134.3,361
2026-01-26 00:00:00,weekday,place-aqucl,Aquarium,Blue Line,1.0,3333.0,3432.4,3084.2,361
2026-01-26 00:00:00,weekday,place-armnl,Arlington,Green Line,4.0,3907.7,3974.4,3739.3,349
2026-01-26 00:00:00,weekday,place-asmnl,Ashmont,Red Line,10.0,3756.3,4380.3,2193.5,361
2026-01-26 00:00:00,weekday,place-bbsta,Back Bay,Orange Line,23.0,10028.9,11471.0,6270.6,357
2026-01-26 00:00:00,weekday,place-bmmnl,Beachmont,Blue Line,1.0,2348.0,2653.2,1560.5,358
2026-01-26 00:00:00,weekday,place-bomnl,Bowdoin,Blue Line,1.0,1406.3,1701.8,666.0,361
2026-01-26 00:00:00,weekday,place-boyls,Boylston,Green Line,8.0,3859.1,3732.2,4181.6,347
2026-01-26 00:00:00,weekday,place-brntn,Braintree,Red Line,2.0,2316.0,2671.8,1416.0,360
2026-01-26 00:00:00,weekday,place-brdwy,Broadway,Red Line,5.0,3513.1,3928.7,2393.2,351
2026-01-26 00:00:00,weekday,place-cntsq,Central,Red Line,5.0,8250.8,8876.6,6683.3,361
2026-01-26 00:00:00,weekday,place-chmnl,Charles/MGH,Red Line,5.0,5543.2,6654.1,2760.4,361
2026-01-26 00:00:00,weekday,place-chncl,Chinatown,Orange Line,9.0,3955.4,4305.4,3078.5,361
2026-01-26 00:00:00,weekday,place-coecl,Copley,Green Line,9.0,7980.6,7980.3,7981.3,350
2026-01-26 00:00:00,weekday,place-davis,Davis,Red Line,4.0,4866.6,5296.7,3789.1,361
2026-01-26 00:00:00,weekday,place-dwnxg,Downtown Crossing,"Orange Line, Red Line",18.0,10888.3,12269.6,7428.3,361
2026-01-26 00:00:00,weekday,place-forhl,Forest Hills,Orange Line,3.0,6328.0,7469.5,3468.6,361
2026-01-26 00:00:00,weekday,place-gover,Government Center,"Blue Line, Green Line",10.0,4821.1,5170.1,3947.0,361
2026-01-26 00:00:00,weekday,place-grnst,Green Street,Orange Line,4.0,1799.9,2077.1,1101.4,359
2026-01-26 00:00:00,weekday,place-harsq,Harvard,Red Line,14.0,10860.0,11361.2,9604.7,361
2026-01-26 00:00:00,weekday,place-haecl,Haymarket,"Green Line, Orange Line",11.0,6453.5,6748.3,5715.2,361
2026-01-26 00:00:00,weekday,place-hymnl,Hynes Convention Center,Green Line,9.0,5288.6,5220.1,5460.7,355
2026-01-26 00:00:00,weekday,place-jfk,JFK/UMass,Red Line,2.0,4084.5,4808.4,2173.9,353
2026-01-26 00:00:00,weekday,place-jaksn,Jackson Square,Orange Line,3.0,2846.1,3326.1,1631.9,360
2026-01-26 00:00:00,weekday,place-knncl,Kendall/MIT,Red Line,9.0,8412.3,9925.9,4498.5,355
2026-01-26 00:00:00,weekday,place-kencl,Kenmore,Green Line,9.0,4439.8,4535.1,4203.1,352
2026-01-26 00:00:00,weekday,place-mlmnl,Malden Center,Orange Line,2.0,5719.4,6595.3,3525.2,361
2026-01-26 00:00:00,weekday,place-masta,Massachusetts Avenue,Orange Line,8.0,3184.2,3658.5,1996.0,361
2026-01-26 00:00:00,weekday,place-matt,Mattapan Line,Mattapan Line,6.91,2785.5,3271.4,1568.2,361
2026-01-26 00:00:00,weekday,place-mvbcl,Maverick,Blue Line,2.0,7320.1,8106.1,5351.5,361
2026-01-26 00:00:00,weekday,place-nqncy,North Quincy,Red Line,1.0,2886.8,3386.6,1634.9,361
2026-01-26 00:00:00,weekday,place-north,North Station,"Green Line, Orange Line",13.0,11662.5,13084.0,8031.2,359
2026-01-26 00:00:00,weekday,place-ogmnl,Oak Grove,Orange Line,4.0,3496.9,4070.8,2045.5,360
2026-01-26 00:00:00,weekday,place-orhte,Orient Heights,Blue Line,1.0,3047.0,3426.0,2079.0,359
2026-01-26 00:00:00,weekday,place-pktrm,Park Street,"Green Line, Red Line",24.0,8842.8,9190.0,7973.2,361
2026-01-26 00:00:00,weekday,place-portr,Porter,Red Line,7.0,4190.9,4505.7,3402.5,361
2026-01-26 00:00:00,weekday,place-prmnl,Prudential,Green Line,2.0,2182.0,2137.6,2292.7,353
2026-01-26 00:00:00,weekday,place-qnctr,Quincy Center,Red Line,3.0,3374.7,3868.8,2094.1,352
2026-01-26 00:00:00,weekday,place-rbmnl,Revere Beach,Blue Line,1.0,2267.8,2518.2,1633.2,357
2026-01-26 00:00:00,weekday,place-rcmnl,Roxbury Crossing,Orange Line,2.0,2916.6,3388.0,1712.4,359
2026-01-26 00:00:00,weekday,place-rugg,Ruggles,Orange Line,12.0,5463.2,6671.9,2435.5,361
2026-01-26 00:00:00,weekday,place-shmnl,Savin Hill,Red Line,2.0,1248.0,1417.1,824.3,361
2026-01-26 00:00:00,weekday,place-sstat,South Station,"Red Line, Silver Line",15.0,11868.8,13721.2,7126.5,356
2026-01-26 00:00:00,weekday,place-state,State Street,"Blue Line, Orange Line",9.0,7246.9,8717.0,3578.8,360
2026-01-26 00:00:00,weekday,place-sbmnl,Stony Brook,Orange Line,3.0,1897.8,2150.5,1257.4,357
2026-01-26 00:00:00,weekday,place-sull,Sullivan Square,Orange Line,15.0,3949.4,4501.9,2538.3,359
2026-01-26 00:00:00,weekday,place-symcl,Symphony,Green Line,3.0,946.3,920.8,1010.2,327
2026-01-26 00:00:00,weekday,place-tumnl,Tufts Medical Center,Orange Line,1.0,3777.8,4535.5,1880.0,361
2026-01-26 00:00:00,weekday,place-welln,Wellington,Orange Line,1.0,3899.1,4551.5,2215.9,358
2026-01-26 00:00:00,weekday,place-wlsta,Wollaston,Red Line,1.0,1734.5,2020.8,1017.4,361
2026-01-26 00:00:00,weekday,place-wondl,Wonderland,Blue Line,5.0,3759.9,4264.2,2469.0,356
2026-01-26 00:00:00,weekday,place-wtcst,World Trade Center,Silver Line,4.0,1200.2,1316.5,909.0,361
2026-01-26 01:00:00,weekday,place-aport,Airport,Blue Line,3.0,6078.3,6569.2,4836.4,360
2026-01-26 01:00:00,weekday,place-alfcl,Alewife,Red Line,5.0,5780.6,6616.4,3687.0,361
2026-01-26 01:00:00,weekday,place-andrw,Andrew,Red Line,2.0,3255.3,3702.9,2134.3,361
2026-01-26 01:00:00,weekday,place-aqucl,Aquarium,Blue Line,4.0,3333.0,3432.4,3084.2,361
2026-01-26 01:00:00,weekday,place-asmnl,Ashmont,Red Line,3.0,3756.3,4380.3,2193.5,361
2026-01-26 01:00:00,weekday,place-bbsta,Back Bay,Orange Line,1.0,10028.9,11471.0,6270.6,357
2026-01-26 01:00:00,weekday,place-bomnl,Bowdoin,Blue Line,1.0,1406.3,1701.8,666.0,361
2026-01-26 01:00:00,weekday,place-boyls,Boylston,Green Line,2.0,3859.1,3732.2,4181.6,347
2026-01-26 01:00:00,weekday,place-brntn,Braintree,Red Line,4.0,2316.0,2671.8,1416.0,360
2026-01-26 01:00:00,weekday,place-cntsq,Central,Red Line,4.0,8250.8,8876.6,6683.3,361
2026-01-26 01:00:00,weekday,place-chmnl,Charles/MGH,Red Line,1.0,5543.2,6654.1,2760.4,361
2026-01-26 01:00:00,weekday,place-chncl,Chinatown,Orange Line,2.0,3955.4,4305.4,3078.5,361
2026-01-26 01:00:00,weekday,place-ccmnl,Community College,Orange Line,1.0,2457.6,3023.7,1039.7,361
2026-01-26 01:00:00,weekday,place-coecl,Copley,Green Line,3.0,7980.6,7980.3,7981.3,350
2026-01-26 01:00:00,weekday,place-crtst,Courthouse,Silver Line,2.0,2253.6,2567.2,1468.3,361
2026-01-26 01:00:00,weekday,place-dwnxg,Downtown Crossing,"Orange Line, Red Line",5.0,10888.3,12269.6,7428.3,361
2026-01-26 01:00:00,weekday,place-fldcr,Fields Corner,Red Line,1.0,2377.4,2697.5,1575.7,361
2026-01-26 01:00:00,weekday,place-forhl,Forest Hills,Orange Line,4.0,6328.0,7469.5,3468.6,361
2026-01-26 01:00:00,weekday,place-gover,Government Center,"Blue Line, Green Line",2.0,4821.1,5170.1,3947.0,361
2026-01-26 01:00:00,weekday,place-harsq,Harvard,Red Line,2.0,10860.0,11361.2,9604.7,361
2026-01-26 01:00:00,weekday,place-haecl,Haymarket,"Green Line, Orange Line",2.0,6453.5,6748.3,5715.2,361
2026-01-26 01:00:00,weekday,place-jfk,JFK/UMass,Red Line,1.0,4084.5,4808.4,2173.9,353
2026-01-26 01:00:00,weekday,place-knncl,Kendall/MIT,Red Line,3.0,8412.3,9925.9,4498.5,355
2026-01-26 01:00:00,weekday,place-kencl,Kenmore,Green Line,1.0,4439.8,4535.1,4203.1,352
2026-01-26 01:00:00,weekday,place-mlmnl,Malden Center,Orange Line,1.0,5719.4,6595.3,3525.2,361
2026-01-26 01:00:00,weekday,place-masta,Massachusetts Avenue,Orange Line,3.0,3184.2,3658.5,1996.0,361
2026-01-26 01:00:00,weekday,place-matt,Mattapan Line,Mattapan Line,2.3,2785.5,3271.4,1568.2,361
2026-01-26 01:00:00,weekday,place-mvbcl,Maverick,Blue Line,1.0,7320.1,8106.1,5351.5,361
2026-01-26 01:00:00,weekday,place-nqncy,North Quincy,Red Line,1.0,2886.8,3386.6,1634.9,361
2026-01-26 01:00:00,weekday,place-north,North Station,"Green Line, Orange Line",4.0,11662.5,13084.0,8031.2,359
2026-01-26 01:00:00,weekday,place-ogmnl,Oak Grove,Orange Line,1.0,3496.9,4070.8,2045.5,360
2026-01-26 01:00:00,weekday,place-orhte,Orient Heights,Blue Line,2.0,3047.0,3426.0,2079.0,359
2026-01-26 01:00:00,weekday,place-pktrm,Park Street,"Green Line, Red Line",4.0,8842.8,9190.0,7973.2,361
2026-01-26 01:00:00,weekday,place-portr,Porter,Red Line,2.0,4190.9,4505.7,3402.5,361
2026-01-26 01:00:00,weekday,place-prmnl,Prudential,Green Line,2.0,2182.0,2137.6,2292.7,353
2026-01-26 01:00:00,weekday,place-qamnl,Quincy Adams,Red Line,3.0,1560.4,1835.5,867.2,359
2026-01-26 01:00:00,weekday,place-qnctr,Quincy Center,Red Line,3.0,3374.7,3868.8,2094.1,352
2026-01-26 01:00:00,weekday,place-river,Riverside,Green Line,2.0,899.9,901.1,896.9,360
2026-01-26 01:00:00,weekday,place-rcmnl,Roxbury Crossing,Orange Line,2.0,2916.6,3388.0,1712.4,359
2026-01-26 01:00:00,weekday,place-rugg,Ruggles,Orange Line,4.0,5463.2,6671.9,2435.5,361
2026-01-26 01:00:00,weekday,place-shmnl,Savin Hill,Red Line,1.0,1248.0,1417.1,824.3,361
2026-01-26 01:00:00,weekday,place-sstat,South Station,"Red Line, Silver Line",2.0,11868.8,13721.2,7126.5,356
2026-01-26 01:00:00,weekday,place-sull,Sullivan Square,Orange Line,2.0,3949.4,4501.9,2538.3,359
2026-01-26 01:00:00,weekday,place-welln,Wellington,Orange Line,1.0,3899.1,4551.5,2215.9,358
2026-01-26 01:00:00,weekday,place-wlsta,Wollaston,Red Line,1.0,1734.5,2020.8,1017.4,361
2026-01-26 01:00:00,weekday,place-wondl,Wonderland,Blue Line,6.0,3759.9,4264.2,2469.0,356
2026-01-26 01:00:00,weekday,place-wimnl,Wood Island,Blue Line,1.0,1318.7,1467.7,932.0,356
2026-01-26 01:00:00,weekday,place-wtcst,World Trade Center,Silver Line,1.0,1200.2,1316.5,909.0,361
2026-01-26 02:00:00,weekday,place-alfcl,Alewife,Red Line,2.0,5780.6,6616.4,3687.0,361
2026-01-26 02:00:00,weekday,place-armnl,Arlington,Green Line,1.0,3907.7,3974.4,3739.3,349
2026-01-26 02:00:00,weekday,place-asmnl,Ashmont,Red Line,2.0,3756.3,4380.3,2193.5,361
2026-01-26 02:00:00,weekday,place-astao,Assembly,Orange Line,1.0,2967.9,3119.5,2588.3,361
2026-01-26 02:00:00,weekday,place-bmmnl,Beachmont,Blue Line,1.0,2348.0,2653.2,1560.5,358
2026-01-26 02:00:00,weekday,place-brntn,Braintree,Red Line,1.0,2316.0,2671.8,1416.0,360
2026-01-26 02:00:00,weekday,place-cntsq,Central,Red Line,1.0,8250.8,8876.6,6683.3,361
2026-01-26 02:00:00,weekday,place-chncl,Chinatown,Orange Line,2.0,3955.4,4305.4,3078.5,361
2026-01-26 02:00:00,weekday,place-dwnxg,Downtown Crossing,"Orange Line, Red Line",3.0,10888.3,12269.6,7428.3,361
2026-01-26 02:00:00,weekday,place-forhl,Forest Hills,Orange Line,2.0,6328.0,7469.5,3468.6,361
2026-01-26 02:00:00,weekday,place-harsq,Harvard,Red Line,2.0,10860.0,11361.2,9604.7,361
2026-01-26 02:00:00,weekday,place-kencl,Kenmore,Green Line,1.0,4439.8,4535.1,4203.1,352
2026-01-26 02:00:00,weekday,place-mlmnl,Malden Center,Orange Line,1.0,5719.4,6595.3,3525.2,361
2026-01-26 02:00:00,weekday,place-masta,Massachusetts Avenue,Orange Line,3.0,3184.2,3658.5,1996.0,361
2026-01-26 02:00:00,weekday,place-matt,Mattapan Line,Mattapan Line,2.3,2785.5,3271.4,1568.2,361
2026-01-26 02:00:00,weekday,place-north,North Station,"Green Line, Orange Line",1.0,11662.5,13084.0,8031.2,359
2026-01-26 02:00:00,weekday,place-pktrm,Park Street,"Green Line, Red Line",2.0,8842.8,9190.0,7973.2,361
2026-01-26 02:00:00,weekday,place-portr,Porter,Red Line,1.0,4190.9,4505.7,3402.5,361
2026-01-26 02:00:00,weekday,place-qamnl,Quincy Adams,Red Line,1.0,1560.4,1835.5,867.2,359
2026-01-26 02:00:00,weekday,place-rugg,Ruggles,Orange Line,1.0,5463.2,6671.9,2435.5,361
2026-01-26 02:00:00,weekday,place-sull,Sullivan Square,Orange Line,1.0,3949.4,4501.9,2538.3,359
2026-01-26 02:00:00,weekday,place-tumnl,Tufts Medical Center,Orange Line,6.0,3777.8,4535.5,1880.0,361
2026-01-26 02:00:00,weekday,place-wondl,Wonderland,Blue Line,4.0,3759.9,4264.2,2469.0,356
2026-01-26 02:00:00,weekday,place-wimnl,Wood Island,Blue Line,2.0,1318.7,1467.7,932.0,356
2026-01-26 03:00:00,weekday,place-asmnl,Ashmont,Red Line,3.0,3756.3,4380.3,2193.5,361
2026-01-26 03:00:00,weekday,place-astao,Assembly,Orange Line,2.0,2967.9,3119.5,2588.3,361
2026-01-26 03:00:00,weekday,place-ccmnl,Community College,Orange Line,1.0,2457.6,3023.7,1039.7,361
2026-01-26 03:00:00,weekday,place-coecl,Copley,Green Line,2.0,7980.6,7980.3,7981.3,350
2026-01-26 03:00:00,weekday,place-dwnxg,Downtown Crossing,"Orange Line, Red Line",1.0,10888.3,12269.6,7428.3,361
2026-01-26 03:00:00,weekday,place-forhl,Forest Hills,Orange Line,4.0,6328.0,7469.5,3468.6,361
2026-01-26 03:00:00,weekday,place-haecl,Haymarket,"Green Line, Orange Line",3.0,6453.5,6748.3,5715.2,361
2026-01-26 03:00:00,weekday,place-jaksn,Jackson Square,Orange Line,1.0,2846.1,3326.1,1631.9,360
2026-01-26 03:00:00,weekday,place-kencl,Kenmore,Green Line,1.0,4439.8,4535.1,4203.1,352
2026-01-26 03:00:00,weekday,place-masta,Massachusetts Avenue,Orange Line,1.0,3184.2,3658.5,1996.0,361
2026-01-26 03:00:00,weekday,place-matt,Mattapan Line,Mattapan Line,2.3,2785.5,3271.4,1568.2,361
2026-01-26 03:00:00,weekday,place-north,North Station,"Green Line, Orange Line",2.0,11662.5,13084.0,8031.2,359
2026-01-26 03:00:00,weekday,place-rbmnl,Revere Beach,Blue Line,1.0,2267.8,2518.2,1633.2,357
2026-01-26 03:00:00,weekday,place-rcmnl,Roxbury Crossing,Orange Line,1.0,2916.6,3388.0,1712.4,359
2026-01-26 03:00:00,weekday,place-smmnl,Shawmut,Red Line,1.0,1085.6,1267.3,630.5,361
2026-01-26 03:00:00,weekday,place-sull,Sullivan Square,Orange Line,2.0,3949.4,4501.9,2538.3,359
2026-01-26 03:00:00,weekday,place-tumnl,Tufts Medical Center,Orange Line,1.0,3777.8,4535.5,1880.0,361
2026-01-26 03:00:00,weekday,place-welln,Wellington,Orange Line,1.0,3899.1,4551.5,2215.9,358
2026-01-26 03:00:00,weekday,place-wlsta,Wollaston,Red Line,2.0,1734.5,2020.8,1017.4,361
2026-01-26 03:00:00,weekday,place-wondl,Wonderland,Blue Line,1.0,3759.9,4264.2,2469.0,356
2026-01-26 04:00:00,weekday,place-aport,Airport,Blue Line,2.0,6078.3,6569.2,4836.4,360
2026-01-26 04:00:00,weekday,place-alfcl,Alewife,Red Line,3.0,5780.6,6616.4,3687.0,361
2026-01-26 04:00:00,weekday,place-aqucl,Aquarium,Blue Line,2.0,3333.0,3432.4,3084.2,361
2026-01-26 04:00:00,weekday,place-armnl,Arlington,Green Line,2.0,3907.7,3974.4,3739.3,349
2026-01-26 04:00:00,weekday,place-asmnl,Ashmont,Red Line,3.0,3756.3,4380.3,2193.5,361
2026-01-26 04:00:00,weekday,place-bbsta,Back Bay,Orange Line,1.0,10028.9,11471.0,6270.6,357
2026-01-26 04:00:00,weekday,place-bmmnl,Beachmont,Blue Line,1.0,2348.0,2653.2,1560.5,358
2026-01-26 04:00:00,weekday,place-brntn,Braintree,Red Line,17.0,2316.0,2671.8,1416.0,360
2026-01-26 04:00:00,weekday,place-cntsq,Central,Red Line,1.0,8250.8,8876.6,6683.3,361
2026-01-26 04:00:00,weekday,place-chncl,Chinatown,Orange Line,1.0,3955.4,4305.4,3078.5,361
2026-01-26 04:00:00,weekday,place-ccmnl,Community College,Orange Line,1.0,2457.6,3023.7,1039.7,361
2026-01-26 04:00:00,weekday,place-coecl,Copley,Green Line,2.0,7980.6,7980.3,7981.3,350
2026-01-26 04:00:00,weekday,place-crtst,Courthouse,Silver Line,1.0,2253.6,2567.2,1468.3,361
2026-01-26 04:00:00,weekday,place-davis,Davis,Red Line,1.0,4866.6,5296.7,3789.1,361
2026-01-26 04:00:00,weekday,place-dwnxg,Downtown Crossing,"Orange Line, Red Line",1.0,10888.3,12269.6,7428.3,361
2026-01-26 04:00:00,weekday,place-fldcr,Fields Corner,Red Line,4.0,2377.4,2697.5,1575.7,361
2026-01-26 04:00:00,weekday,place-forhl,Forest Hills,Orange Line,1.0,6328.0,7469.5,3468.6,361
2026-01-26 04:00:00,weekday,place-gover,Government Center,"Blue Line, Green Line",3.0,4821.1,5170.1,3947.0,361
2026-01-26 04:00:00,weekday,place-haecl,Haymarket,"Green Line, Orange Line",7.0,6453.5,6748.3,5715.2,361
2026-01-26 04:00:00,weekday,place-hymnl,Hynes Convention Center,Green Line,1.0,5288.6,5220.1,5460.7,355
2026-01-26 04:00:00,weekday,place-jfk,JFK/UMass,Red Line,2.0,4084.5,4808.4,2173.9,353
2026-01-26 04:00:00,weekday,place-jaksn,Jackson Square,Orange Line,2.0,2846.1,3326.1,1631.9,360
2026-01-26 04:00:00,weekday,place-kencl,Kenmore,Green Line,1.0,4439.8,4535.1,4203.1,352
2026-01-26 04:00:00,weekday,place-mlmnl,Malden Center,Orange Line,2.0,5719.4,6595.3,3525.2,361
2026-01-26 04:00:00,weekday,place-masta,Massachusetts Avenue,Orange Line,2.0,3184.2,3658.5,1996.0,361
2026-01-26 04:00:00,weekday,place-nqncy,North Quincy,Red Line,2.0,2886.8,3386.6,1634.9,361
2026-01-26 04:00:00,weekday,place-north,North Station,"Green Line, Orange Line",4.0,11662.5,13084.0,8031.2,359
2026-01-26 04:00:00,weekday,place-ogmnl,Oak Grove,Orange Line,4.0,3496.9,4070.8,2045.5,360
2026-01-26 04:00:00,weekday,place-orhte,Orient Heights,Blue Line,5.0,3047.0,3426.0,2079.0,359
2026-01-26 04:00:00,weekday,place-pktrm,Park Street,"Green Line, Red Line",2.0,8842.8,9190.0,7973.2,361
2026-01-26 04:00:00,weekday,place-qamnl,Quincy Adams,Red Line,1.0,1560.4,1835.5,867.2,359
2026-01-26 04:00:00,weekday,place-qnctr,Quincy Center,Red Line,4.0,3374.7,3868.8,2094.1,352
2026-01-26 04:00:00,weekday,place-rbmnl,Revere Beach,Blue Line,1.0,2267.8,2518.2,1633.2,357
2026-01-26 04:00:00,weekday,place-river,Riverside,Green Line,3.0,899.9,901.1,896.9,360
2026-01-26 04:00:00,weekday,place-rugg,Ruggles,Orange Line,2.0,5463.2,6671.9,2435.5,361
2026-01-26 04:00:00,weekday,place-shmnl,Savin Hill,Red Line,1.0,1248.0,1417.1,824.3,361
2026-01-26 04:00:00,weekday,place-spmnl,Science Park,Green Line,1.0,733.3,762.6,660.0,361
2026-01-26 04:00:00,weekday,place-sstat,South Station,"Red Line, Silver Line",3.0,11868.8,13721.2,7126.5,356
2026-01-26 04:00:00,weekday,place-state,State Street,"Blue Line, Orange Line",3.0,7246.9,8717.0,3578.8,360
2026-01-26 04:00:00,weekday,place-sull,Sullivan Square,Orange Line,4.0,3949.4,4501.9,2538.3,359
2026-01-26 04:00:00,weekday,place-welln,Wellington,Orange Line,2.0,3899.1,4551.5,2215.9,358
2026-01-26 04:00:00,weekday,place-wlsta,Wollaston,Red Line,12.0,1734.5,2020.8,1017.4,361
2026-01-26 04:00:00,weekday,place-wondl,Wonderland,Blue Line,6.0,3759.9,4264.2,2469.0,356
2026-01-26 04:00:00,weekday,place-wtcst,World Trade Center,Silver Line,6.0,1200.2,1316.5,909.0,361
2026-01-26 05:00:00,weekday,place-aport,Airport,Blue Line,82.0,6078.3,6569.2,4836.4,360
2026-01-26 05:00:00,weekday,place-alfcl,Alewife,Red Line,37.0,5780.6,6616.4,3687.0,361
2026-01-26 05:00:00,weekday,place-andrw,Andrew,Red Line,36.0,3255.3,3702.9,2134.3,361
2026-01-26 05:00:00,weekday,place-aqucl,Aquarium,Blue Line,2.0,3333.0,3432.4,3084.2,361
2026-01-26 05:00:00,weekday,place-armnl,Arlington,Green Line,10.0,3907.7,3974.4,3739.3,349
2026-01-26 05:00:00,weekday,place-asmnl,Ashmont,Red Line,52.0,3756.3,4380.3,2193.5,361
2026-01-26 05:00:00,weekday,place-astao,Assembly,Orange Line,10.0,2967.9,3119.5,2588.3,361
2026-01-26 05:00:00,weekday,place-bbsta,Back Bay,Orange Line,17.0,10028.9,11471.0,6270.6,357
2026-01-26 05:00:00,weekday,place-balsq,Ball Square,Green Line,2.07,139.3,150.9,109.9,350
2026-01-26 05:00:00,weekday,place-bmmnl,Beachmont,Blue Line,56.0,2348.0,2653.2,1560.5,358
2026-01-26 05:00:00,weekday,place-bomnl,Bowdoin,Blue Line,2.0,1406.3,1701.8,666.0,361
2026-01-26 05:00:00,weekday,place-boyls,Boylston,Green Line,2.0,3859.1,3732.2,4181.6,347
2026-01-26 05:00:00,weekday,place-brntn,Braintree,Red Line,48.0,2316.0,2671.8,1416.0,360
2026-01-26 05:00:00,weekday,place-brdwy,Broadway,Red Line,27.0,3513.1,3928.7,2393.2,351
2026-01-26 05:00:00,weekday,place-cntsq,Central,Red Line,27.0,8250.8,8876.6,6683.3,361
2026-01-26 05:00:00,weekday,place-chmnl,Charles/MGH,Red Line,3.0,5543.2,6654.1,2760.4,361
2026-01-26 05:00:00,weekday,place-chncl,Chinatown,Orange Line,5.0,3955.4,4305.4,3078.5,361
2026-01-26 05:00:00,weekday,place-ccmnl,Community College,Orange Line,12.0,2457.6,3023.7,1039.7,361
2026-01-26 05:00:00,weekday,place-coecl,Copley,Green Line,17.0,7980.6,7980.3,7981.3,350
2026-01-26 05:00:00,weekday,place-crtst,Courthouse,Silver Line,7.0,2253.6,2567.2,1468.3,361
2026-01-26 05:00:00,weekday,place-davis,Davis,Red Line,28.0,4866.6,5296.7,3789.1,361
2026-01-26 05:00:00,weekday,place-dwnxg,Downtown Crossing,"Orange Line, Red Line",13.0,10888.3,12269.6,7428.3,361
2026-01-26 05:00:00,weekday,place-fldcr,Fields Corner,Red Line,46.0,2377.4,2697.5,1575.7,361
2026-01-26 05:00:00,weekday,place-forhl,Forest Hills,Orange Line,57.0,6328.0,7469.5,3468.6,361
2026-01-26 05:00:00,weekday,place-gilmn,Gilman Square,Green Line,2.51,264.1,286.5,207.2,351
2026-01-26 05:00:00,weekday,place-gover,Government Center,"Blue Line, Green Line",11.0,4821.1,5170.1,3947.0,361
2026-01-26 05:00:00,weekday,place-grnst,Green Street,Orange Line,17.0,1799.9,2077.1,1101.4,359
2026-01-26 05:00:00,weekday,place-harsq,Harvard,Red Line,43.0,10860.0,11361.2,9604.7,361
2026-01-26 05:00:00,weekday,place-haecl,Haymarket,"Green Line, Orange Line",51.0,6453.5,6748.3,5715.2,361
2026-01-26 05:00:00,weekday,place-hymnl,Hynes Convention Center,Green Line,11.0,5288.6,5220.1,5460.7,355
2026-01-26 05:00:00,weekday,place-jfk,JFK/UMass,Red Line,21.0,4084.5,4808.4,2173.9,353
2026-01-26 05:00:00,weekday,place-jaksn,Jackson Square,Orange Line,37.0,2846.1,3326.1,1631.9,360
2026-01-26 05:00:00,weekday,place-knncl,Kendall/MIT,Red Line,7.0,8412.3,9925.9,4498.5,355
2026-01-26 05:00:00,weekday,place-kencl,Kenmore,Green Line,16.0,4439.8,4535.1,4203.1,352
2026-01-26 05:00:00,weekday,place-mgngl,Magoun Square,Green Line,1.43,128.3,138.1,103.5,349
2026-01-26 05:00:00,weekday,place-mlmnl,Malden Center,Orange Line,80.0,5719.4,6595.3,3525.2,361
2026-01-26 05:00:00,weekday,place-masta,Massachusetts Avenue,Orange Line,8.0,3184.2,3658.5,1996.0,361
2026-01-26 05:00:00,weekday,place-matt,Mattapan Line,Mattapan Line,28.8,2785.5,3271.4,1568.2,361
2026-01-26 05:00:00,weekday,place-mvbcl,Maverick,Blue Line,90.0,7320.1,8106.1,5351.5,361
2026-01-26 05:00:00,weekday,place-nqncy,North Quincy,Red Line,25.0,2886.8,3386.6,1634.9,361
2026-01-26 05:00:00,weekday,place-north,North Station,"Green Line, Orange Line",48.0,11662.5,13084.0,8031.2,359
2026-01-26 05:00:00,weekday,place-ogmnl,Oak Grove,Orange Line,34.0,3496.9,4070.8,2045.5,360
2026-01-26 05:00:00,weekday,place-orhte,Orient Heights,Blue Line,29.0,3047.0,3426.0,2079.0,359
2026-01-26 05:00:00,weekday,place-pktrm,Park Street,"Green Line, Red Line",8.0,8842.8,9190.0,7973.2,361
2026-01-26 05:00:00,weekday,place-portr,Porter,Red Line,16.0,4190.9,4505.7,3402.5,361
2026-01-26 05:00:00,weekday,place-prmnl,Prudential,Green Line,8.0,2182.0,2137.6,2292.7,353
2026-01-26 05:00:00,weekday,place-qamnl,Quincy Adams,Red Line,26.0,1560.4,1835.5,867.2,359
2026-01-26 05:00:00,weekday,place-qnctr,Quincy Center,Red Line,51.0,3374.7,3868.8,2094.1,352
2026-01-26 05:00:00,weekday,place-rbmnl,Revere Beach,Blue Line,47.0,2267.8,2518.2,1633.2,357
2026-01-26 05:00:00,weekday,place-river,Riverside,Green Line,12.0,899.9,901.1,896.9,360
2026-01-26 05:00:00,weekday,place-rcmnl,Roxbury Crossing,Orange Line,13.0,2916.6,3388.0,1712.4,359
2026-01-26 05:00:00,weekday,place-rugg,Ruggles,Orange Line,25.0,5463.2,6671.9,2435.5,361
2026-01-26 05:00:00,weekday,place-shmnl,Savin Hill,Red Line,18.0,1248.0,1417.1,824.3,361
2026-01-26 05:00:00,weekday,place-smmnl,Shawmut,Red Line,19.0,1085.6,1267.3,630.5,361
2026-01-26 05:00:00,weekday,place-sstat,South Station,"Red Line, Silver Line",29.0,11868.8,13721.2,7126.5,356
2026-01-26 05:00:00,weekday,place-state,State Street,"Blue Line, Orange Line",6.0,7246.9,8717.0,3578.8,360
2026-01-26 05:00:00,weekday,place-sbmnl,Stony Brook,Orange Line,21.0,1897.8,2150.5,1257.4,357
2026-01-26 05:00:00,weekday,place-sull,Sullivan Square,Orange Line,69.0,3949.4,4501.9,2538.3,359
2026-01-26 05:00:00,weekday,place-symcl,Symphony,Green Line,5.0,946.3,920.8,1010.2,327
2026-01-26 05:00:00,weekday,place-tumnl,Tufts Medical Center,Orange Line,12.0,3777.8,4535.5,1880.0,361
2026-01-26 05:00:00,weekday,place-unsqu,Union Square,Green Line,2.07,135.3,144.6,111.3,347
2026-01-26 05:00:00,weekday,place-welln,Wellington,Orange Line,31.0,3899.1,4551.5,2215.9,358
2026-01-26 05:00:00,weekday,place-wlsta,Wollaston,Red Line,25.0,1734.5,2020.8,1017.4,361
2026-01-26 05:00:00,weekday,place-wondl,Wonderland,Blue Line,39.0,3759.9,4264.2,2469.0,356
2026-01-26 05:00:00,weekday,place-wimnl,Wood Island,Blue Line,3.0,1318.7,1467.7,932.0,356
2026-01-26 05:00:00,weekday,place-wtcst,World Trade Center,Silver Line,5.0,1200.2,1316.5,909.0,361
2026-01-26 06:00:00,weekday,place-aport,Airport,Blue Line,161.0,6078.3,6569.2,4836.4,360
2026-01-26 06:00:00,weekday,place-alfcl,Alewife,Red Line,68.0,5780.6,6616.4,3687.0,361
2026-01-26 06:00:00,weekday,place-andrw,Andrew,Red Line,68.0,3255.3,3702.9,2134.3,361
2026-01-26 06:00:00,weekday,place-aqucl,Aquarium,Blue Line,11.0,3333.0,3432.4,3084.2,361
2026-01-26 06:00:00,weekday,place-armnl,Arlington,Green Line,16.0,3907.7,3974.4,3739.3,349
2026-01-26 06:00:00,weekday,place-asmnl,Ashmont,Red Line,83.0,3756.3,4380.3,2193.5,361
2026-01-26 06:00:00,weekday,place-astao,Assembly,Orange Line,27.0,2967.9,3119.5,2588.3,361
2026-01-26 06:00:00,weekday,place-bbsta,Back Bay,Orange Line,44.0,10028.9,11471.0,6270.6,357
2026-01-26 06:00:00,weekday,place-bmmnl,Beachmont,Blue Line,61.0,2348.0,2653.2,1560.5,358
2026-01-26 06:00:00,weekday,place-bomnl,Bowdoin,Blue Line,11.0,1406.3,1701.8,666.0,361
2026-01-26 06:00:00,weekday,place-boyls,Boylston,Green Line,22.0,3859.1,3732.2,4181.6,347
2026-01-26 06:00:00,weekday,place-brntn,Braintree,Red Line,55.0,2316.0,2671.8,1416.0,360
2026-01-26 06:00:00,weekday,place-brdwy,Broadway,Red Line,72.0,3513.1,3928.7,2393.2,351
2026-01-26 06:00:00,weekday,place-cntsq,Central,Red Line,94.0,8250.8,8876.6,6683.3,361
2026-01-26 06:00:00,weekday,place-chmnl,Charles/MGH,Red Line,17.0,5543.2,6654.1,2760.4,361
2026-01-26 06:00:00,weekday,place-chncl,Chinatown,Orange Line,17.0,3955.4,4305.4,3078.5,361
2026-01-26 06:00:00,weekday,place-ccmnl,Community College,Orange Line,29.0,2457.6,3023.7,1039.7,361
2026-01-26 06:00:00,weekday,place-coecl,Copley,Green Line,88.0,7980.6,7980.3,7981.3,350
2026-01-26 06:00:00,weekday,place-crtst,Courthouse,Silver Line,11.0,2253.6,2567.2,1468.3,361
2026-01-26 06:00:00,weekday,place-davis,Davis,Red Line,61.0,4866.6,5296.7,3789.1,361
2026-01-26 06:00:00,weekday,place-dwnxg,Downtown Crossing,"Orange Line, Red Line",60.0,10888.3,12269.6,7428.3,361
2026-01-26 06:00:00,weekday,place-esomr,East Somerville,Green Line,0.84,70.5,75.8,56.8,350
2026-01-26 06:00:00,weekday,place-fldcr,Fields Corner,Red Line,57.0,2377.4,2697.5,1575.7,361
2026-01-26 06:00:00,weekday,place-forhl,Forest Hills,Orange Line,219.0,6328.0,7469.5,3468.6,361
2026-01-26 06:00:00,weekday,place-gilmn,Gilman Square,Green Line,4.28,264.1,286.5,207.2,351
2026-01-26 06:00:00,weekday,place-gover,Government Center,"Blue Line, Green Line",17.0,4821.1,5170.1,3947.0,361
2026-01-26 06:00:00,weekday,place-grnst,Green Street,Orange Line,33.0,1799.9,2077.1,1101.4,359
2026-01-26 06:00:00,weekday,place-harsq,Harvard,Red Line,69.0,10860.0,11361.2,9604.7,361
2026-01-26 06:00:00,weekday,place-haecl,Haymarket,"Green Line, Orange Line",127.0,6453.5,6748.3,5715.2,361
2026-01-26 06:00:00,weekday,place-hymnl,Hynes Convention Center,Green Line,29.0,5288.6,5220.1,5460.7,355
2026-01-26 06:00:00,weekday,place-jfk,JFK/UMass,Red Line,68.0,4084.5,4808.4,2173.9,353
2026-01-26 06:00:00,weekday,place-jaksn,Jackson Square,Orange Line,59.0,2846.1,3326.1,1631.9,360
2026-01-26 06:00:00,weekday,place-knncl,Kendall/MIT,Red Line,48.0,8412.3,9925.9,4498.5,355
2026-01-26 06:00:00,weekday,place-kencl,Kenmore,Green Line,26.0,4439.8,4535.1,4203.1,352
2026-01-26 06:00:00,weekday,place-lech,Lechmere,Green Line,3.5,245.6,265.3,196.0,359
2026-01-26 06:00:00,weekday,place-mgngl,Magoun Square,Green Line,2.07,128.3,138.1,103.5,349
2026-01-26 06:00:00,weekday,place-mlmnl,Malden Center,Orange Line,140.0,5719.4,6595.3,3525.2,361
2026-01-26 06:00:00,weekday,place-masta,Massachusetts Avenue,Orange Line,43.0,3184.2,3658.5,1996.0,361
2026-01-26 06:00:00,weekday,place-matt,Mattapan Line,Mattapan Line,59.9,2785.5,3271.4,1568.2,361
2026-01-26 06:00:00,weekday,place-mvbcl,Maverick,Blue Line,146.0,7320.1,8106.1,5351.5,361
2026-01-26 06:00:00,weekday,place-mdftf,Medford/Tufts,Green Line,2.85,181.5,203.0,127.3,349
2026-01-26 06:00:00,weekday,place-nqncy,North Quincy,Red Line,51.0,2886.8,3386.6,1634.9,361
2026-01-26 06:00:00,weekday,place-north,North Station,"Green Line, Orange Line",83.0,11662.5,13084.0,8031.2,359
2026-01-26 06:00:00,weekday,place-ogmnl,Oak Grove,Orange Line,76.0,3496.9,4070.8,2045.5,360
2026-01-26 06:00:00,weekday,place-orhte,Orient Heights,Blue Line,48.0,3047.0,3426.0,2079.0,359
2026-01-26 06:00:00,weekday,place-pktrm,Park Street,"Green Line, Red Line",38.0,8842.8,9190.0,7973.2,361
2026-01-26 06:00:00,weekday,place-portr,Porter,Red Line,61.0,4190.9,4505.7,3402.5,361
2026-01-26 06:00:00,weekday,place-prmnl,Prudential,Green Line,26.0,2182.0,2137.6,2292.7,353
2026-01-26 06:00:00,weekday,place-qamnl,Quincy Adams,Red Line,34.0,1560.4,1835.5,867.2,359
2026-01-26 06:00:00,weekday,place-qnctr,Quincy Center,Red Line,64.0,3374.7,3868.8,2094.1,352
2026-01-26 06:00:00,weekday,place-rbmnl,Revere Beach,Blue Line,48.0,2267.8,2518.2,1633.2,357
2026-01-26 06:00:00,weekday,place-river,Riverside,Green Line,10.0,899.9,901.1,896.9,360
2026-01-26 06:00:00,weekday,place-rcmnl,Roxbury Crossing,Orange Line,34.0,2916.6,3388.0,1712.4,359
2026-01-26 06:00:00,weekday,place-rugg,Ruggles,Orange Line,56.0,5463.2,6671.9,2435.5,361
2026-01-26 06:00:00,weekday,place-shmnl,Savin Hill,Red Line,32.0,1248.0,1417.1,824.3,361
2026-01-26 06:00:00,weekday,place-spmnl,Science Park,Green Line,8.0,733.3,762.6,660.0,361
2026-01-26 06:00:00,weekday,place-smmnl,Shawmut,Red Line,33.0,1085.6,1267.3,630.5,361
2026-01-26 06:00:00,weekday,place-sstat,South Station,"Red Line, Silver Line",92.0,11868.8,13721.2,7126.5,356
2026-01-26 06:00:00,weekday,place-state,State Street,"Blue Line, Orange Line",27.0,7246.9,8717.0,3578.8,360
2026-01-26 06:00:00,weekday,place-sbmnl,Stony Brook,Orange Line,42.0,1897.8,2150.5,1257.4,357
2026-01-26 06:00:00,weekday,place-sull,Sullivan Square,Orange Line,104.0,3949.4,4501.9,2538.3,359
2026-01-26 06:00:00,weekday,place-symcl,Symphony,Green Line,20.0,946.3,920.8,1010.2,327
2026-01-26 06:00:00,weekday,place-tumnl,Tufts Medical Center,Orange Line,34.0,3777.8,4535.5,1880.0,361
2026-01-26 06:00:00,weekday,place-welln,Wellington,Orange Line,102.0,3899.1,4551.5,2215.9,358
2026-01-26 06:00:00,weekday,place-wlsta,Wollaston,Red Line,24.0,1734.5,2020.8,1017.4,361
2026-01-26 06:00:00,weekday,place-wondl,Wonderland,Blue Line,69.0,3759.9,4264.2,2469.0,356
2026-01-26 06:00:00,weekday,place-wimnl,Wood Island,Blue Line,6.0,1318.7,1467.7,932.0,356
2026-01-26 06:00:00,weekday,place-wtcst,World Trade Center,Silver Line,13.0,1200.2,1316.5,909.0,361
2026-01-26 07:00:00,weekday,place-aport,Airport,Blue Line,77.0,6078.3,6569.2,4836.4,360
2026-01-26 07:00:00,weekday,place-alfcl,Alewife,Red Line,71.0,5780.6,6616.4,3687.0,361
2026-01-26 07:00:00,weekday,place-andrw,Andrew,Red Line,59.0,3255.3,3702.9,2134.3,361
2026-01-26 07:00:00,weekday,place-aqucl,Aquarium,Blue Line,7.0,3333.0,3432.4,3084.2,361
2026-01-26 07:00:00,weekday,place-armnl,Arlington,Green Line,21.0,3907.7,3974.4,3739.3,349
2026-01-26 07:00:00,weekday,place-asmnl,Ashmont,Red Line,60.0,3756.3,4380.3,2193.5,361
2026-01-26 07:00:00,weekday,place-astao,Assembly,Orange Line,7.0,2967.9,3119.5,2588.3,361
2026-01-26 07:00:00,weekday,place-bbsta,Back Bay,Orange Line,61.0,10028.9,11471.0,6270.6,357
2026-01-26 07:00:00,weekday,place-balsq,Ball Square,Green Line,4.28,139.3,150.9,109.9,350
2026-01-26 07:00:00,weekday,place-bmmnl,Beachmont,Blue Line,25.0,2348.0,2653.2,1560.5,358
2026-01-26 07:00:00,weekday,place-bomnl,Bowdoin,Blue Line,9.0,1406.3,1701.8,666.0,361
2026-01-26 07:00:00,weekday,place-boyls,Boylston,Green Line,39.0,3859.1,3732.2,4181.6,347
2026-01-26 07:00:00,weekday,place-brntn,Braintree,Red Line,26.0,2316.0,2671.8,1416.0,360
2026-01-26 07:00:00,weekday,place-brdwy,Broadway,Red Line,55.0,3513.1,3928.7,2393.2,351
2026-01-26 07:00:00,weekday,place-cntsq,Central,Red Line,66.0,8250.8,8876.6,6683.3,361
2026-01-26 07:00:00,weekday,place-chmnl,Charles/MGH,Red Line,94.0,5543.2,6654.1,2760.4,361
2026-01-26 07:00:00,weekday,place-chncl,Chinatown,Orange Line,13.0,3955.4,4305.4,3078.5,361
2026-01-26 07:00:00,weekday,place-ccmnl,Community College,Orange Line,10.0,2457.6,3023.7,1039.7,361
2026-01-26 07:00:00,weekday,place-coecl,Copley,Green Line,121.0,7980.6,7980.3,7981.3,350
2026-01-26 07:00:00,weekday,place-crtst,Courthouse,Silver Line,15.0,2253.6,2567.2,1468.3,361
2026-01-26 07:00:00,weekday,place-davis,Davis,Red Line,58.0,4866.6,5296.7,3789.1,361
2026-01-26 07:00:00,weekday,place-dwnxg,Downtown Crossing,"Orange Line, Red Line",69.0,10888.3,12269.6,7428.3,361
2026-01-26 07:00:00,weekday,place-esomr,East Somerville,Green Line,2.07,70.5,75.8,56.8,350
2026-01-26 07:00:00,weekday,place-fldcr,Fields Corner,Red Line,38.0,2377.4,2697.5,1575.7,361
2026-01-26 07:00:00,weekday,place-forhl,Forest Hills,Orange Line,90.0,6328.0,7469.5,3468.6,361
2026-01-26 07:00:00,weekday,place-gilmn,Gilman Square,Green Line,4.98,264.1,286.5,207.2,351
2026-01-26 07:00:00,weekday,place-gover,Government Center,"Blue Line, Green Line",57.0,4821.1,5170.1,3947.0,361
2026-01-26 07:00:00,weekday,place-grnst,Green Street,Orange Line,23.0,1799.9,2077.1,1101.4,359
2026-01-26 07:00:00,weekday,place-harsq,Harvard,Red Line,89.0,10860.0,11361.2,9604.7,361
2026-01-26 07:00:00,weekday,place-haecl,Haymarket,"Green Line, Orange Line",65.0,6453.5,6748.3,5715.2,361
2026-01-26 07:00:00,weekday,place-hymnl,Hynes Convention Center,Green Line,24.0,5288.6,5220.1,5460.7,355
2026-01-26 07:00:00,weekday,place-jfk,JFK/UMass,Red Line,44.0,4084.5,4808.4,2173.9,353
2026-01-26 07:00:00,weekday,place-jaksn,Jackson Square,Orange Line,31.0,2846.1,3326.1,1631.9,360
2026-01-26 07:00:00,weekday,place-knncl,Kendall/MIT,Red Line,45.0,8412.3,9925.9,4498.5,355
2026-01-26 07:00:00,weekday,place-kencl,Kenmore,Green Line,33.0,4439.8,4535.1,4203.1,352
2026-01-26 07:00:00,weekday,place-lech,Lechmere,Green Line,3.74,245.6,265.3,196.0,359
2026-01-26 07:00:00,weekday,place-mgngl,Magoun Square,Green Line,0.84,128.3,138.1,103.5,349
2026-01-26 07:00:00,weekday,place-mlmnl,Malden Center,Orange Line,78.0,5719.4,6595.3,3525.2,361
2026-01-26 07:00:00,weekday,place-masta,Massachusetts Avenue,Orange Line,21.0,3184.2,3658.5,1996.0,361
2026-01-26 07:00:00,weekday,place-matt,Mattapan Line,Mattapan Line,43.78,2785.5,3271.4,1568.2,361
2026-01-26 07:00:00,weekday,place-mvbcl,Maverick,Blue Line,74.0,7320.1,8106.1,5351.5,361
2026-01-26 07:00:00,weekday,place-nqncy,North Quincy,Red Line,29.0,2886.8,3386.6,1634.9,361
2026-01-26 07:00:00,weekday,place-north,North Station,"Green Line, Orange Line",118.0,11662.5,13084.0,8031.2,359
2026-01-26 07:00:00,weekday,place-ogmnl,Oak Grove,Orange Line,29.0,3496.9,4070.8,2045.5,360
2026-01-26 07:00:00,weekday,place-orhte,Orient Heights,Blue Line,18.0,3047.0,3426.0,2079.0,359
2026-01-26 07:00:00,weekday,place-pktrm,Park Street,"Green Line, Red Line",73.0,8842.8,9190.0,7973.2,361
2026-01-26 07:00:00,weekday,place-portr,Porter,Red Line,40.0,4190.9,4505.7,3402.5,361
2026-01-26 07:00:00,weekday,place-prmnl,Prudential,Green Line,30.0,2182.0,2137.6,2292.7,353
2026-01-26 07:00:00,weekday,place-qamnl,Quincy Adams,Red Line,12.0,1560.4,1835.5,867.2,359
2026-01-26 07:00:00,weekday,place-qnctr,Quincy Center,Red Line,42.0,3374.7,3868.8,2094.1,352
2026-01-26 07:00:00,weekday,place-rbmnl,Revere Beach,Blue Line,23.0,2267.8,2518.2,1633.2,357
2026-01-26 07:00:00,weekday,place-river,Riverside,Green Line,5.0,899.9,901.1,896.9,360
2026-01-26 07:00:00,weekday,place-rcmnl,Roxbury Crossing,Orange Line,22.0,2916.6,3388.0,1712.4,359
2026-01-26 07:00:00,weekday,place-rugg,Ruggles,Orange Line,47.0,5463.2,6671.9,2435.5,361
2026-01-26 07:00:00,weekday,place-shmnl,Savin Hill,Red Line,14.0,1248.0,1417.1,824.3,361
2026-01-26 07:00:00,weekday,place-spmnl,Science Park,Green Line,13.0,733.3,762.6,660.0,361
2026-01-26 07:00:00,weekday,place-smmnl,Shawmut,Red Line,16.0,1085.6,1267.3,630.5,361
2026-01-26 07:00:00,weekday,place-sstat,South Station,"Red Line, Silver Line",91.0,11868.8,13721.2,7126.5,356
2026-01-26 07:00:00,weekday,place-state,State Street,"Blue Line, Orange Line",33.0,7246.9,8717.0,3578.8,360
2026-01-26 07:00:00,weekday,place-sbmnl,Stony Brook,Orange Line,26.0,1897.8,2150.5,1257.4,357
2026-01-26 07:00:00,weekday,place-sull,Sullivan Square,Orange Line,75.0,3949.4,4501.9,2538.3,359
2026-01-26 07:00:00,weekday,place-symcl,Symphony,Green Line,15.0,946.3,920.8,1010.2,327
2026-01-26 07:00:00,weekday,place-tumnl,Tufts Medical Center,Orange Line,23.0,3777.8,4535.5,1880.0,361
2026-01-26 07:00:00,weekday,place-unsqu,Union Square,Green Line,1.43,135.3,144.6,111.3,347
2026-01-26 07:00:00,weekday,place-welln,Wellington,Orange Line,51.0,3899.1,4551.5,2215.9,358
2026-01-26 07:00:00,weekday,place-wlsta,Wollaston,Red Line,17.0,1734.5,2020.8,1017.4,361
2026-01-26 07:00:00,weekday,place-wondl,Wonderland,Blue Line,37.0,3759.9,4264.2,2469.0,356
2026-01-26 07:00:00,weekday,place-wimnl,Wood Island,Blue Line,3.0,1318.7,1467.7,932.0,356
2026-01-26 07:00:00,weekday,place-wtcst,World Trade Center,Silver Line,12.0,1200.2,1316.5,909.0,361
2026-01-26 08:00:00,weekday,place-alfcl,Alewife,Red Line,1.0,5780.6,6616.4,3687.0,361
2026-01-26 08:00:00,weekday,place-andrw,Andrew,Red Line,1.0,3255.3,3702.9,2134.3,361
2026-01-26 08:00:00,weekday,place-asmnl,Ashmont,Red Line,1.0,3756.3,4380.3,2193.5,361
2026-01-26 08:00:00,weekday,place-astao,Assembly,Orange Line,1.0,2967.9,3119.5,2588.3,361
2026-01-26 08:00:00,weekday,place-bbsta,Back Bay,Orange Line,1.0,10028.9,11471.0,6270.6,357
2026-01-26 08:00:00,weekday,place-balsq,Ball Square,Green Line,3.34,139.3,150.9,109.9,350
2026-01-26 08:00:00,weekday,place-brdwy,Broadway,Red Line,3.0,3513.1,3928.7,2393.2,351
2026-01-26 08:00:00,weekday,place-coecl,Copley,Green Line,4.0,7980.6,7980.3,7981.3,350
2026-01-26 08:00:00,weekday,place-davis,Davis,Red Line,1.0,4866.6,5296.7,3789.1,361
2026-01-26 08:00:00,weekday,place-esomr,East Somerville,Green Line,1.43,70.5,75.8,56.8,350
2026-01-26 08:00:00,weekday,place-gilmn,Gilman Square,Green Line,4.14,264.1,286.5,207.2,351
2026-01-26 08:00:00,weekday,place-grnst,Green Street,Orange Line,1.0,1799.9,2077.1,1101.4,359
2026-01-26 08:00:00,weekday,place-harsq,Harvard,Red Line,3.0,10860.0,11361.2,9604.7,361
2026-01-26 08:00:00,weekday,place-hymnl,Hynes Convention Center,Green Line,2.0,5288.6,5220.1,5460.7,355
2026-01-26 08:00:00,weekday,place-knncl,Kendall/MIT,Red Line,1.0,8412.3,9925.9,4498.5,355
2026-01-26 08:00:00,weekday,place-kencl,Kenmore,Green Line,1.0,4439.8,4535.1,4203.1,352
2026-01-26 08:00:00,weekday,place-lech,Lechmere,Green Line,5.57,245.6,265.3,196.0,359
2026-01-26 08:00:00,weekday,place-mgngl,Magoun Square,Green Line,4.14,128.3,138.1,103.5,349
2026-01-26 08:00:00,weekday,place-mlmnl,Malden Center,Orange Line,3.0,5719.4,6595.3,3525.2,361
2026-01-26 08:00:00,weekday,place-mvbcl,Maverick,Blue Line,3.0,7320.1,8106.1,5351.5,361
2026-01-26 08:00:00,weekday,place-mdftf,Medford/Tufts,Green Line,2.86,181.5,203.0,127.3,349
2026-01-26 08:00:00,weekday,place-north,North Station,"Green Line, Orange Line",3.0,11662.5,13084.0,8031.2,359
2026-01-26 08:00:00,weekday,place-pktrm,Park Street,"Green Line, Red Line",1.0,8842.8,9190.0,7973.2,361
2026-01-26 08:00:00,weekday,place-portr,Porter,Red Line,3.0,4190.9,4505.7,3402.5,361
2026-01-26 08:00:00,weekday,place-qamnl,Quincy Adams,Red Line,1.0,1560.4,1835.5,867.2,359
2026-01-26 08:00:00,weekday,place-qnctr,Quincy Center,Red Line,1.0,3374.7,3868.8,2094.1,352
2026-01-26 08:00:00,weekday,place-sstat,South Station,"Red Line, Silver Line",1.0,11868.8,13721.2,7126.5,356
2026-01-26 08:00:00,weekday,place-symcl,Symphony,Green Line,1.0,946.3,920.8,1010.2,327
2026-01-26 08:00:00,weekday,place-unsqu,Union Square,Green Line,2.27,135.3,144.6,111.3,347
2026-01-26 08:00:00,weekday,place-wondl,Wonderland,Blue Line,1.0,3759.9,4264.2,2469.0,356
2026-01-26 09:00:00,weekday,place-alfcl,Alewife,Red Line,1.0,5780.6,6616.4,3687.0,361
2026-01-26 09:00:00,weekday,place-balsq,Ball Square,Green Line,1.43,139.3,150.9,109.9,350
2026-01-26 09:00:00,weekday,place-coecl,Copley,Green Line,1.0,7980.6,7980.3,7981.3,350
2026-01-26 09:00:00,weekday,place-gilmn,Gilman Square,Green Line,6.65,264.1,286.5,207.2,351
2026-01-26 09:00:00,weekday,place-haecl,Haymarket,"Green Line, Orange Line",3.0,6453.5,6748.3,5715.2,361
2026-01-26 09:00:00,weekday,place-lech,Lechmere,Green Line,0.84,245.6,265.3,196.0,359
2026-01-26 09:00:00,weekday,place-mgngl,Magoun Square,Green Line,1.67,128.3,138.1,103.5,349
2026-01-26 09:00:00,weekday,place-mdftf,Medford/Tufts,Green Line,1.43,181.5,203.0,127.3,349
2026-01-26 09:00:00,weekday,place-unsqu,Union Square,Green Line,1.43,135.3,144.6,111.3,347
2026-01-26 10:00:00,weekday,place-asmnl,Ashmont,Red Line,2.0,3756.3,4380.3,2193.5,361
2026-01-26 10:00:00,weekday,place-coecl,Copley,Green Line,3.0,7980.6,7980.3,7981.3,350
2026-01-26 10:00:00,weekday,place-esomr,East Somerville,Green Line,1.43,70.5,75.8,56.8,350
2026-01-26 10:00:00,weekday,place-gilmn,Gilman Square,Green Line,4.14,264.1,286.5,207.2,351
2026-01-26 10:00:00,weekday,place-haecl,Haymarket,"Green Line, Orange Line",8.0,6453.5,6748.3,5715.2,361
2026-01-26 10:00:00,weekday,place-lech,Lechmere,Green Line,4.92,245.6,265.3,196.0,359
2026-01-26 10:00:00,weekday,place-mvbcl,Maverick,Blue Line,1.0,7320.1,8106.1,5351.5,361
2026-01-26 10:00:00,weekday,place-mdftf,Medford/Tufts,Green Line,0.84,181.5,203.0,127.3,349
2026-01-26 11:00:00,weekday,place-coecl,Copley,Green Line,4.0,7980.6,7980.3,7981.3,350
2026-01-26 11:00:00,weekday,place-gilmn,Gilman Square,Green Line,2.86,264.1,286.5,207.2,351
2026-01-26 11:00:00,weekday,place-lech,Lechmere,Green Line,2.07,245.6,265.3,196.0,359
2026-01-26 11:00:00,weekday,place-mgngl,Magoun Square,Green Line,4.14,128.3,138.1,103.5,349
2026-01-26 11:00:00,weekday,place-mvbcl,Maverick,Blue Line,1.0,7320.1,8106.1,5351.5,361
2026-01-26 11:00:00,weekday,place-unsqu,Union Square,Green Line,0.84,135.3,144.6,111.3,347
2026-01-26 11:00:00,weekday,place-wimnl,Wood Island,Blue Line,0.0,1318.7,1467.7,932.0,356
2026-01-26 12:00:00,weekday,place-coecl,Copley,Green Line,4.0,7980.6,7980.3,7981.3,350
2026-01-26 12:00:00,weekday,place-gilmn,Gilman Square,Green Line,2.51,264.1,286.5,207.2,351
2026-01-26 12:00:00,weekday,place-lech,Lechmere,Green Line,2.07,245.6,265.3,196.0,359
2026-01-26 12:00:00,weekday,place-mgngl,Magoun Square,Green Line,1.43,128.3,138.1,103.5,349
2026-01-26 13:00:00,weekday,place-alfcl,Alewife,Red Line,1.0,5780.6,6616.4,3687.0,361
2026-01-26 13:00:00,weekday,place-coecl,Copley,Green Line,2.0,7980.6,7980.3,7981.3,350
2026-01-26 13:00:00,weekday,place-esomr,East Somerville,Green Line,2.85,70.5,75.8,56.8,350
2026-01-26 13:00:00,weekday,place-lech,Lechmere,Green Line,2.07,245.6,265.3,196.0,359
2026-01-26 13:00:00,weekday,place-mgngl,Magoun Square,Green Line,2.85,128.3,138.1,103.5,349
2026-01-26 13:00:00,weekday,place-mdftf,Medford/Tufts,Green Line,2.07,181.5,203.0,127.3,349
2026-01-26 13:00:00,weekday,place-unsqu,Union Square,Green Line,0.84,135.3,144.6,111.3,347
2026-01-26 14:00:00,weekday,place-coecl,Copley,Green Line,3.0,7980.6,7980.3,7981.3,350
2026-01-26 14:00:00,weekday,place-gilmn,Gilman Square,Green Line,2.27,264.1,286.5,207.2,351
2026-01-26 14:00:00,weekday,place-lech,Lechmere,Green Line,8.42,245.6,265.3,196.0,359
2026-01-26 14:00:00,weekday,place-mgngl,Magoun Square,Green Line,2.07,128.3,138.1,103.5,349
2026-01-26 14:00:00,weekday,place-mdftf,Medford/Tufts,Green Line,0.84,181.5,203.0,127.3,349
2026-01-26 14:00:00,weekday,place-unsqu,Union Square,Green Line,3.74,135.3,144.6,111.3,347
2026-01-26 15:00:00,weekday,place-coecl,Copley,Green Line,3.0,7980.6,7980.3,7981.3,350
2026-01-26 15:00:00,weekday,place-esomr,East Somerville,Green Line,2.07,70.5,75.8,56.8,350
2026-01-26 15:00:00,weekday,place-gilmn,Gilman Square,Green Line,1.67,264.1,286.5,207.2,351
2026-01-26 15:00:00,weekday,place-lech,Lechmere,Green Line,1.43,245.6,265.3,196.0,359
2026-01-26 15:00:00,weekday,place-mgngl,Magoun Square,Green Line,1.43,128.3,138.1,103.5,349
2026-01-26 15:00:00,weekday,place-mvbcl,Maverick,Blue Line,1.0,7320.1,8106.1,5351.5,361
2026-01-26 15:00:00,weekday,place-wlsta,Wollaston,Red Line,1.0,1734.5,2020.8,1017.4,361
2026-01-26 15:00:00,weekday,place-wondl,Wonderland,Blue Line,1.0,3759.9,4264.2,2469.0,356
2026-01-26 16:00:00,weekday,place-aport,Airport,Blue Line,3.0,6078.3,6569.2,4836.4,360
2026-01-26 16:00:00,weekday,place-alfcl,Alewife,Red Line,7.0,5780.6,6616.4,3687.0,361
2026-01-26 16:00:00,weekday,place-andrw,Andrew,Red Line,4.0,3255.3,3702.9,2134.3,361
2026-01-26 16:00:00,weekday,place-aqucl,Aquarium,Blue Line,2.0,3333.0,3432.4,3084.2,361
2026-01-26 16:00:00,weekday,place-armnl,Arlington,Green Line,3.0,3907.7,3974.4,3739.3,349
2026-01-26 16:00:00,weekday,place-asmnl,Ashmont,Red Line,2.0,3756.3,4380.3,2193.5,361
2026-01-26 16:00:00,weekday,place-astao,Assembly,Orange Line,6.0,2967.9,3119.5,2588.3,361
2026-01-26 16:00:00,weekday,place-bbsta,Back Bay,Orange Line,4.0,10028.9,11471.0,6270.6,357
2026-01-26 16:00:00,weekday,place-bmmnl,Beachmont,Blue Line,4.0,2348.0,2653.2,1560.5,358
2026-01-26 16:00:00,weekday,place-boyls,Boylston,Green Line,8.0,3859.1,3732.2,4181.6,347
2026-01-26 16:00:00,weekday,place-brntn,Braintree,Red Line,4.0,2316.0,2671.8,1416.0,360
2026-01-26 16:00:00,weekday,place-brdwy,Broadway,Red Line,1.0,3513.1,3928.7,2393.2,351
2026-01-26 16:00:00,weekday,place-cntsq,Central,Red Line,10.0,8250.8,8876.6,6683.3,361
2026-01-26 16:00:00,weekday,place-chmnl,Charles/MGH,Red Line,8.0,5543.2,6654.1,2760.4,361
2026-01-26 16:00:00,weekday,place-chncl,Chinatown,Orange Line,12.0,3955.4,4305.4,3078.5,361
2026-01-26 16:00:00,weekday,place-ccmnl,Community College,Orange Line,2.0,2457.6,3023.7,1039.7,361
2026-01-26 16:00:00,weekday,place-coecl,Copley,Green Line,20.0,7980.6,7980.3,7981.3,350
2026-01-26 16:00:00,weekday,place-davis,Davis,Red Line,5.0,4866.6,5296.7,3789.1,361
2026-01-26 16:00:00,weekday,place-dwnxg,Downtown Crossing,"Orange Line, Red Line",6.0,10888.3,12269.6,7428.3,361
2026-01-26 16:00:00,weekday,place-esomr,East Somerville,Green Line,2.27,70.5,75.8,56.8,350
2026-01-26 16:00:00,weekday,place-fldcr,Fields Corner,Red Line,3.0,2377.4,2697.5,1575.7,361
2026-01-26 16:00:00,weekday,place-forhl,Forest Hills,Orange Line,3.0,6328.0,7469.5,3468.6,361
2026-01-26 16:00:00,weekday,place-gilmn,Gilman Square,Green Line,1.43,264.1,286.5,207.2,351
2026-01-26 16:00:00,weekday,place-gover,Government Center,"Blue Line, Green Line",1.0,4821.1,5170.1,3947.0,361
2026-01-26 16:00:00,weekday,place-grnst,Green Street,Orange Line,1.0,1799.9,2077.1,1101.4,359
2026-01-26 16:00:00,weekday,place-harsq,Harvard,Red Line,9.0,10860.0,11361.2,9604.7,361
2026-01-26 16:00:00,weekday,place-haecl,Haymarket,"Green Line, Orange Line",15.0,6453.5,6748.3,5715.2,361
2026-01-26 16:00:00,weekday,place-hymnl,Hynes Convention Center,Green Line,12.0,5288.6,5220.1,5460.7,355
2026-01-26 16:00:00,weekday,place-jfk,JFK/UMass,Red Line,2.0,4084.5,4808.4,2173.9,353
2026-01-26 16:00:00,weekday,place-jaksn,Jackson Square,Orange Line,1.0,2846.1,3326.1,1631.9,360
2026-01-26 16:00:00,weekday,place-knncl,Kendall/MIT,Red Line,12.0,8412.3,9925.9,4498.5,355
2026-01-26 16:00:00,weekday,place-kencl,Kenmore,Green Line,3.0,4439.8,4535.1,4203.1,352
2026-01-26 16:00:00,weekday,place-lech,Lechmere,Green Line,3.74,245.6,265.3,196.0,359
2026-01-26 16:00:00,weekday,place-mlmnl,Malden Center,Orange Line,2.0,5719.4,6595.3,3525.2,361
2026-01-26 16:00:00,weekday,place-masta,Massachusetts Avenue,Orange Line,6.0,3184.2,3658.5,1996.0,361
2026-01-26 16:00:00,weekday,place-mvbcl,Maverick,Blue Line,3.0,7320.1,8106.1,5351.5,361
2026-01-26 16:00:00,weekday,place-nqncy,North Quincy,Red Line,2.0,2886.8,3386.6,1634.9,361
2026-01-26 16:00:00,weekday,place-north,North Station,"Green Line, Orange Line",8.0,11662.5,13084.0,8031.2,359
2026-01-26 16:00:00,weekday,place-ogmnl,Oak Grove,Orange Line,2.0,3496.9,4070.8,2045.5,360
2026-01-26 16:00:00,weekday,place-orhte,Orient Heights,Blue Line,2.0,3047.0,3426.0,2079.0,359
2026-01-26 16:00:00,weekday,place-pktrm,Park Street,"Green Line, Red Line",14.0,8842.8,9190.0,7973.2,361
2026-01-26 16:00:00,weekday,place-portr,Porter,Red Line,5.0,4190.9,4505.7,3402.5,361
2026-01-26 16:00:00,weekday,place-prmnl,Prudential,Green Line,1.0,2182.0,2137.6,2292.7,353
2026-01-26 16:00:00,weekday,place-qamnl,Quincy Adams,Red Line,2.0,1560.4,1835.5,867.2,359
2026-01-26 16:00:00,weekday,place-river,Riverside,Green Line,1.0,899.9,901.1,896.9,360
2026-01-26 16:00:00,weekday,place-rcmnl,Roxbury Crossing,Orange Line,1.0,2916.6,3388.0,1712.4,359
2026-01-26 16:00:00,weekday,place-rugg,Ruggles,Orange Line,7.0,5463.2,6671.9,2435.5,361
2026-01-26 16:00:00,weekday,place-shmnl,Savin Hill,Red Line,1.0,1248.0,1417.1,824.3,361
2026-01-26 16:00:00,weekday,place-spmnl,Science Park,Green Line,2.0,733.3,762.6,660.0,361
2026-01-26 16:00:00,weekday,place-smmnl,Shawmut,Red Line,2.0,1085.6,1267.3,630.5,361
2026-01-26 16:00:00,weekday,place-sstat,South Station,"Red Line, Silver Line",8.0,11868.8,13721.2,7126.5,356
2026-01-26 16:00:00,weekday,place-state,State Street,"Blue Line, Orange Line",7.0,7246.9,8717.0,3578.8,360
2026-01-26 16:00:00,weekday,place-sbmnl,Stony Brook,Orange Line,3.0,1897.8,2150.5,1257.4,357
2026-01-26 16:00:00,weekday,place-sull,Sullivan Square,Orange Line,6.0,3949.4,4501.9,2538.3,359
2026-01-26 16:00:00,weekday,place-tumnl,Tufts Medical Center,Orange Line,8.0,3777.8,4535.5,1880.0,361
2026-01-26 16:00:00,weekday,place-welln,Wellington,Orange Line,6.0,3899.1,4551.5,2215.9,358
2026-01-26 16:00:00,weekday,place-wlsta,Wollaston,Red Line,2.0,1734.5,2020.8,1017.4,361
2026-01-26 16:00:00,weekday,place-wondl,Wonderland,Blue Line,2.0,3759.9,4264.2,2469.0,356
2026-01-26 16:00:00,weekday,place-wimnl,Wood Island,Blue Line,1.0,1318.7,1467.7,932.0,356
2026-01-26 16:00:00,weekday,place-wtcst,World Trade Center,Silver Line,2.0,1200.2,1316.5,909.0,361
2026-01-26 17:00:00,weekday,place-aport,Airport,Blue Line,113.0,6078.3,6569.2,4836.4,360
2026-01-26 17:00:00,weekday,place-alfcl,Alewife,Red Line,112.0,5780.6,6616.4,3687.0,361
2026-01-26 17:00:00,weekday,place-andrw,Andrew,Red Line,93.0,3255.3,3702.9,2134.3,361
2026-01-26 17:00:00,weekday,place-aqucl,Aquarium,Blue Line,49.0,3333.0,3432.4,3084.2,361
2026-01-26 17:00:00,weekday,place-armnl,Arlington,Green Line,160.0,3907.7,3974.4,3739.3,349
2026-01-26 17:00:00,weekday,place-asmnl,Ashmont,Red Line,42.0,3756.3,4380.3,2193.5,361
2026-01-26 17:00:00,weekday,place-astao,Assembly,Orange Line,88.0,2967.9,3119.5,2588.3,361
2026-01-26 17:00:00,weekday,place-bbsta,Back Bay,Orange Line,377.0,10028.9,11471.0,6270.6,357
2026-01-26 17:00:00,weekday,place-balsq,Ball Square,Green Line,0.84,139.3,150.9,109.9,350
2026-01-26 17:00:00,weekday,place-bmmnl,Beachmont,Blue Line,24.0,2348.0,2653.2,1560.5,358
2026-01-26 17:00:00,weekday,place-bomnl,Bowdoin,Blue Line,57.0,1406.3,1701.8,666.0,361
2026-01-26 17:00:00,weekday,place-boyls,Boylston,Green Line,105.0,3859.1,3732.2,4181.6,347
2026-01-26 17:00:00,weekday,place-brntn,Braintree,Red Line,36.0,2316.0,2671.8,1416.0,360
2026-01-26 17:00:00,weekday,place-brdwy,Broadway,Red Line,80.0,3513.1,3928.7,2393.2,351
2026-01-26 17:00:00,weekday,place-cntsq,Central,Red Line,249.0,8250.8,8876.6,6683.3,361
2026-01-26 17:00:00,weekday,place-chmnl,Charles/MGH,Red Line,327.0,5543.2,6654.1,2760.4,361
2026-01-26 17:00:00,weekday,place-chncl,Chinatown,Orange Line,155.0,3955.4,4305.4,3078.5,361
2026-01-26 17:00:00,weekday,place-ccmnl,Community College,Orange Line,42.0,2457.6,3023.7,1039.7,361
2026-01-26 17:00:00,weekday,place-coecl,Copley,Green Line,279.0,7980.6,7980.3,7981.3,350
2026-01-26 17:00:00,weekday,place-crtst,Courthouse,Silver Line,55.0,2253.6,2567.2,1468.3,361
2026-01-26 17:00:00,weekday,place-davis,Davis,Red Line,106.0,4866.6,5296.7,3789.1,361
2026-01-26 17:00:00,weekday,place-dwnxg,Downtown Crossing,"Orange Line, Red Line",330.0,10888.3,12269.6,7428.3,361
2026-01-26 17:00:00,weekday,place-esomr,East Somerville,Green Line,2.07,70.5,75.8,56.8,350
2026-01-26 17:00:00,weekday,place-fldcr,Fields Corner,Red Line,29.0,2377.4,2697.5,1575.7,361
2026-01-26 17:00:00,weekday,place-forhl,Forest Hills,Orange Line,138.0,6328.0,7469.5,3468.6,361
2026-01-26 17:00:00,weekday,place-gover,Government Center,"Blue Line, Green Line",114.0,4821.1,5170.1,3947.0,361
2026-01-26 17:00:00,weekday,place-grnst,Green Street,Orange Line,35.0,1799.9,2077.1,1101.4,359
2026-01-26 17:00:00,weekday,place-harsq,Harvard,Red Line,279.0,10860.0,11361.2,9604.7,361
2026-01-26 17:00:00,weekday,place-haecl,Haymarket,"Green Line, Orange Line",125.0,6453.5,6748.3,5715.2,361
2026-01-26 17:00:00,weekday,place-hymnl,Hynes Convention Center,Green Line,206.0,5288.6,5220.1,5460.7,355
2026-01-26 17:00:00,weekday,place-jfk,JFK/UMass,Red Line,83.0,4084.5,4808.4,2173.9,353
2026-01-26 17:00:00,weekday,place-jaksn,Jackson Square,Orange Line,65.0,2846.1,3326.1,1631.9,360
2026-01-26 17:00:00,weekday,place-knncl,Kendall/MIT,Red Line,214.0,8412.3,9925.9,4498.5,355
2026-01-26 17:00:00,weekday,place-kencl,Kenmore,Green Line,144.0,4439.8,4535.1,4203.1,352
2026-01-26 17:00:00,weekday,place-lech,Lechmere,Green Line,1.43,245.6,265.3,196.0,359
2026-01-26 17:00:00,weekday,place-mgngl,Magoun Square,Green Line,0.84,128.3,138.1,103.5,349
2026-01-26 17:00:00,weekday,place-mlmnl,Malden Center,Orange Line,65.0,5719.4,6595.3,3525.2,361
2026-01-26 17:00:00,weekday,place-masta,Massachusetts Avenue,Orange Line,110.0,3184.2,3658.5,1996.0,361
2026-01-26 17:00:00,weekday,place-matt,Mattapan Line,Mattapan Line,26.49,2785.5,3271.4,1568.2,361
2026-01-26 17:00:00,weekday,place-mvbcl,Maverick,Blue Line,100.0,7320.1,8106.1,5351.5,361
2026-01-26 17:00:00,weekday,place-mdftf,Medford/Tufts,Green Line,1.43,181.5,203.0,127.3,349
2026-01-26 17:00:00,weekday,place-nqncy,North Quincy,Red Line,37.0,2886.8,3386.6,1634.9,361
2026-01-26 17:00:00,weekday,place-north,North Station,"Green Line, Orange Line",292.0,11662.5,13084.0,8031.2,359
2026-01-26 17:00:00,weekday,place-ogmnl,Oak Grove,Orange Line,101.0,3496.9,4070.8,2045.5,360
2026-01-26 17:00:00,weekday,place-orhte,Orient Heights,Blue Line,60.0,3047.0,3426.0,2079.0,359
2026-01-26 17:00:00,weekday,place-pktrm,Park Street,"Green Line, Red Line",280.0,8842.8,9190.0,7973.2,361
2026-01-26 17:00:00,weekday,place-portr,Porter,Red Line,112.0,4190.9,4505.7,3402.5,361
2026-01-26 17:00:00,weekday,place-prmnl,Prudential,Green Line,133.0,2182.0,2137.6,2292.7,353
2026-01-26 17:00:00,weekday,place-qamnl,Quincy Adams,Red Line,26.0,1560.4,1835.5,867.2,359
2026-01-26 17:00:00,weekday,place-qnctr,Quincy Center,Red Line,27.0,3374.7,3868.8,2094.1,352
2026-01-26 17:00:00,weekday,place-rbmnl,Revere Beach,Blue Line,34.0,2267.8,2518.2,1633.2,357
2026-01-26 17:00:00,weekday,place-river,Riverside,Green Line,25.0,899.9,901.1,896.9,360
2026-01-26 17:00:00,weekday,place-rcmnl,Roxbury Crossing,Orange Line,86.0,2916.6,3388.0,1712.4,359
2026-01-26 17:00:00,weekday,place-rugg,Ruggles,Orange Line,167.0,5463.2,6671.9,2435.5,361
2026-01-26 17:00:00,weekday,place-shmnl,Savin Hill,Red Line,26.0,1248.0,1417.1,824.3,361
2026-01-26 17:00:00,weekday,place-spmnl,Science Park,Green Line,36.0,733.3,762.6,660.0,361
2026-01-26 17:00:00,weekday,place-smmnl,Shawmut,Red Line,11.0,1085.6,1267.3,630.5,361
2026-01-26 17:00:00,weekday,place-sstat,South Station,"Red Line, Silver Line",355.0,11868.8,13721.2,7126.5,356
2026-01-26 17:00:00,weekday,place-state,State Street,"Blue Line, Orange Line",186.0,7246.9,8717.0,3578.8,360
2026-01-26 17:00:00,weekday,place-sbmnl,Stony Brook,Orange Line,56.0,1897.8,2150.5,1257.4,357
2026-01-26 17:00:00,weekday,place-sdmnl,Suffolk Downs,Blue Line,1.0,501.1,568.7,323.9,355
2026-01-26 17:00:00,weekday,place-sull,Sullivan Square,Orange Line,85.0,3949.4,4501.9,2538.3,359
2026-01-26 17:00:00,weekday,place-symcl,Symphony,Green Line,25.0,946.3,920.8,1010.2,327
2026-01-26 17:00:00,weekday,place-tumnl,Tufts Medical Center,Orange Line,151.0,3777.8,4535.5,1880.0,361
2026-01-26 17:00:00,weekday,place-welln,Wellington,Orange Line,82.0,3899.1,4551.5,2215.9,358
2026-01-26 17:00:00,weekday,place-wlsta,Wollaston,Red Line,12.0,1734.5,2020.8,1017.4,361
2026-01-26 17:00:00,weekday,place-wondl,Wonderland,Blue Line,76.0,3759.9,4264.2,2469.0,356
2026-01-26 17:00:00,weekday,place-wimnl,Wood Island,Blue Line,20.0,1318.7,1467.7,932.0,356
2026-01-26 17:00:00,weekday,place-wtcst,World Trade Center,Silver Line,37.0,1200.2,1316.5,909.0,361
2026-01-26 18:00:00,weekday,place-aport,Airport,Blue Line,102.0,6078.3,6569.2,4836.4,360
2026-01-26 18:00:00,weekday,place-alfcl,Alewife,Red Line,139.0,5780.6,6616.4,3687.0,361
2026-01-26 18:00:00,weekday,place-andrw,Andrew,Red Line,85.0,3255.3,3702.9,2134.3,361
2026-01-26 18:00:00,weekday,place-aqucl,Aquarium,Blue Line,39.0,3333.0,3432.4,3084.2,361
2026-01-26 18:00:00,weekday,place-armnl,Arlington,Green Line,178.0,3907.7,3974.4,3739.3,349
2026-01-26 18:00:00,weekday,place-asmnl,Ashmont,Red Line,55.0,3756.3,4380.3,2193.5,361
2026-01-26 18:00:00,weekday,place-astao,Assembly,Orange Line,96.0,2967.9,3119.5,2588.3,361
2026-01-26 18:00:00,weekday,place-bbsta,Back Bay,Orange Line,304.0,10028.9,11471.0,6270.6,357
2026-01-26 18:00:00,weekday,place-balsq,Ball Square,Green Line,0.84,139.3,150.9,109.9,350
2026-01-26 18:00:00,weekday,place-bmmnl,Beachmont,Blue Line,30.0,2348.0,2653.2,1560.5,358
2026-01-26 18:00:00,weekday,place-bomnl,Bowdoin,Blue Line,49.0,1406.3,1701.8,666.0,361
2026-01-26 18:00:00,weekday,place-boyls,Boylston,Green Line,120.0,3859.1,3732.2,4181.6,347
2026-01-26 18:00:00,weekday,place-brntn,Braintree,Red Line,63.0,2316.0,2671.8,1416.0,360
2026-01-26 18:00:00,weekday,place-brdwy,Broadway,Red Line,102.0,3513.1,3928.7,2393.2,351
2026-01-26 18:00:00,weekday,place-cntsq,Central,Red Line,249.0,8250.8,8876.6,6683.3,361
2026-01-26 18:00:00,weekday,place-chmnl,Charles/MGH,Red Line,243.0,5543.2,6654.1,2760.4,361
2026-01-26 18:00:00,weekday,place-chncl,Chinatown,Orange Line,150.0,3955.4,4305.4,3078.5,361
2026-01-26 18:00:00,weekday,place-ccmnl,Community College,Orange Line,29.0,2457.6,3023.7,1039.7,361
2026-01-26 18:00:00,weekday,place-coecl,Copley,Green Line,275.0,7980.6,7980.3,7981.3,350
2026-01-26 18:00:00,weekday,place-crtst,Courthouse,Silver Line,42.0,2253.6,2567.2,1468.3,361
2026-01-26 18:00:00,weekday,place-davis,Davis,Red Line,150.0,4866.6,5296.7,3789.1,361
2026-01-26 18:00:00,weekday,place-dwnxg,Downtown Crossing,"Orange Line, Red Line",319.0,10888.3,12269.6,7428.3,361
2026-01-26 18:00:00,weekday,place-fldcr,Fields Corner,Red Line,38.0,2377.4,2697.5,1575.7,361
2026-01-26 18:00:00,weekday,place-forhl,Forest Hills,Orange Line,120.0,6328.0,7469.5,3468.6,361
2026-01-26 18:00:00,weekday,place-gilmn,Gilman Square,Green Line,4.28,264.1,286.5,207.2,351
2026-01-26 18:00:00,weekday,place-gover,Government Center,"Blue Line, Green Line",93.0,4821.1,5170.1,3947.0,361
2026-01-26 18:00:00,weekday,place-grnst,Green Street,Orange Line,43.0,1799.9,2077.1,1101.4,359
2026-01-26 18:00:00,weekday,place-harsq,Harvard,Red Line,259.0,10860.0,11361.2,9604.7,361
2026-01-26 18:00:00,weekday,place-haecl,Haymarket,"Green Line, Orange Line",114.0,6453.5,6748.3,5715.2,361
2026-01-26 18:00:00,weekday,place-hymnl,Hynes Convention Center,Green Line,201.0,5288.6,5220.1,5460.7,355
2026-01-26 18:00:00,weekday,place-jfk,JFK/UMass,Red Line,66.0,4084.5,4808.4,2173.9,353
2026-01-26 18:00:00,weekday,place-jaksn,Jackson Square,Orange Line,53.0,2846.1,3326.1,1631.9,360
2026-01-26 18:00:00,weekday,place-knncl,Kendall/MIT,Red Line,265.0,8412.3,9925.9,4498.5,355
2026-01-26 18:00:00,weekday,place-kencl,Kenmore,Green Line,106.0,4439.8,4535.1,4203.1,352
2026-01-26 18:00:00,weekday,place-lech,Lechmere,Green Line,1.43,245.6,265.3,196.0,359
2026-01-26 18:00:00,weekday,place-mgngl,Magoun Square,Green Line,2.07,128.3,138.1,103.5,349
2026-01-26 18:00:00,weekday,place-mlmnl,Malden Center,Orange Line,83.0,5719.4,6595.3,3525.2,361
2026-01-26 18:00:00,weekday,place-masta,Massachusetts Avenue,Orange Line,97.0,3184.2,3658.5,1996.0,361
2026-01-26 18:00:00,weekday,place-matt,Mattapan Line,Mattapan Line,25.35,2785.5,3271.4,1568.2,361
2026-01-26 18:00:00,weekday,place-mvbcl,Maverick,Blue Line,144.0,7320.1,8106.1,5351.5,361
2026-01-26 18:00:00,weekday,place-nqncy,North Quincy,Red Line,40.0,2886.8,3386.6,1634.9,361
2026-01-26 18:00:00,weekday,place-north,North Station,"Green Line, Orange Line",234.0,11662.5,13084.0,8031.2,359
2026-01-26 18:00:00,weekday,place-ogmnl,Oak Grove,Orange Line,122.0,3496.9,4070.8,2045.5,360
2026-01-26 18:00:00,weekday,place-orhte,Orient Heights,Blue Line,43.0,3047.0,3426.0,2079.0,359
2026-01-26 18:00:00,weekday,place-pktrm,Park Street,"Green Line, Red Line",269.0,8842.8,9190.0,7973.2,361
2026-01-26 18:00:00,weekday,place-portr,Porter,Red Line,138.0,4190.9,4505.7,3402.5,361
2026-01-26 18:00:00,weekday,place-prmnl,Prudential,Green Line,110.0,2182.0,2137.6,2292.7,353
2026-01-26 18:00:00,weekday,place-qamnl,Quincy Adams,Red Line,26.0,1560.4,1835.5,867.2,359
2026-01-26 18:00:00,weekday,place-qnctr,Quincy Center,Red Line,43.0,3374.7,3868.8,2094.1,352
2026-01-26 18:00:00,weekday,place-rbmnl,Revere Beach,Blue Line,31.0,2267.8,2518.2,1633.2,357
2026-01-26 18:00:00,weekday,place-river,Riverside,Green Line,50.0,899.9,901.1,896.9,360
2026-01-26 18:00:00,weekday,place-rcmnl,Roxbury Crossing,Orange Line,85.0,2916.6,3388.0,1712.4,359
2026-01-26 18:00:00,weekday,place-rugg,Ruggles,Orange Line,175.0,5463.2,6671.9,2435.5,361
2026-01-26 18:00:00,weekday,place-shmnl,Savin Hill,Red Line,18.0,1248.0,1417.1,824.3,361
2026-01-26 18:00:00,weekday,place-spmnl,Science Park,Green Line,18.0,733.3,762.6,660.0,361
2026-01-26 18:00:00,weekday,place-smmnl,Shawmut,Red Line,15.0,1085.6,1267.3,630.5,361
2026-01-26 18:00:00,weekday,place-sstat,South Station,"Red Line, Silver Line",227.0,11868.8,13721.2,7126.5,356
2026-01-26 18:00:00,weekday,place-state,State Street,"Blue Line, Orange Line",172.0,7246.9,8717.0,3578.8,360
2026-01-26 18:00:00,weekday,place-sbmnl,Stony Brook,Orange Line,31.0,1897.8,2150.5,1257.4,357
2026-01-26 18:00:00,weekday,place-sull,Sullivan Square,Orange Line,118.0,3949.4,4501.9,2538.3,359
2026-01-26 18:00:00,weekday,place-symcl,Symphony,Green Line,37.0,946.3,920.8,1010.2,327
2026-01-26 18:00:00,weekday,place-tumnl,Tufts Medical Center,Orange Line,119.0,3777.8,4535.5,1880.0,361
2026-01-26 18:00:00,weekday,place-unsqu,Union Square,Green Line,1.67,135.3,144.6,111.3,347
2026-01-26 18:00:00,weekday,place-welln,Wellington,Orange Line,81.0,3899.1,4551.5,2215.9,358
2026-01-26 18:00:00,weekday,place-wlsta,Wollaston,Red Line,19.0,1734.5,2020.8,1017.4,361
2026-01-26 18:00:00,weekday,place-wondl,Wonderland,Blue Line,39.0,3759.9,4264.2,2469.0,356
2026-01-26 18:00:00,weekday,place-wimnl,Wood Island,Blue Line,18.0,1318.7,1467.7,932.0,356
2026-01-26 18:00:00,weekday,place-wtcst,World Trade Center,Silver Line,36.0,1200.2,1316.5,909.0,361
2026-01-26 19:00:00,weekday,place-aport,Airport,Blue Line,119.0,6078.3,6569.2,4836.4,360
2026-01-26 19:00:00,weekday,place-alfcl,Alewife,Red Line,83.0,5780.6,6616.4,3687.0,361
2026-01-26 19:00:00,weekday,place-andrw,Andrew,Red Line,51.0,3255.3,3702.9,2134.3,361
2026-01-26 19:00:00,weekday,place-aqucl,Aquarium,Blue Line,31.0,3333.0,3432.4,3084.2,361
2026-01-26 19:00:00,weekday,place-armnl,Arlington,Green Line,142.0,3907.7,3974.4,3739.3,349
2026-01-26 19:00:00,weekday,place-asmnl,Ashmont,Red Line,45.0,3756.3,4380.3,2193.5,361
2026-01-26 19:00:00,weekday,place-astao,Assembly,Orange Line,91.0,2967.9,3119.5,2588.3,361
2026-01-26 19:00:00,weekday,place-bbsta,Back Bay,Orange Line,278.0,10028.9,11471.0,6270.6,357
2026-01-26 19:00:00,weekday,place-balsq,Ball Square,Green Line,2.86,139.3,150.9,109.9,350
2026-01-26 19:00:00,weekday,place-bmmnl,Beachmont,Blue Line,16.0,2348.0,2653.2,1560.5,358
2026-01-26 19:00:00,weekday,place-bomnl,Bowdoin,Blue Line,27.0,1406.3,1701.8,666.0,361
2026-01-26 19:00:00,weekday,place-boyls,Boylston,Green Line,117.0,3859.1,3732.2,4181.6,347
2026-01-26 19:00:00,weekday,place-brntn,Braintree,Red Line,25.0,2316.0,2671.8,1416.0,360
2026-01-26 19:00:00,weekday,place-brdwy,Broadway,Red Line,114.0,3513.1,3928.7,2393.2,351
2026-01-26 19:00:00,weekday,place-cntsq,Central,Red Line,240.0,8250.8,8876.6,6683.3,361
2026-01-26 19:00:00,weekday,place-chmnl,Charles/MGH,Red Line,268.0,5543.2,6654.1,2760.4,361
2026-01-26 19:00:00,weekday,place-chncl,Chinatown,Orange Line,183.0,3955.4,4305.4,3078.5,361
2026-01-26 19:00:00,weekday,place-ccmnl,Community College,Orange Line,42.0,2457.6,3023.7,1039.7,361
2026-01-26 19:00:00,weekday,place-coecl,Copley,Green Line,228.0,7980.6,7980.3,7981.3,350
2026-01-26 19:00:00,weekday,place-crtst,Courthouse,Silver Line,42.0,2253.6,2567.2,1468.3,361
2026-01-26 19:00:00,weekday,place-davis,Davis,Red Line,88.0,4866.6,5296.7,3789.1,361
2026-01-26 19:00:00,weekday,place-dwnxg,Downtown Crossing,"Orange Line, Red Line",243.0,10888.3,12269.6,7428.3,361
2026-01-26 19:00:00,weekday,place-esomr,East Somerville,Green Line,1.43,70.5,75.8,56.8,350
2026-01-26 19:00:00,weekday,place-fldcr,Fields Corner,Red Line,21.0,2377.4,2697.5,1575.7,361
2026-01-26 19:00:00,weekday,place-forhl,Forest Hills,Orange Line,100.0,6328.0,7469.5,3468.6,361
2026-01-26 19:00:00,weekday,place-gilmn,Gilman Square,Green Line,2.07,264.1,286.5,207.2,351
2026-01-26 19:00:00,weekday,place-gover,Government Center,"Blue Line, Green Line",82.0,4821.1,5170.1,3947.0,361
2026-01-26 19:00:00,weekday,place-grnst,Green Street,Orange Line,32.0,1799.9,2077.1,1101.4,359
2026-01-26 19:00:00,weekday,place-harsq,Harvard,Red Line,224.0,10860.0,11361.2,9604.7,361
2026-01-26 19:00:00,weekday,place-haecl,Haymarket,"Green Line, Orange Line",76.0,6453.5,6748.3,5715.2,361
2026-01-26 19:00:00,weekday,place-hymnl,Hynes Convention Center,Green Line,161.0,5288.6,5220.1,5460.7,355
2026-01-26 19:00:00,weekday,place-jfk,JFK/UMass,Red Line,44.0,4084.5,4808.4,2173.9,353
2026-01-26 19:00:00,weekday,place-jaksn,Jackson Square,Orange Line,56.0,2846.1,3326.1,1631.9,360
2026-01-26 19:00:00,weekday,place-knncl,Kendall/MIT,Red Line,177.0,8412.3,9925.9,4498.5,355
2026-01-26 19:00:00,weekday,place-kencl,Kenmore,Green Line,78.0,4439.8,4535.1,4203.1,352
2026-01-26 19:00:00,weekday,place-lech,Lechmere,Green Line,4.14,245.6,265.3,196.0,359
2026-01-26 19:00:00,weekday,place-mgngl,Magoun Square,Green Line,1.67,128.3,138.1,103.5,349
2026-01-26 19:00:00,weekday,place-mlmnl,Malden Center,Orange Line,93.0,5719.4,6595.3,3525.2,361
2026-01-26 19:00:00,weekday,place-masta,Massachusetts Avenue,Orange Line,87.0,3184.2,3658.5,1996.0,361
2026-01-26 19:00:00,weekday,place-matt,Mattapan Line,Mattapan Line,18.43,2785.5,3271.4,1568.2,361
2026-01-26 19:00:00,weekday,place-mvbcl,Maverick,Blue Line,101.0,7320.1,8106.1,5351.5,361
2026-01-26 19:00:00,weekday,place-nqncy,North Quincy,Red Line,21.0,2886.8,3386.6,1634.9,361
2026-01-26 19:00:00,weekday,place-north,North Station,"Green Line, Orange Line",181.0,11662.5,13084.0,8031.2,359
2026-01-26 19:00:00,weekday,place-ogmnl,Oak Grove,Orange Line,92.0,3496.9,4070.8,2045.5,360
2026-01-26 19:00:00,weekday,place-orhte,Orient Heights,Blue Line,19.0,3047.0,3426.0,2079.0,359
2026-01-26 19:00:00,weekday,place-pktrm,Park Street,"Green Line, Red Line",186.0,8842.8,9190.0,7973.2,361
2026-01-26 19:00:00,weekday,place-portr,Porter,Red Line,110.0,4190.9,4505.7,3402.5,361
2026-01-26 19:00:00,weekday,place-prmnl,Prudential,Green Line,164.0,2182.0,2137.6,2292.7,353
2026-01-26 19:00:00,weekday,place-qamnl,Quincy Adams,Red Line,12.0,1560.4,1835.5,867.2,359
2026-01-26 19:00:00,weekday,place-qnctr,Quincy Center,Red Line,33.0,3374.7,3868.8,2094.1,352
2026-01-26 19:00:00,weekday,place-rbmnl,Revere Beach,Blue Line,27.0,2267.8,2518.2,1633.2,357
2026-01-26 19:00:00,weekday,place-river,Riverside,Green Line,17.0,899.9,901.1,896.9,360
2026-01-26 19:00:00,weekday,place-rcmnl,Roxbury Crossing,Orange Line,82.0,2916.6,3388.0,1712.4,359
2026-01-26 19:00:00,weekday,place-rugg,Ruggles,Orange Line,144.0,5463.2,6671.9,2435.5,361
2026-01-26 19:00:00,weekday,place-shmnl,Savin Hill,Red Line,15.0,1248.0,1417.1,824.3,361
2026-01-26 19:00:00,weekday,place-spmnl,Science Park,Green Line,19.0,733.3,762.6,660.0,361
2026-01-26 19:00:00,weekday,place-smmnl,Shawmut,Red Line,11.0,1085.6,1267.3,630.5,361
2026-01-26 19:00:00,weekday,place-sstat,South Station,"Red Line, Silver Line",132.0,11868.8,13721.2,7126.5,356
2026-01-26 19:00:00,weekday,place-state,State Street,"Blue Line, Orange Line",128.0,7246.9,8717.0,3578.8,360
2026-01-26 19:00:00,weekday,place-sbmnl,Stony Brook,Orange Line,29.0,1897.8,2150.5,1257.4,357
2026-01-26 19:00:00,weekday,place-sdmnl,Suffolk Downs,Blue Line,2.0,501.1,568.7,323.9,355
2026-01-26 19:00:00,weekday,place-sull,Sullivan Square,Orange Line,113.0,3949.4,4501.9,2538.3,359
2026-01-26 19:00:00,weekday,place-symcl,Symphony,Green Line,42.0,946.3,920.8,1010.2,327
2026-01-26 19:00:00,weekday,place-tumnl,Tufts Medical Center,Orange Line,142.0,3777.8,4535.5,1880.0,361
2026-01-26 19:00:00,weekday,place-unsqu,Union Square,Green Line,0.84,135.3,144.6,111.3,347
2026-01-26 19:00:00,weekday,place-welln,Wellington,Orange Line,89.0,3899.1,4551.5,2215.9,358
2026-01-26 19:00:00,weekday,place-wlsta,Wollaston,Red Line,20.0,1734.5,2020.8,1017.4,361
2026-01-26 19:00:00,weekday,place-wondl,Wonderland,Blue Line,26.0,3759.9,4264.2,2469.0,356
2026-01-26 19:00:00,weekday,place-wimnl,Wood Island,Blue Line,8.0,1318.7,1467.7,932.0,356
2026-01-26 19:00:00,weekday,place-wtcst,World Trade Center,Silver Line,16.0,1200.2,1316.5,909.0,361
2026-01-26 20:00:00,weekday,place-aport,Airport,Blue Line,92.0,6078.3,6569.2,4836.4,360
2026-01-26 20:00:00,weekday,place-alfcl,Alewife,Red Line,29.0,5780.6,6616.4,3687.0,361
2026-01-26 20:00:00,weekday,place-andrw,Andrew,Red Line,38.0,3255.3,3702.9,2134.3,361
2026-01-26 20:00:00,weekday,place-aqucl,Aquarium,Blue Line,34.0,3333.0,3432.4,3084.2,361
2026-01-26 20:00:00,weekday,place-armnl,Arlington,Green Line,73.0,3907.7,3974.4,3739.3,349
2026-01-26 20:00:00,weekday,place-asmnl,Ashmont,Red Line,34.0,3756.3,4380.3,2193.5,361
2026-01-26 20:00:00,weekday,place-astao,Assembly,Orange Line,28.0,2967.9,3119.5,2588.3,361
2026-01-26 20:00:00,weekday,place-bbsta,Back Bay,Orange Line,163.0,10028.9,11471.0,6270.6,357
2026-01-26 20:00:00,weekday,place-bmmnl,Beachmont,Blue Line,24.0,2348.0,2653.2,1560.5,358
2026-01-26 20:00:00,weekday,place-bomnl,Bowdoin,Blue Line,38.0,1406.3,1701.8,666.0,361
2026-01-26 20:00:00,weekday,place-boyls,Boylston,Green Line,73.0,3859.1,3732.2,4181.6,347
2026-01-26 20:00:00,weekday,place-brntn,Braintree,Red Line,13.0,2316.0,2671.8,1416.0,360
2026-01-26 20:00:00,weekday,place-brdwy,Broadway,Red Line,32.0,3513.1,3928.7,2393.2,351
2026-01-26 20:00:00,weekday,place-cntsq,Central,Red Line,120.0,8250.8,8876.6,6683.3,361
2026-01-26 20:00:00,weekday,place-chmnl,Charles/MGH,Red Line,106.0,5543.2,6654.1,2760.4,361
2026-01-26 20:00:00,weekday,place-chncl,Chinatown,Orange Line,148.0,3955.4,4305.4,3078.5,361
2026-01-26 20:00:00,weekday,place-ccmnl,Community College,Orange Line,10.0,2457.6,3023.7,1039.7,361
2026-01-26 20:00:00,weekday,place-coecl,Copley,Green Line,173.0,7980.6,7980.3,7981.3,350
2026-01-26 20:00:00,weekday,place-crtst,Courthouse,Silver Line,30.0,2253.6,2567.2,1468.3,361
2026-01-26 20:00:00,weekday,place-davis,Davis,Red Line,56.0,4866.6,5296.7,3789.1,361
2026-01-26 20:00:00,weekday,place-dwnxg,Downtown Crossing,"Orange Line, Red Line",160.0,10888.3,12269.6,7428.3,361
2026-01-26 20:00:00,weekday,place-fldcr,Fields Corner,Red Line,14.0,2377.4,2697.5,1575.7,361
2026-01-26 20:00:00,weekday,place-forhl,Forest Hills,Orange Line,48.0,6328.0,7469.5,3468.6,361
2026-01-26 20:00:00,weekday,place-gilmn,Gilman Square,Green Line,0.84,264.1,286.5,207.2,351
2026-01-26 20:00:00,weekday,place-gover,Government Center,"Blue Line, Green Line",36.0,4821.1,5170.1,3947.0,361
2026-01-26 20:00:00,weekday,place-grnst,Green Street,Orange Line,15.0,1799.9,2077.1,1101.4,359
2026-01-26 20:00:00,weekday,place-harsq,Harvard,Red Line,183.0,10860.0,11361.2,9604.7,361
2026-01-26 20:00:00,weekday,place-haecl,Haymarket,"Green Line, Orange Line",81.0,6453.5,6748.3,5715.2,361
2026-01-26 20:00:00,weekday,place-hymnl,Hynes Convention Center,Green Line,85.0,5288.6,5220.1,5460.7,355
2026-01-26 20:00:00,weekday,place-jfk,JFK/UMass,Red Line,31.0,4084.5,4808.4,2173.9,353
2026-01-26 20:00:00,weekday,place-jaksn,Jackson Square,Orange Line,26.0,2846.1,3326.1,1631.9,360
2026-01-26 20:00:00,weekday,place-knncl,Kendall/MIT,Red Line,103.0,8412.3,9925.9,4498.5,355
2026-01-26 20:00:00,weekday,place-kencl,Kenmore,Green Line,69.0,4439.8,4535.1,4203.1,352
2026-01-26 20:00:00,weekday,place-lech,Lechmere,Green Line,1.43,245.6,265.3,196.0,359
2026-01-26 20:00:00,weekday,place-mlmnl,Malden Center,Orange Line,27.0,5719.4,6595.3,3525.2,361
2026-01-26 20:00:00,weekday,place-masta,Massachusetts Avenue,Orange Line,39.0,3184.2,3658.5,1996.0,361
2026-01-26 20:00:00,weekday,place-matt,Mattapan Line,Mattapan Line,13.82,2785.5,3271.4,1568.2,361
2026-01-26 20:00:00,weekday,place-mvbcl,Maverick,Blue Line,45.0,7320.1,8106.1,5351.5,361
2026-01-26 20:00:00,weekday,place-mdftf,Medford/Tufts,Green Line,0.84,181.5,203.0,127.3,349
2026-01-26 20:00:00,weekday,place-nqncy,North Quincy,Red Line,15.0,2886.8,3386.6,1634.9,361
2026-01-26 20:00:00,weekday,place-north,North Station,"Green Line, Orange Line",194.0,11662.5,13084.0,8031.2,359
2026-01-26 20:00:00,weekday,place-ogmnl,Oak Grove,Orange Line,17.0,3496.9,4070.8,2045.5,360
2026-01-26 20:00:00,weekday,place-orhte,Orient Heights,Blue Line,17.0,3047.0,3426.0,2079.0,359
2026-01-26 20:00:00,weekday,place-pktrm,Park Street,"Green Line, Red Line",138.0,8842.8,9190.0,7973.2,361
2026-01-26 20:00:00,weekday,place-portr,Porter,Red Line,86.0,4190.9,4505.7,3402.5,361
2026-01-26 20:00:00,weekday,place-prmnl,Prudential,Green Line,68.0,2182.0,2137.6,2292.7,353
2026-01-26 20:00:00,weekday,place-qamnl,Quincy Adams,Red Line,5.0,1560.4,1835.5,867.2,359
2026-01-26 20:00:00,weekday,place-qnctr,Quincy Center,Red Line,31.0,3374.7,3868.8,2094.1,352
2026-01-26 20:00:00,weekday,place-rbmnl,Revere Beach,Blue Line,12.0,2267.8,2518.2,1633.2,357
2026-01-26 20:00:00,weekday,place-river,Riverside,Green Line,10.0,899.9,901.1,896.9,360
2026-01-26 20:00:00,weekday,place-rcmnl,Roxbury Crossing,Orange Line,38.0,2916.6,3388.0,1712.4,359
2026-01-26 20:00:00,weekday,place-rugg,Ruggles,Orange Line,93.0,5463.2,6671.9,2435.5,361
2026-01-26 20:00:00,weekday,place-shmnl,Savin Hill,Red Line,6.0,1248.0,1417.1,824.3,361
2026-01-26 20:00:00,weekday,place-spmnl,Science Park,Green Line,5.0,733.3,762.6,660.0,361
2026-01-26 20:00:00,weekday,place-smmnl,Shawmut,Red Line,7.0,1085.6,1267.3,630.5,361
2026-01-26 20:00:00,weekday,place-sstat,South Station,"Red Line, Silver Line",134.0,11868.8,13721.2,7126.5,356
2026-01-26 20:00:00,weekday,place-state,State Street,"Blue Line, Orange Line",104.0,7246.9,8717.0,3578.8,360
2026-01-26 20:00:00,weekday,place-sbmnl,Stony Brook,Orange Line,11.0,1897.8,2150.5,1257.4,357
2026-01-26 20:00:00,weekday,place-sdmnl,Suffolk Downs,Blue Line,2.0,501.1,568.7,323.9,355
2026-01-26 20:00:00,weekday,place-sull,Sullivan Square,Orange Line,45.0,3949.4,4501.9,2538.3,359
2026-01-26 20:00:00,weekday,place-symcl,Symphony,Green Line,21.0,946.3,920.8,1010.2,327
2026-01-26 20:00:00,weekday,place-tumnl,Tufts Medical Center,Orange Line,60.0,3777.8,4535.5,1880.0,361
2026-01-26 20:00:00,weekday,place-welln,Wellington,Orange Line,29.0,3899.1,4551.5,2215.9,358
2026-01-26 20:00:00,weekday,place-wlsta,Wollaston,Red Line,10.0,1734.5,2020.8,1017.4,361
2026-01-26 20:00:00,weekday,place-wondl,Wonderland,Blue Line,24.0,3759.9,4264.2,2469.0,356
2026-01-26 20:00:00,weekday,place-wimnl,Wood Island,Blue Line,12.0,1318.7,1467.7,932.0,356
2026-01-26 20:00:00,weekday,place-wtcst,World Trade Center,Silver Line,20.0,1200.2,1316.5,909.0,361
2026-01-26 21:00:00,weekday,place-aport,Airport,Blue Line,97.0,6078.3,6569.2,4836.4,360
2026-01-26 21:00:00,weekday,place-alfcl,Alewife,Red Line,34.0,5780.6,6616.4,3687.0,361
2026-01-26 21:00:00,weekday,place-andrw,Andrew,Red Line,33.0,3255.3,3702.9,2134.3,361
2026-01-26 21:00:00,weekday,place-aqucl,Aquarium,Blue Line,35.0,3333.0,3432.4,3084.2,361
2026-01-26 21:00:00,weekday,place-armnl,Arlington,Green Line,79.0,3907.7,3974.4,3739.3,349
2026-01-26 21:00:00,weekday,place-asmnl,Ashmont,Red Line,48.0,3756.3,4380.3,2193.5,361
2026-01-26 21:00:00,weekday,place-astao,Assembly,Orange Line,33.0,2967.9,3119.5,2588.3,361
2026-01-26 21:00:00,weekday,place-bbsta,Back Bay,Orange Line,192.0,10028.9,11471.0,6270.6,357
2026-01-26 21:00:00,weekday,place-bmmnl,Beachmont,Blue Line,10.0,2348.0,2653.2,1560.5,358
2026-01-26 21:00:00,weekday,place-bomnl,Bowdoin,Blue Line,15.0,1406.3,1701.8,666.0,361
2026-01-26 21:00:00,weekday,place-boyls,Boylston,Green Line,92.0,3859.1,3732.2,4181.6,347
2026-01-26 21:00:00,weekday,place-brntn,Braintree,Red Line,23.0,2316.0,2671.8,1416.0,360
2026-01-26 21:00:00,weekday,place-brdwy,Broadway,Red Line,37.0,3513.1,3928.7,2393.2,351
2026-01-26 21:00:00,weekday,place-cntsq,Central,Red Line,110.0,8250.8,8876.6,6683.3,361
2026-01-26 21:00:00,weekday,place-chmnl,Charles/MGH,Red Line,75.0,5543.2,6654.1,2760.4,361
2026-01-26 21:00:00,weekday,place-chncl,Chinatown,Orange Line,139.0,3955.4,4305.4,3078.5,361
2026-01-26 21:00:00,weekday,place-ccmnl,Community College,Orange Line,16.0,2457.6,3023.7,1039.7,361
2026-01-26 21:00:00,weekday,place-coecl,Copley,Green Line,142.0,7980.6,7980.3,7981.3,350
2026-01-26 21:00:00,weekday,place-crtst,Courthouse,Silver Line,29.0,2253.6,2567.2,1468.3,361
2026-01-26 21:00:00,weekday,place-davis,Davis,Red Line,49.0,4866.6,5296.7,3789.1,361
2026-01-26 21:00:00,weekday,place-dwnxg,Downtown Crossing,"Orange Line, Red Line",150.0,10888.3,12269.6,7428.3,361
2026-01-26 21:00:00,weekday,place-fldcr,Fields Corner,Red Line,26.0,2377.4,2697.5,1575.7,361
2026-01-26 21:00:00,weekday,place-forhl,Forest Hills,Orange Line,53.0,6328.0,7469.5,3468.6,361
2026-01-26 21:00:00,weekday,place-gilmn,Gilman Square,Green Line,0.84,264.1,286.5,207.2,351
2026-01-26 21:00:00,weekday,place-gover,Government Center,"Blue Line, Green Line",44.0,4821.1,5170.1,3947.0,361
2026-01-26 21:00:00,weekday,place-grnst,Green Street,Orange Line,13.0,1799.9,2077.1,1101.4,359
2026-01-26 21:00:00,weekday,place-harsq,Harvard,Red Line,152.0,10860.0,11361.2,9604.7,361
2026-01-26 21:00:00,weekday,place-haecl,Haymarket,"Green Line, Orange Line",64.0,6453.5,6748.3,5715.2,361
2026-01-26 21:00:00,weekday,place-hymnl,Hynes Convention Center,Green Line,91.0,5288.6,5220.1,5460.7,355
2026-01-26 21:00:00,weekday,place-jfk,JFK/UMass,Red Line,30.0,4084.5,4808.4,2173.9,353
2026-01-26 21:00:00,weekday,place-jaksn,Jackson Square,Orange Line,18.0,2846.1,3326.1,1631.9,360
2026-01-26 21:00:00,weekday,place-knncl,Kendall/MIT,Red Line,93.0,8412.3,9925.9,4498.5,355
2026-01-26 21:00:00,weekday,place-kencl,Kenmore,Green Line,57.0,4439.8,4535.1,4203.1,352
2026-01-26 21:00:00,weekday,place-lech,Lechmere,Green Line,0.84,245.6,265.3,196.0,359
2026-01-26 21:00:00,weekday,place-mlmnl,Malden Center,Orange Line,36.0,5719.4,6595.3,3525.2,361
2026-01-26 21:00:00,weekday,place-masta,Massachusetts Avenue,Orange Line,37.0,3184.2,3658.5,1996.0,361
2026-01-26 21:00:00,weekday,place-matt,Mattapan Line,Mattapan Line,36.86,2785.5,3271.4,1568.2,361
2026-01-26 21:00:00,weekday,place-mvbcl,Maverick,Blue Line,58.0,7320.1,8106.1,5351.5,361
2026-01-26 21:00:00,weekday,place-nqncy,North Quincy,Red Line,22.0,2886.8,3386.6,1634.9,361
2026-01-26 21:00:00,weekday,place-north,North Station,"Green Line, Orange Line",287.0,11662.5,13084.0,8031.2,359
2026-01-26 21:00:00,weekday,place-ogmnl,Oak Grove,Orange Line,19.0,3496.9,4070.8,2045.5,360
2026-01-26 21:00:00,weekday,place-orhte,Orient Heights,Blue Line,28.0,3047.0,3426.0,2079.0,359
2026-01-26 21:00:00,weekday,place-pktrm,Park Street,"Green Line, Red Line",133.0,8842.8,9190.0,7973.2,361
2026-01-26 21:00:00,weekday,place-portr,Porter,Red Line,55.0,4190.9,4505.7,3402.5,361
2026-01-26 21:00:00,weekday,place-prmnl,Prudential,Green Line,67.0,2182.0,2137.6,2292.7,353
2026-01-26 21:00:00,weekday,place-qamnl,Quincy Adams,Red Line,6.0,1560.4,1835.5,867.2,359
2026-01-26 21:00:00,weekday,place-qnctr,Quincy Center,Red Line,34.0,3374.7,3868.8,2094.1,352
2026-01-26 21:00:00,weekday,place-rbmnl,Revere Beach,Blue Line,23.0,2267.8,2518.2,1633.2,357
2026-01-26 21:00:00,weekday,place-river,Riverside,Green Line,9.0,899.9,901.1,896.9,360
2026-01-26 21:00:00,weekday,place-rcmnl,Roxbury Crossing,Orange Line,30.0,2916.6,3388.0,1712.4,359
2026-01-26 21:00:00,weekday,place-rugg,Ruggles,Orange Line,64.0,5463.2,6671.9,2435.5,361
2026-01-26 21:00:00,weekday,place-shmnl,Savin Hill,Red Line,9.0,1248.0,1417.1,824.3,361
2026-01-26 21:00:00,weekday,place-spmnl,Science Park,Green Line,6.0,733.3,762.6,660.0,361
2026-01-26 21:00:00,weekday,place-smmnl,Shawmut,Red Line,14.0,1085.6,1267.3,630.5,361
2026-01-26 21:00:00,weekday,place-sstat,South Station,"Red Line, Silver Line",153.0,11868.8,13721.2,7126.5,356
2026-01-26 21:00:00,weekday,place-state,State Street,"Blue Line, Orange Line",59.0,7246.9,8717.0,3578.8,360
2026-01-26 21:00:00,weekday,place-sbmnl,Stony Brook,Orange Line,7.0,1897.8,2150.5,1257.4,357
2026-01-26 21:00:00,weekday,place-sdmnl,Suffolk Downs,Blue Line,1.0,501.1,568.7,323.9,355
2026-01-26 21:00:00,weekday,place-sull,Sullivan Square,Orange Line,59.0,3949.4,4501.9,2538.3,359
2026-01-26 21:00:00,weekday,place-symcl,Symphony,Green Line,15.0,946.3,920.8,1010.2,327
2026-01-26 21:00:00,weekday,place-tumnl,Tufts Medical Center,Orange Line,49.0,3777.8,4535.5,1880.0,361
2026-01-26 21:00:00,weekday,place-welln,Wellington,Orange Line,27.0,3899.1,4551.5,2215.9,358
2026-01-26 21:00:00,weekday,place-wlsta,Wollaston,Red Line,4.0,1734.5,2020.8,1017.4,361
2026-01-26 21:00:00,weekday,place-wondl,Wonderland,Blue Line,22.0,3759.9,4264.2,2469.0,356
2026-01-26 21:00:00,weekday,place-wimnl,Wood Island,Blue Line,12.0,1318.7,1467.7,932.0,356
2026-01-26 21:00:00,weekday,place-wtcst,World Trade Center,Silver Line,17.0,1200.2,1316.5,909.0,361
2026-01-26 22:00:00,weekday,place-aport,Airport,Blue Line,177.0,6078.3,6569.2,4836.4,360
2026-01-26 22:00:00,weekday,place-alfcl,Alewife,Red Line,13.0,5780.6,6616.4,3687.0,361
2026-01-26 22:00:00,weekday,place-andrw,Andrew,Red Line,36.0,3255.3,3702.9,2134.3,361
2026-01-26 22:00:00,weekday,place-aqucl,Aquarium,Blue Line,53.0,3333.0,3432.4,3084.2,361
2026-01-26 22:00:00,weekday,place-armnl,Arlington,Green Line,50.0,3907.7,3974.4,3739.3,349
2026-01-26 22:00:00,weekday,place-asmnl,Ashmont,Red Line,30.0,3756.3,4380.3,2193.5,361
2026-01-26 22:00:00,weekday,place-astao,Assembly,Orange Line,23.0,2967.9,3119.5,2588.3,361
2026-01-26 22:00:00,weekday,place-bbsta,Back Bay,Orange Line,187.0,10028.9,11471.0,6270.6,357
2026-01-26 22:00:00,weekday,place-balsq,Ball Square,Green Line,1.43,139.3,150.9,109.9,350
2026-01-26 22:00:00,weekday,place-bmmnl,Beachmont,Blue Line,12.0,2348.0,2653.2,1560.5,358
2026-01-26 22:00:00,weekday,place-bomnl,Bowdoin,Blue Line,35.0,1406.3,1701.8,666.0,361
2026-01-26 22:00:00,weekday,place-boyls,Boylston,Green Line,65.0,3859.1,3732.2,4181.6,347
2026-01-26 22:00:00,weekday,place-brntn,Braintree,Red Line,9.0,2316.0,2671.8,1416.0,360
2026-01-26 22:00:00,weekday,place-brdwy,Broadway,Red Line,51.0,3513.1,3928.7,2393.2,351
2026-01-26 22:00:00,weekday,place-cntsq,Central,Red Line,82.0,8250.8,8876.6,6683.3,361
2026-01-26 22:00:00,weekday,place-chmnl,Charles/MGH,Red Line,99.0,5543.2,6654.1,2760.4,361
2026-01-26 22:00:00,weekday,place-chncl,Chinatown,Orange Line,82.0,3955.4,4305.4,3078.5,361
2026-01-26 22:00:00,weekday,place-ccmnl,Community College,Orange Line,17.0,2457.6,3023.7,1039.7,361
2026-01-26 22:00:00,weekday,place-coecl,Copley,Green Line,118.0,7980.6,7980.3,7981.3,350
2026-01-26 22:00:00,weekday,place-crtst,Courthouse,Silver Line,40.0,2253.6,2567.2,1468.3,361
2026-01-26 22:00:00,weekday,place-davis,Davis,Red Line,37.0,4866.6,5296.7,3789.1,361
2026-01-26 22:00:00,weekday,place-dwnxg,Downtown Crossing,"Orange Line, Red Line",100.0,10888.3,12269.6,7428.3,361
2026-01-26 22:00:00,weekday,place-fldcr,Fields Corner,Red Line,16.0,2377.4,2697.5,1575.7,361
2026-01-26 22:00:00,weekday,place-forhl,Forest Hills,Orange Line,46.0,6328.0,7469.5,3468.6,361
2026-01-26 22:00:00,weekday,place-gover,Government Center,"Blue Line, Green Line",37.0,4821.1,5170.1,3947.0,361
2026-01-26 22:00:00,weekday,place-grnst,Green Street,Orange Line,20.0,1799.9,2077.1,1101.4,359
2026-01-26 22:00:00,weekday,place-harsq,Harvard,Red Line,134.0,10860.0,11361.2,9604.7,361
2026-01-26 22:00:00,weekday,place-haecl,Haymarket,"Green Line, Orange Line",80.0,6453.5,6748.3,5715.2,361
2026-01-26 22:00:00,weekday,place-hymnl,Hynes Convention Center,Green Line,58.0,5288.6,5220.1,5460.7,355
2026-01-26 22:00:00,weekday,place-jfk,JFK/UMass,Red Line,12.0,4084.5,4808.4,2173.9,353
2026-01-26 22:00:00,weekday,place-jaksn,Jackson Square,Orange Line,22.0,2846.1,3326.1,1631.9,360
2026-01-26 22:00:00,weekday,place-knncl,Kendall/MIT,Red Line,63.0,8412.3,9925.9,4498.5,355
2026-01-26 22:00:00,weekday,place-kencl,Kenmore,Green Line,64.0,4439.8,4535.1,4203.1,352
2026-01-26 22:00:00,weekday,place-mlmnl,Malden Center,Orange Line,40.0,5719.4,6595.3,3525.2,361
2026-01-26 22:00:00,weekday,place-masta,Massachusetts Avenue,Orange Line,46.0,3184.2,3658.5,1996.0,361
2026-01-26 22:00:00,weekday,place-matt,Mattapan Line,Mattapan Line,14.97,2785.5,3271.4,1568.2,361
2026-01-26 22:00:00,weekday,place-mvbcl,Maverick,Blue Line,39.0,7320.1,8106.1,5351.5,361
2026-01-26 22:00:00,weekday,place-nqncy,North Quincy,Red Line,25.0,2886.8,3386.6,1634.9,361
2026-01-26 22:00:00,weekday,place-north,North Station,"Green Line, Orange Line",3353.0,11662.5,13084.0,8031.2,359
2026-01-26 22:00:00,weekday,place-ogmnl,Oak Grove,Orange Line,9.0,3496.9,4070.8,2045.5,360
2026-01-26 22:00:00,weekday,place-orhte,Orient Heights,Blue Line,22.0,3047.0,3426.0,2079.0,359
2026-01-26 22:00:00,weekday,place-pktrm,Park Street,"Green Line, Red Line",116.0,8842.8,9190.0,7973.2,361
2026-01-26 22:00:00,weekday,place-portr,Porter,Red Line,34.0,4190.9,4505.7,3402.5,361
2026-01-26 22:00:00,weekday,place-prmnl,Prudential,Green Line,61.0,2182.0,2137.6,2292.7,353
2026-01-26 22:00:00,weekday,place-qamnl,Quincy Adams,Red Line,10.0,1560.4,1835.5,867.2,359
2026-01-26 22:00:00,weekday,place-qnctr,Quincy Center,Red Line,39.0,3374.7,3868.8,2094.1,352
2026-01-26 22:00:00,weekday,place-rbmnl,Revere Beach,Blue Line,14.0,2267.8,2518.2,1633.2,357
2026-01-26 22:00:00,weekday,place-river,Riverside,Green Line,6.0,899.9,901.1,896.9,360
2026-01-26 22:00:00,weekday,place-rcmnl,Roxbury Crossing,Orange Line,21.0,2916.6,3388.0,1712.4,359
2026-01-26 22:00:00,weekday,place-rugg,Ruggles,Orange Line,62.0,5463.2,6671.9,2435.5,361
2026-01-26 22:00:00,weekday,place-shmnl,Savin Hill,Red Line,4.0,1248.0,1417.1,824.3,361
2026-01-26 22:00:00,weekday,place-spmnl,Science Park,Green Line,10.0,733.3,762.6,660.0,361
2026-01-26 22:00:00,weekday,place-smmnl,Shawmut,Red Line,9.0,1085.6,1267.3,630.5,361
2026-01-26 22:00:00,weekday,place-sstat,South Station,"Red Line, Silver Line",119.0,11868.8,13721.2,7126.5,356
2026-01-26 22:00:00,weekday,place-state,State Street,"Blue Line, Orange Line",77.0,7246.9,8717.0,3578.8,360
2026-01-26 22:00:00,weekday,place-sbmnl,Stony Brook,Orange Line,14.0,1897.8,2150.5,1257.4,357
2026-01-26 22:00:00,weekday,place-sdmnl,Suffolk Downs,Blue Line,1.0,501.1,568.7,323.9,355
2026-01-26 22:00:00,weekday,place-sull,Sullivan Square,Orange Line,38.0,3949.4,4501.9,2538.3,359
2026-01-26 22:00:00,weekday,place-symcl,Symphony,Green Line,12.0,946.3,920.8,1010.2,327
2026-01-26 22:00:00,weekday,place-tumnl,Tufts Medical Center,Orange Line,42.0,3777.8,4535.5,1880.0,361
2026-01-26 22:00:00,weekday,place-welln,Wellington,Orange Line,24.0,3899.1,4551.5,2215.9,358
2026-01-26 22:00:00,weekday,place-wlsta,Wollaston,Red Line,10.0,1734.5,2020.8,1017.4,361
2026-01-26 22:00:00,weekday,place-wondl,Wonderland,Blue Line,24.0,3759.9,4264.2,2469.0,356
2026-01-26 22:00:00,weekday,place-wimnl,Wood Island,Blue Line,13.0,1318.7,1467.7,932.0,356
2026-01-26 22:00:00,weekday,place-wtcst,World Trade Center,Silver Line,26.0,1200.2,1316.5,909.0,361
2026-01-26 23:00:00,weekday,place-aport,Airport,Blue Line,135.0,6078.3,6569.2,4836.4,360
2026-01-26 23:00:00,weekday,place-alfcl,Alewife,Red Line,21.0,5780.6,6616.4,3687.0,361
2026-01-26 23:00:00,weekday,place-andrw,Andrew,Red Line,31.0,3255.3,3702.9,2134.3,361
2026-01-26 23:00:00,weekday,place-aqucl,Aquarium,Blue Line,36.0,3333.0,3432.4,3084.2,361
2026-01-26 23:00:00,weekday,place-armnl,Arlington,Green Line,54.0,3907.7,3974.4,3739.3,349
2026-01-26 23:00:00,weekday,place-asmnl,Ashmont,Red Line,24.0,3756.3,4380.3,2193.5,361
2026-01-26 23:00:00,weekday,place-astao,Assembly,Orange Line,23.0,2967.9,3119.5,2588.3,361
2026-01-26 23:00:00,weekday,place-bbsta,Back Bay,Orange Line,92.0,10028.9,11471.0,6270.6,357
2026-01-26 23:00:00,weekday,place-bmmnl,Beachmont,Blue Line,8.0,2348.0,2653.2,1560.5,358
2026-01-26 23:00:00,weekday,place-bomnl,Bowdoin,Blue Line,51.0,1406.3,1701.8,666.0,361
2026-01-26 23:00:00,weekday,place-boyls,Boylston,Green Line,42.0,3859.1,3732.2,4181.6,347
2026-01-26 23:00:00,weekday,place-brntn,Braintree,Red Line,8.0,2316.0,2671.8,1416.0,360
2026-01-26 23:00:00,weekday,place-brdwy,Broadway,Red Line,40.0,3513.1,3928.7,2393.2,351
2026-01-26 23:00:00,weekday,place-cntsq,Central,Red Line,44.0,8250.8,8876.6,6683.3,361
2026-01-26 23:00:00,weekday,place-chmnl,Charles/MGH,Red Line,136.0,5543.2,6654.1,2760.4,361
2026-01-26 23:00:00,weekday,place-chncl,Chinatown,Orange Line,54.0,3955.4,4305.4,3078.5,361
2026-01-26 23:00:00,weekday,place-ccmnl,Community College,Orange Line,21.0,2457.6,3023.7,1039.7,361
2026-01-26 23:00:00,weekday,place-coecl,Copley,Green Line,64.0,7980.6,7980.3,7981.3,350
2026-01-26 23:00:00,weekday,place-crtst,Courthouse,Silver Line,17.0,2253.6,2567.2,1468.3,361
2026-01-26 23:00:00,weekday,place-davis,Davis,Red Line,22.0,4866.6,5296.7,3789.1,361
2026-01-26 23:00:00,weekday,place-dwnxg,Downtown Crossing,"Orange Line, Red Line",128.0,10888.3,12269.6,7428.3,361
2026-01-26 23:00:00,weekday,place-fldcr,Fields Corner,Red Line,15.0,2377.4,2697.5,1575.7,361
2026-01-26 23:00:00,weekday,place-forhl,Forest Hills,Orange Line,31.0,6328.0,7469.5,3468.6,361
2026-01-26 23:00:00,weekday,place-gover,Government Center,"Blue Line, Green Line",67.0,4821.1,5170.1,3947.0,361
2026-01-26 23:00:00,weekday,place-grnst,Green Street,Orange Line,6.0,1799.9,2077.1,1101.4,359
2026-01-26 23:00:00,weekday,place-harsq,Harvard,Red Line,66.0,10860.0,11361.2,9604.7,361
2026-01-26 23:00:00,weekday,place-haecl,Haymarket,"Green Line, Orange Line",73.0,6453.5,6748.3,5715.2,361
2026-01-26 23:00:00,weekday,place-hymnl,Hynes Convention Center,Green Line,61.0,5288.6,5220.1,5460.7,355
2026-01-26 23:00:00,weekday,place-jfk,JFK/UMass,Red Line,4.0,4084.5,4808.4,2173.9,353
2026-01-26 23:00:00,weekday,place-jaksn,Jackson Square,Orange Line,15.0,2846.1,3326.1,1631.9,360
2026-01-26 23:00:00,weekday,place-knncl,Kendall/MIT,Red Line,64.0,8412.3,9925.9,4498.5,355
2026-01-26 23:00:00,weekday,place-kencl,Kenmore,Green Line,35.0,4439.8,4535.1,4203.1,352
2026-01-26 23:00:00,weekday,place-lech,Lechmere,Green Line,1.43,245.6,265.3,196.0,359
2026-01-26 23:00:00,weekday,place-mlmnl,Malden Center,Orange Line,15.0,5719.4,6595.3,3525.2,361
2026-01-26 23:00:00,weekday,place-masta,Massachusetts Avenue,Orange Line,45.0,3184.2,3658.5,1996.0,361
2026-01-26 23:00:00,weekday,place-matt,Mattapan Line,Mattapan Line,14.97,2785.5,3271.4,1568.2,361
2026-01-26 23:00:00,weekday,place-mvbcl,Maverick,Blue Line,26.0,7320.1,8106.1,5351.5,361
2026-01-26 23:00:00,weekday,place-nqncy,North Quincy,Red Line,11.0,2886.8,3386.6,1634.9,361
2026-01-26 23:00:00,weekday,place-north,North Station,"Green Line, Orange Line",751.0,11662.5,13084.0,8031.2,359
2026-01-26 23:00:00,weekday,place-ogmnl,Oak Grove,Orange Line,10.0,3496.9,4070.8,2045.5,360
2026-01-26 23:00:00,weekday,place-orhte,Orient Heights,Blue Line,16.0,3047.0,3426.0,2079.0,359
2026-01-26 23:00:00,weekday,place-pktrm,Park Street,"Green Line, Red Line",78.0,8842.8,9190.0,7973.2,361
2026-01-26 23:00:00,weekday,place-portr,Porter,Red Line,22.0,4190.9,4505.7,3402.5,361
2026-01-26 23:00:00,weekday,place-prmnl,Prudential,Green Line,22.0,2182.0,2137.6,2292.7,353
2026-01-26 23:00:00,weekday,place-qamnl,Quincy Adams,Red Line,1.0,1560.4,1835.5,867.2,359
2026-01-26 23:00:00,weekday,place-qnctr,Quincy Center,Red Line,20.0,3374.7,3868.8,2094.1,352
2026-01-26 23:00:00,weekday,place-rbmnl,Revere Beach,Blue Line,5.0,2267.8,2518.2,1633.2,357
2026-01-26 23:00:00,weekday,place-river,Riverside,Green Line,6.0,899.9,901.1,896.9,360
2026-01-26 23:00:00,weekday,place-rcmnl,Roxbury Crossing,Orange Line,29.0,2916.6,3388.0,1712.4,359
2026-01-26 23:00:00,weekday,place-rugg,Ruggles,Orange Line,53.0,5463.2,6671.9,2435.5,361
2026-01-26 23:00:00,weekday,place-shmnl,Savin Hill,Red Line,1.0,1248.0,1417.1,824.3,361
2026-01-26 23:00:00,weekday,place-spmnl,Science Park,Green Line,16.0,733.3,762.6,660.0,361
2026-01-26 23:00:00,weekday,place-smmnl,Shawmut,Red Line,1.0,1085.6,1267.3,630.5,361
2026-01-26 23:00:00,weekday,place-sstat,South Station,"Red Line, Silver Line",115.0,11868.8,13721.2,7126.5,356
2026-01-26 23:00:00,weekday,place-state,State Street,"Blue Line, Orange Line",69.0,7246.9,8717.0,3578.8,360
2026-01-26 23:00:00,weekday,place-sbmnl,Stony Brook,Orange Line,6.0,1897.8,2150.5,1257.4,357
2026-01-26 23:00:00,weekday,place-sull,Sullivan Square,Orange Line,37.0,3949.4,4501.9,2538.3,359
2026-01-26 23:00:00,weekday,place-symcl,Symphony,Green Line,10.0,946.3,920.8,1010.2,327
2026-01-26 23:00:00,weekday,place-tumnl,Tufts Medical Center,Orange Line,57.0,3777.8,4535.5,1880.0,361
2026-01-26 23:00:00,weekday,place-welln,Wellington,Orange Line,16.0,3899.1,4551.5,2215.9,358
2026-01-26 23:00:00,weekday,place-wlsta,Wollaston,Red Line,8.0,1734.5,2020.8,1017.4,361
2026-01-26 23:00:00,weekday,place-wondl,Wonderland,Blue Line,16.0,3759.9,4264.2,2469.0,356
2026-01-26 23:00:00,weekday,place-wimnl,Wood Island,Blue Line,13.0,1318.7,1467.7,932.0,356
2026-01-26 23:00:00,weekday,place-wtcst,World Trade Center,Silver Line,17.0,1200.2,1316.5,909.0,361
2026-02-23 00:00:00,weekday,place-aport,Airport,Blue Line,21.0,6078.3,6569.2,4836.4,360
2026-02-23 00:00:00,weekday,place-alfcl,Alewife,Red Line,6.0,5780.6,6616.4,3687.0,361
2026-02-23 00:00:00,weekday,place-aqucl,Aquarium,Blue Line,19.0,3333.0,3432.4,3084.2,361
2026-02-23 00:00:00,weekday,place-armnl,Arlington,Green Line,12.0,3907.7,3974.4,3739.3,349
2026-02-23 00:00:00,weekday,place-asmnl,Ashmont,Red Line,1.0,3756.3,4380.3,2193.5,361
2026-02-23 00:00:00,weekday,place-astao,Assembly,Orange Line,5.0,2967.9,3119.5,2588.3,361
2026-02-23 00:00:00,weekday,place-bbsta,Back Bay,Orange Line,32.0,10028.9,11471.0,6270.6,357
2026-02-23 00:00:00,weekday,place-bmmnl,Beachmont,Blue Line,4.0,2348.0,2653.2,1560.5,358
2026-02-23 00:00:00,weekday,place-bomnl,Bowdoin,Blue Line,4.0,1406.3,1701.8,666.0,361
2026-02-23 00:00:00,weekday,place-boyls,Boylston,Green Line,1.0,3859.1,3732.2,4181.6,347
2026-02-23 00:00:00,weekday,place-brntn,Braintree,Red Line,4.0,2316.0,2671.8,1416.0,360
2026-02-23 00:00:00,weekday,place-cntsq,Central,Red Line,16.0,8250.8,8876.6,6683.3,361
2026-02-23 00:00:00,weekday,place-chmnl,Charles/MGH,Red Line,3.0,5543.2,6654.1,2760.4,361
2026-02-23 00:00:00,weekday,place-chncl,Chinatown,Orange Line,12.0,3955.4,4305.4,3078.5,361
2026-02-23 00:00:00,weekday,place-ccmnl,Community College,Orange Line,5.0,2457.6,3023.7,1039.7,361
2026-02-23 00:00:00,weekday,place-coecl,Copley,Green Line,20.0,7980.6,7980.3,7981.3,350
2026-02-23 00:00:00,weekday,place-crtst,Courthouse,Silver Line,2.0,2253.6,2567.2,1468.3,361
2026-02-23 00:00:00,weekday,place-davis,Davis,Red Line,6.0,4866.6,5296.7,3789.1,361
2026-02-23 00:00:00,weekday,place-dwnxg,Downtown Crossing,"Orange Line, Red Line",32.0,10888.3,12269.6,7428.3,361
2026-02-23 00:00:00,weekday,place-forhl,Forest Hills,Orange Line,10.0,6328.0,7469.5,3468.6,361
2026-02-23 00:00:00,weekday,place-gover,Government Center,"Blue Line, Green Line",8.0,4821.1,5170.1,3947.0,361
2026-02-23 00:00:00,weekday,place-grnst,Green Street,Orange Line,2.0,1799.9,2077.1,1101.4,359
2026-02-23 00:00:00,weekday,place-harsq,Harvard,Red Line,20.0,10860.0,11361.2,9604.7,361
2026-02-23 00:00:00,weekday,place-haecl,Haymarket,"Green Line, Orange Line",18.0,6453.5,6748.3,5715.2,361
2026-02-23 00:00:00,weekday,place-hymnl,Hynes Convention Center,Green Line,16.0,5288.6,5220.1,5460.7,355
2026-02-23 00:00:00,weekday,place-jaksn,Jackson Square,Orange Line,4.0,2846.1,3326.1,1631.9,360
2026-02-23 00:00:00,weekday,place-knncl,Kendall/MIT,Red Line,11.0,8412.3,9925.9,4498.5,355
2026-02-23 00:00:00,weekday,place-kencl,Kenmore,Green Line,13.0,4439.8,4535.1,4203.1,352
2026-02-23 00:00:00,weekday,place-mlmnl,Malden Center,Orange Line,9.0,5719.4,6595.3,3525.2,361
2026-02-23 00:00:00,weekday,place-masta,Massachusetts Avenue,Orange Line,7.0,3184.2,3658.5,1996.0,361
2026-02-23 00:00:00,weekday,place-mvbcl,Maverick,Blue Line,16.0,7320.1,8106.1,5351.5,361
2026-02-23 00:00:00,weekday,place-nqncy,North Quincy,Red Line,6.0,2886.8,3386.6,1634.9,361
2026-02-23 00:00:00,weekday,place-north,North Station,"Green Line, Orange Line",17.0,11662.5,13084.0,8031.2,359
2026-02-23 00:00:00,weekday,place-ogmnl,Oak Grove,Orange Line,5.0,3496.9,4070.8,2045.5,360
2026-02-23 00:00:00,weekday,place-orhte,Orient Heights,Blue Line,10.0,3047.0,3426.0,2079.0,359
2026-02-23 00:00:00,weekday,place-pktrm,Park Street,"Green Line, Red Line",16.0,8842.8,9190.0,7973.2,361
2026-02-23 00:00:00,weekday,place-portr,Porter,Red Line,10.0,4190.9,4505.7,3402.5,361
2026-02-23 00:00:00,weekday,place-prmnl,Prudential,Green Line,5.0,2182.0,2137.6,2292.7,353
2026-02-23 00:00:00,weekday,place-qamnl,Quincy Adams,Red Line,1.0,1560.4,1835.5,867.2,359
2026-02-23 00:00:00,weekday,place-qnctr,Quincy Center,Red Line,1.0,3374.7,3868.8,2094.1,352
2026-02-23 00:00:00,weekday,place-rbmnl,Revere Beach,Blue Line,3.0,2267.8,2518.2,1633.2,357
2026-02-23 00:00:00,weekday,place-river,Riverside,Green Line,1.0,899.9,901.1,896.9,360
2026-02-23 00:00:00,weekday,place-rcmnl,Roxbury Crossing,Orange Line,4.0,2916.6,3388.0,1712.4,359
2026-02-23 00:00:00,weekday,place-rugg,Ruggles,Orange Line,23.0,5463.2,6671.9,2435.5,361
2026-02-23 00:00:00,weekday,place-shmnl,Savin Hill,Red Line,3.0,1248.0,1417.1,824.3,361
2026-02-23 00:00:00,weekday,place-spmnl,Science Park,Green Line,1.0,733.3,762.6,660.0,361
2026-02-23 00:00:00,weekday,place-sstat,South Station,"Red Line, Silver Line",23.0,11868.8,13721.2,7126.5,356
2026-02-23 00:00:00,weekday,place-state,State Street,"Blue Line, Orange Line",23.0,7246.9,8717.0,3578.8,360
2026-02-23 00:00:00,weekday,place-sbmnl,Stony Brook,Orange Line,1.0,1897.8,2150.5,1257.4,357
2026-02-23 00:00:00,weekday,place-sdmnl,Suffolk Downs,Blue Line,1.0,501.1,568.7,323.9,355
2026-02-23 00:00:00,weekday,place-sull,Sullivan Square,Orange Line,10.0,3949.4,4501.9,2538.3,359
2026-02-23 00:00:00,weekday,place-symcl,Symphony,Green Line,2.0,946.3,920.8,1010.2,327
2026-02-23 00:00:00,weekday,place-tumnl,Tufts Medical Center,Orange Line,4.0,3777.8,4535.5,1880.0,361
2026-02-23 00:00:00,weekday,place-welln,Wellington,Orange Line,6.0,3899.1,4551.5,2215.9,358
2026-02-23 00:00:00,weekday,place-wlsta,Wollaston,Red Line,2.0,1734.5,2020.8,1017.4,361
2026-02-23 00:00:00,weekday,place-wondl,Wonderland,Blue Line,6.0,3759.9,4264.2,2469.0,356
2026-02-23 00:00:00,weekday,place-wimnl,Wood Island,Blue Line,8.0,1318.7,1467.7,932.0,356
2026-02-23 00:00:00,weekday,place-wtcst,World Trade Center,Silver Line,3.0,1200.2,1316.5,909.0,361
2026-02-23 01:00:00,weekday,place-aport,Airport,Blue Line,2.0,6078.3,6569.2,4836.4,360
2026-02-23 01:00:00,weekday,place-alfcl,Alewife,Red Line,1.0,5780.6,6616.4,3687.0,361
2026-02-23 01:00:00,weekday,place-armnl,Arlington,Green Line,1.0,3907.7,3974.4,3739.3,349
2026-02-23 01:00:00,weekday,place-asmnl,Ashmont,Red Line,2.0,3756.3,4380.3,2193.5,361
2026-02-23 01:00:00,weekday,place-astao,Assembly,Orange Line,1.0,2967.9,3119.5,2588.3,361
2026-02-23 01:00:00,weekday,place-bmmnl,Beachmont,Blue Line,3.0,2348.0,2653.2,1560.5,358
2026-02-23 01:00:00,weekday,place-brntn,Braintree,Red Line,1.0,2316.0,2671.8,1416.0,360
2026-02-23 01:00:00,weekday,place-cntsq,Central,Red Line,2.0,8250.8,8876.6,6683.3,361
2026-02-23 01:00:00,weekday,place-chmnl,Charles/MGH,Red Line,3.0,5543.2,6654.1,2760.4,361
2026-02-23 01:00:00,weekday,place-chncl,Chinatown,Orange Line,4.0,3955.4,4305.4,3078.5,361
2026-02-23 01:00:00,weekday,place-ccmnl,Community College,Orange Line,1.0,2457.6,3023.7,1039.7,361
2026-02-23 01:00:00,weekday,place-coecl,Copley,Green Line,3.0,7980.6,7980.3,7981.3,350
2026-02-23 01:00:00,weekday,place-davis,Davis,Red Line,2.0,4866.6,5296.7,3789.1,361
2026-02-23 01:00:00,weekday,place-dwnxg,Downtown Crossing,"Orange Line, Red Line",7.0,10888.3,12269.6,7428.3,361
2026-02-23 01:00:00,weekday,place-fldcr,Fields Corner,Red Line,2.0,2377.4,2697.5,1575.7,361
2026-02-23 01:00:00,weekday,place-forhl,Forest Hills,Orange Line,5.0,6328.0,7469.5,3468.6,361
2026-02-23 01:00:00,weekday,place-grnst,Green Street,Orange Line,2.0,1799.9,2077.1,1101.4,359
2026-02-23 01:00:00,weekday,place-harsq,Harvard,Red Line,5.0,10860.0,11361.2,9604.7,361
2026-02-23 01:00:00,weekday,place-haecl,Haymarket,"Green Line, Orange Line",1.0,6453.5,6748.3,5715.2,361
2026-02-23 01:00:00,weekday,place-hymnl,Hynes Convention Center,Green Line,4.0,5288.6,5220.1,5460.7,355
2026-02-23 01:00:00,weekday,place-jaksn,Jackson Square,Orange Line,1.0,2846.1,3326.1,1631.9,360
2026-02-23 01:00:00,weekday,place-knncl,Kendall/MIT,Red Line,3.0,8412.3,9925.9,4498.5,355
2026-02-23 01:00:00,weekday,place-kencl,Kenmore,Green Line,3.0,4439.8,4535.1,4203.1,352
2026-02-23 01:00:00,weekday,place-mlmnl,Malden Center,Orange Line,2.0,5719.4,6595.3,3525.2,361
2026-02-23 01:00:00,weekday,place-masta,Massachusetts Avenue,Orange Line,1.0,3184.2,3658.5,1996.0,361
2026-02-23 01:00:00,weekday,place-matt,Mattapan Line,Mattapan Line,2.3,2785.5,3271.4,1568.2,361
2026-02-23 01:00:00,weekday,place-mvbcl,Maverick,Blue Line,2.0,7320.1,8106.1,5351.5,361
2026-02-23 01:00:00,weekday,place-ogmnl,Oak Grove,Orange Line,3.0,3496.9,4070.8,2045.5,360
2026-02-23 01:00:00,weekday,place-pktrm,Park Street,"Green Line, Red Line",5.0,8842.8,9190.0,7973.2,361
2026-02-23 01:00:00,weekday,place-portr,Porter,Red Line,2.0,4190.9,4505.7,3402.5,361
2026-02-23 01:00:00,weekday,place-prmnl,Prudential,Green Line,4.0,2182.0,2137.6,2292.7,353
2026-02-23 01:00:00,weekday,place-qamnl,Quincy Adams,Red Line,1.0,1560.4,1835.5,867.2,359
2026-02-23 01:00:00,weekday,place-qnctr,Quincy Center,Red Line,3.0,3374.7,3868.8,2094.1,352
2026-02-23 01:00:00,weekday,place-rbmnl,Revere Beach,Blue Line,3.0,2267.8,2518.2,1633.2,357
2026-02-23 01:00:00,weekday,place-rcmnl,Roxbury Crossing,Orange Line,1.0,2916.6,3388.0,1712.4,359
2026-02-23 01:00:00,weekday,place-rugg,Ruggles,Orange Line,1.0,5463.2,6671.9,2435.5,361
2026-02-23 01:00:00,weekday,place-spmnl,Science Park,Green Line,3.0,733.3,762.6,660.0,361
2026-02-23 01:00:00,weekday,place-sstat,South Station,"Red Line, Silver Line",4.0,11868.8,13721.2,7126.5,356
2026-02-23 01:00:00,weekday,place-sbmnl,Stony Brook,Orange Line,1.0,1897.8,2150.5,1257.4,357
2026-02-23 01:00:00,weekday,place-symcl,Symphony,Green Line,2.0,946.3,920.8,1010.2,327
2026-02-23 01:00:00,weekday,place-tumnl,Tufts Medical Center,Orange Line,1.0,3777.8,4535.5,1880.0,361
2026-02-23 01:00:00,weekday,place-welln,Wellington,Orange Line,2.0,3899.1,4551.5,2215.9,358
2026-02-23 01:00:00,weekday,place-wimnl,Wood Island,Blue Line,1.0,1318.7,1467.7,932.0,356
2026-02-23 02:00:00,weekday,place-aport,Airport,Blue Line,1.0,6078.3,6569.2,4836.4,360
2026-02-23 02:00:00,weekday,place-alfcl,Alewife,Red Line,3.0,5780.6,6616.4,3687.0,361
2026-02-23 02:00:00,weekday,place-asmnl,Ashmont,Red Line,2.0,3756.3,4380.3,2193.5,361
2026-02-23 02:00:00,weekday,place-brntn,Braintree,Red Line,1.0,2316.0,2671.8,1416.0,360
2026-02-23 02:00:00,weekday,place-cntsq,Central,Red Line,2.0,8250.8,8876.6,6683.3,361
2026-02-23 02:00:00,weekday,place-chmnl,Charles/MGH,Red Line,1.0,5543.2,6654.1,2760.4,361
2026-02-23 02:00:00,weekday,place-chncl,Chinatown,Orange Line,1.0,3955.4,4305.4,3078.5,361
2026-02-23 02:00:00,weekday,place-ccmnl,Community College,Orange Line,3.0,2457.6,3023.7,1039.7,361
2026-02-23 02:00:00,weekday,place-dwnxg,Downtown Crossing,"Orange Line, Red Line",9.0,10888.3,12269.6,7428.3,361
2026-02-23 02:00:00,weekday,place-forhl,Forest Hills,Orange Line,2.0,6328.0,7469.5,3468.6,361
2026-02-23 02:00:00,weekday,place-gover,Government Center,"Blue Line, Green Line",2.0,4821.1,5170.1,3947.0,361
2026-02-23 02:00:00,weekday,place-north,North Station,"Green Line, Orange Line",1.0,11662.5,13084.0,8031.2,359
2026-02-23 02:00:00,weekday,place-prmnl,Prudential,Green Line,1.0,2182.0,2137.6,2292.7,353
2026-02-23 02:00:00,weekday,place-rugg,Ruggles,Orange Line,2.0,5463.2,6671.9,2435.5,361
2026-02-23 02:00:00,weekday,place-spmnl,Science Park,Green Line,1.0,733.3,762.6,660.0,361
2026-02-23 02:00:00,weekday,place-sull,Sullivan Square,Orange Line,1.0,3949.4,4501.9,2538.3,359
2026-02-23 02:00:00,weekday,place-wimnl,Wood Island,Blue Line,2.0,1318.7,1467.7,932.0,356
2026-02-23 03:00:00,weekday,place-brntn,Braintree,Red Line,1.0,2316.0,2671.8,1416.0,360
2026-02-23 03:00:00,weekday,place-cntsq,Central,Red Line,1.0,8250.8,8876.6,6683.3,361
2026-02-23 03:00:00,weekday,place-chncl,Chinatown,Orange Line,1.0,3955.4,4305.4,3078.5,361
2026-02-23 03:00:00,weekday,place-forhl,Forest Hills,Orange Line,1.0,6328.0,7469.5,3468.6,361
2026-02-23 03:00:00,weekday,place-gover,Government Center,"Blue Line, Green Line",2.0,4821.1,5170.1,3947.0,361
2026-02-23 03:00:00,weekday,place-haecl,Haymarket,"Green Line, Orange Line",2.0,6453.5,6748.3,5715.2,361
2026-02-23 03:00:00,weekday,place-nqncy,North Quincy,Red Line,2.0,2886.8,3386.6,1634.9,361
2026-02-23 03:00:00,weekday,place-north,North Station,"Green Line, Orange Line",2.0,11662.5,13084.0,8031.2,359
2026-02-23 03:00:00,weekday,place-ogmnl,Oak Grove,Orange Line,2.0,3496.9,4070.8,2045.5,360
2026-02-23 03:00:00,weekday,place-spmnl,Science Park,Green Line,1.0,733.3,762.6,660.0,361
2026-02-23 03:00:00,weekday,place-tumnl,Tufts Medical Center,Orange Line,1.0,3777.8,4535.5,1880.0,361
2026-02-23 03:00:00,weekday,place-wlsta,Wollaston,Red Line,3.0,1734.5,2020.8,1017.4,361
2026-02-23 03:00:00,weekday,place-wimnl,Wood Island,Blue Line,1.0,1318.7,1467.7,932.0,356
2026-02-23 04:00:00,weekday,place-aport,Airport,Blue Line,4.0,6078.3,6569.2,4836.4,360
2026-02-23 04:00:00,weekday,place-alfcl,Alewife,Red Line,3.0,5780.6,6616.4,3687.0,361
2026-02-23 04:00:00,weekday,place-andrw,Andrew,Red Line,1.0,3255.3,3702.9,2134.3,361
2026-02-23 04:00:00,weekday,place-aqucl,Aquarium,Blue Line,2.0,3333.0,3432.4,3084.2,361
2026-02-23 04:00:00,weekday,place-armnl,Arlington,Green Line,1.0,3907.7,3974.4,3739.3,349
2026-02-23 04:00:00,weekday,place-asmnl,Ashmont,Red Line,10.0,3756.3,4380.3,2193.5,361
2026-02-23 04:00:00,weekday,place-astao,Assembly,Orange Line,2.0,2967.9,3119.5,2588.3,361
2026-02-23 04:00:00,weekday,place-bbsta,Back Bay,Orange Line,2.0,10028.9,11471.0,6270.6,357
2026-02-23 04:00:00,weekday,place-bmmnl,Beachmont,Blue Line,1.0,2348.0,2653.2,1560.5,358
2026-02-23 04:00:00,weekday,place-bomnl,Bowdoin,Blue Line,1.0,1406.3,1701.8,666.0,361
2026-02-23 04:00:00,weekday,place-boyls,Boylston,Green Line,1.0,3859.1,3732.2,4181.6,347
2026-02-23 04:00:00,weekday,place-brntn,Braintree,Red Line,11.0,2316.0,2671.8,1416.0,360
2026-02-23 04:00:00,weekday,place-brdwy,Broadway,Red Line,1.0,3513.1,3928.7,2393.2,351
2026-02-23 04:00:00,weekday,place-cntsq,Central,Red Line,5.0,8250.8,8876.6,6683.3,361
2026-02-23 04:00:00,weekday,place-chncl,Chinatown,Orange Line,1.0,3955.4,4305.4,3078.5,361
2026-02-23 04:00:00,weekday,place-ccmnl,Community College,Orange Line,1.0,2457.6,3023.7,1039.7,361
2026-02-23 04:00:00,weekday,place-coecl,Copley,Green Line,1.0,7980.6,7980.3,7981.3,350
2026-02-23 04:00:00,weekday,place-crtst,Courthouse,Silver Line,3.0,2253.6,2567.2,1468.3,361
2026-02-23 04:00:00,weekday,place-davis,Davis,Red Line,2.0,4866.6,5296.7,3789.1,361
2026-02-23 04:00:00,weekday,place-dwnxg,Downtown Crossing,"Orange Line, Red Line",3.0,10888.3,12269.6,7428.3,361
2026-02-23 04:00:00,weekday,place-fldcr,Fields Corner,Red Line,2.0,2377.4,2697.5,1575.7,361
2026-02-23 04:00:00,weekday,place-forhl,Forest Hills,Orange Line,10.0,6328.0,7469.5,3468.6,361
2026-02-23 04:00:00,weekday,place-gover,Government Center,"Blue Line, Green Line",1.0,4821.1,5170.1,3947.0,361
2026-02-23 04:00:00,weekday,place-grnst,Green Street,Orange Line,1.0,1799.9,2077.1,1101.4,359
2026-02-23 04:00:00,weekday,place-harsq,Harvard,Red Line,4.0,10860.0,11361.2,9604.7,361
2026-02-23 04:00:00,weekday,place-haecl,Haymarket,"Green Line, Orange Line",5.0,6453.5,6748.3,5715.2,361
2026-02-23 04:00:00,weekday,place-jfk,JFK/UMass,Red Line,2.0,4084.5,4808.4,2173.9,353
2026-02-23 04:00:00,weekday,place-jaksn,Jackson Square,Orange Line,1.0,2846.1,3326.1,1631.9,360
2026-02-23 04:00:00,weekday,place-mlmnl,Malden Center,Orange Line,1.0,5719.4,6595.3,3525.2,361
2026-02-23 04:00:00,weekday,place-masta,Massachusetts Avenue,Orange Line,1.0,3184.2,3658.5,1996.0,361
2026-02-23 04:00:00,weekday,place-matt,Mattapan Line,Mattapan Line,2.3,2785.5,3271.4,1568.2,361
2026-02-23 04:00:00,weekday,place-mvbcl,Maverick,Blue Line,2.0,7320.1,8106.1,5351.5,361
2026-02-23 04:00:00,weekday,place-north,North Station,"Green Line, Orange Line",3.0,11662.5,13084.0,8031.2,359
2026-02-23 04:00:00,weekday,place-ogmnl,Oak Grove,Orange Line,4.0,3496.9,4070.8,2045.5,360
2026-02-23 04:00:00,weekday,place-orhte,Orient Heights,Blue Line,7.0,3047.0,3426.0,2079.0,359
2026-02-23 04:00:00,weekday,place-pktrm,Park Street,"Green Line, Red Line",4.0,8842.8,9190.0,7973.2,361
2026-02-23 04:00:00,weekday,place-portr,Porter,Red Line,1.0,4190.9,4505.7,3402.5,361
2026-02-23 04:00:00,weekday,place-prmnl,Prudential,Green Line,2.0,2182.0,2137.6,2292.7,353
2026-02-23 04:00:00,weekday,place-qamnl,Quincy Adams,Red Line,3.0,1560.4,1835.5,867.2,359
2026-02-23 04:00:00,weekday,place-qnctr,Quincy Center,Red Line,5.0,3374.7,3868.8,2094.1,352
2026-02-23 04:00:00,weekday,place-rbmnl,Revere Beach,Blue Line,1.0,2267.8,2518.2,1633.2,357
2026-02-23 04:00:00,weekday,place-river,Riverside,Green Line,1.0,899.9,901.1,896.9,360
2026-02-23 04:00:00,weekday,place-rcmnl,Roxbury Crossing,Orange Line,1.0,2916.6,3388.0,1712.4,359
2026-02-23 04:00:00,weekday,place-rugg,Ruggles,Orange Line,2.0,5463.2,6671.9,2435.5,361
2026-02-23 04:00:00,weekday,place-shmnl,Savin Hill,Red Line,6.0,1248.0,1417.1,824.3,361
2026-02-23 04:00:00,weekday,place-smmnl,Shawmut,Red Line,2.0,1085.6,1267.3,630.5,361
2026-02-23 04:00:00,weekday,place-sstat,South Station,"Red Line, Silver Line",2.0,11868.8,13721.2,7126.5,356
2026-02-23 04:00:00,weekday,place-state,State Street,"Blue Line, Orange Line",6.0,7246.9,8717.0,3578.8,360
2026-02-23 04:00:00,weekday,place-sbmnl,Stony Brook,Orange Line,3.0,1897.8,2150.5,1257.4,357
2026-02-23 04:00:00,weekday,place-sull,Sullivan Square,Orange Line,5.0,3949.4,4501.9,2538.3,359
2026-02-23 04:00:00,weekday,place-tumnl,Tufts Medical Center,Orange Line,1.0,3777.8,4535.5,1880.0,361
2026-02-23 04:00:00,weekday,place-unsqu,Union Square,Green Line,2.07,135.3,144.6,111.3,347
2026-02-23 04:00:00,weekday,place-welln,Wellington,Orange Line,1.0,3899.1,4551.5,2215.9,358
2026-02-23 04:00:00,weekday,place-wlsta,Wollaston,Red Line,3.0,1734.5,2020.8,1017.4,361
2026-02-23 04:00:00,weekday,place-wondl,Wonderland,Blue Line,6.0,3759.9,4264.2,2469.0,356
2026-02-23 04:00:00,weekday,place-wimnl,Wood Island,Blue Line,1.0,1318.7,1467.7,932.0,356
2026-02-23 04:00:00,weekday,place-wtcst,World Trade Center,Silver Line,8.0,1200.2,1316.5,909.0,361
2026-02-23 05:00:00,weekday,place-aport,Airport,Blue Line,28.0,6078.3,6569.2,4836.4,360
2026-02-23 05:00:00,weekday,place-alfcl,Alewife,Red Line,28.0,5780.6,6616.4,3687.0,361
2026-02-23 05:00:00,weekday,place-andrw,Andrew,Red Line,27.0,3255.3,3702.9,2134.3,361
2026-02-23 05:00:00,weekday,place-aqucl,Aquarium,Blue Line,6.0,3333.0,3432.4,3084.2,361
2026-02-23 05:00:00,weekday,place-armnl,Arlington,Green Line,10.0,3907.7,3974.4,3739.3,349
2026-02-23 05:00:00,weekday,place-asmnl,Ashmont,Red Line,54.0,3756.3,4380.3,2193.5,361
2026-02-23 05:00:00,weekday,place-astao,Assembly,Orange Line,10.0,2967.9,3119.5,2588.3,361
2026-02-23 05:00:00,weekday,place-bbsta,Back Bay,Orange Line,16.0,10028.9,11471.0,6270.6,357
2026-02-23 05:00:00,weekday,place-balsq,Ball Square,Green Line,0.84,139.3,150.9,109.9,350
2026-02-23 05:00:00,weekday,place-bmmnl,Beachmont,Blue Line,54.0,2348.0,2653.2,1560.5,358
2026-02-23 05:00:00,weekday,place-bomnl,Bowdoin,Blue Line,2.0,1406.3,1701.8,666.0,361
2026-02-23 05:00:00,weekday,place-boyls,Boylston,Green Line,2.0,3859.1,3732.2,4181.6,347
2026-02-23 05:00:00,weekday,place-brntn,Braintree,Red Line,42.0,2316.0,2671.8,1416.0,360
2026-02-23 05:00:00,weekday,place-brdwy,Broadway,Red Line,25.0,3513.1,3928.7,2393.2,351
2026-02-23 05:00:00,weekday,place-cntsq,Central,Red Line,25.0,8250.8,8876.6,6683.3,361
2026-02-23 05:00:00,weekday,place-chmnl,Charles/MGH,Red Line,8.0,5543.2,6654.1,2760.4,361
2026-02-23 05:00:00,weekday,place-chncl,Chinatown,Orange Line,8.0,3955.4,4305.4,3078.5,361
2026-02-23 05:00:00,weekday,place-ccmnl,Community College,Orange Line,12.0,2457.6,3023.7,1039.7,361
2026-02-23 05:00:00,weekday,place-coecl,Copley,Green Line,23.0,7980.6,7980.3,7981.3,350
2026-02-23 05:00:00,weekday,place-crtst,Courthouse,Silver Line,2.0,2253.6,2567.2,1468.3,361
2026-02-23 05:00:00,weekday,place-davis,Davis,Red Line,21.0,4866.6,5296.7,3789.1,361
2026-02-23 05:00:00,weekday,place-dwnxg,Downtown Crossing,"Orange Line, Red Line",12.0,10888.3,12269.6,7428.3,361
2026-02-23 05:00:00,weekday,place-fldcr,Fields Corner,Red Line,31.0,2377.4,2697.5,1575.7,361
2026-02-23 05:00:00,weekday,place-forhl,Forest Hills,Orange Line,77.0,6328.0,7469.5,3468.6,361
2026-02-23 05:00:00,weekday,place-gilmn,Gilman Square,Green Line,2.85,264.1,286.5,207.2,351
2026-02-23 05:00:00,weekday,place-gover,Government Center,"Blue Line, Green Line",8.0,4821.1,5170.1,3947.0,361
2026-02-23 05:00:00,weekday,place-grnst,Green Street,Orange Line,7.0,1799.9,2077.1,1101.4,359
2026-02-23 05:00:00,weekday,place-harsq,Harvard,Red Line,30.0,10860.0,11361.2,9604.7,361
2026-02-23 05:00:00,weekday,place-haecl,Haymarket,"Green Line, Orange Line",75.0,6453.5,6748.3,5715.2,361
2026-02-23 05:00:00,weekday,place-hymnl,Hynes Convention Center,Green Line,14.0,5288.6,5220.1,5460.7,355
2026-02-23 05:00:00,weekday,place-jfk,JFK/UMass,Red Line,23.0,4084.5,4808.4,2173.9,353
2026-02-23 05:00:00,weekday,place-jaksn,Jackson Square,Orange Line,17.0,2846.1,3326.1,1631.9,360
2026-02-23 05:00:00,weekday,place-knncl,Kendall/MIT,Red Line,9.0,8412.3,9925.9,4498.5,355
2026-02-23 05:00:00,weekday,place-kencl,Kenmore,Green Line,14.0,4439.8,4535.1,4203.1,352
2026-02-23 05:00:00,weekday,place-mgngl,Magoun Square,Green Line,2.07,128.3,138.1,103.5,349
2026-02-23 05:00:00,weekday,place-mlmnl,Malden Center,Orange Line,94.0,5719.4,6595.3,3525.2,361
2026-02-23 05:00:00,weekday,place-masta,Massachusetts Avenue,Orange Line,6.0,3184.2,3658.5,1996.0,361
2026-02-23 05:00:00,weekday,place-matt,Mattapan Line,Mattapan Line,34.56,2785.5,3271.4,1568.2,361
2026-02-23 05:00:00,weekday,place-mvbcl,Maverick,Blue Line,110.0,7320.1,8106.1,5351.5,361
2026-02-23 05:00:00,weekday,place-nqncy,North Quincy,Red Line,35.0,2886.8,3386.6,1634.9,361
2026-02-23 05:00:00,weekday,place-north,North Station,"Green Line, Orange Line",53.0,11662.5,13084.0,8031.2,359
2026-02-23 05:00:00,weekday,place-ogmnl,Oak Grove,Orange Line,22.0,3496.9,4070.8,2045.5,360
2026-02-23 05:00:00,weekday,place-orhte,Orient Heights,Blue Line,50.0,3047.0,3426.0,2079.0,359
2026-02-23 05:00:00,weekday,place-pktrm,Park Street,"Green Line, Red Line",17.0,8842.8,9190.0,7973.2,361
2026-02-23 05:00:00,weekday,place-portr,Porter,Red Line,20.0,4190.9,4505.7,3402.5,361
2026-02-23 05:00:00,weekday,place-prmnl,Prudential,Green Line,9.0,2182.0,2137.6,2292.7,353
2026-02-23 05:00:00,weekday,place-qamnl,Quincy Adams,Red Line,15.0,1560.4,1835.5,867.2,359
2026-02-23 05:00:00,weekday,place-qnctr,Quincy Center,Red Line,21.0,3374.7,3868.8,2094.1,352
2026-02-23 05:00:00,weekday,place-rbmnl,Revere Beach,Blue Line,48.0,2267.8,2518.2,1633.2,357
2026-02-23 05:00:00,weekday,place-river,Riverside,Green Line,5.0,899.9,901.1,896.9,360
2026-02-23 05:00:00,weekday,place-rcmnl,Roxbury Crossing,Orange Line,13.0,2916.6,3388.0,1712.4,359
2026-02-23 05:00:00,weekday,place-rugg,Ruggles,Orange Line,26.0,5463.2,6671.9,2435.5,361
2026-02-23 05:00:00,weekday,place-shmnl,Savin Hill,Red Line,25.0,1248.0,1417.1,824.3,361
2026-02-23 05:00:00,weekday,place-smmnl,Shawmut,Red Line,24.0,1085.6,1267.3,630.5,361
2026-02-23 05:00:00,weekday,place-sstat,South Station,"Red Line, Silver Line",24.0,11868.8,13721.2,7126.5,356
2026-02-23 05:00:00,weekday,place-state,State Street,"Blue Line, Orange Line",7.0,7246.9,8717.0,3578.8,360
2026-02-23 05:00:00,weekday,place-sbmnl,Stony Brook,Orange Line,18.0,1897.8,2150.5,1257.4,357
2026-02-23 05:00:00,weekday,place-sull,Sullivan Square,Orange Line,67.0,3949.4,4501.9,2538.3,359
2026-02-23 05:00:00,weekday,place-symcl,Symphony,Green Line,7.0,946.3,920.8,1010.2,327
2026-02-23 05:00:00,weekday,place-tumnl,Tufts Medical Center,Orange Line,13.0,3777.8,4535.5,1880.0,361
2026-02-23 05:00:00,weekday,place-welln,Wellington,Orange Line,34.0,3899.1,4551.5,2215.9,358
2026-02-23 05:00:00,weekday,place-wlsta,Wollaston,Red Line,21.0,1734.5,2020.8,1017.4,361
2026-02-23 05:00:00,weekday,place-wondl,Wonderland,Blue Line,62.0,3759.9,4264.2,2469.0,356
2026-02-23 05:00:00,weekday,place-wimnl,Wood Island,Blue Line,27.0,1318.7,1467.7,932.0,356
2026-02-23 05:00:00,weekday,place-wtcst,World Trade Center,Silver Line,4.0,1200.2,1316.5,909.0,361
2026-02-23 06:00:00,weekday,place-aport,Airport,Blue Line,34.0,6078.3,6569.2,4836.4,360
2026-02-23 06:00:00,weekday,place-alfcl,Alewife,Red Line,47.0,5780.6,6616.4,3687.0,361
2026-02-23 06:00:00,weekday,place-andrw,Andrew,Red Line,64.0,3255.3,3702.9,2134.3,361
2026-02-23 06:00:00,weekday,place-aqucl,Aquarium,Blue Line,8.0,3333.0,3432.4,3084.2,361
2026-02-23 06:00:00,weekday,place-armnl,Arlington,Green Line,17.0,3907.7,3974.4,3739.3,349
2026-02-23 06:00:00,weekday,place-asmnl,Ashmont,Red Line,73.0,3756.3,4380.3,2193.5,361
2026-02-23 06:00:00,weekday,place-astao,Assembly,Orange Line,16.0,2967.9,3119.5,2588.3,361
2026-02-23 06:00:00,weekday,place-bbsta,Back Bay,Orange Line,38.0,10028.9,11471.0,6270.6,357
2026-02-23 06:00:00,weekday,place-bmmnl,Beachmont,Blue Line,44.0,2348.0,2653.2,1560.5,358
2026-02-23 06:00:00,weekday,place-bomnl,Bowdoin,Blue Line,1.0,1406.3,1701.8,666.0,361
2026-02-23 06:00:00,weekday,place-boyls,Boylston,Green Line,12.0,3859.1,3732.2,4181.6,347
2026-02-23 06:00:00,weekday,place-brntn,Braintree,Red Line,23.0,2316.0,2671.8,1416.0,360
2026-02-23 06:00:00,weekday,place-brdwy,Broadway,Red Line,66.0,3513.1,3928.7,2393.2,351
2026-02-23 06:00:00,weekday,place-cntsq,Central,Red Line,63.0,8250.8,8876.6,6683.3,361
2026-02-23 06:00:00,weekday,place-chmnl,Charles/MGH,Red Line,41.0,5543.2,6654.1,2760.4,361
2026-02-23 06:00:00,weekday,place-chncl,Chinatown,Orange Line,29.0,3955.4,4305.4,3078.5,361
2026-02-23 06:00:00,weekday,place-ccmnl,Community College,Orange Line,20.0,2457.6,3023.7,1039.7,361
2026-02-23 06:00:00,weekday,place-coecl,Copley,Green Line,41.0,7980.6,7980.3,7981.3,350
2026-02-23 06:00:00,weekday,place-crtst,Courthouse,Silver Line,4.0,2253.6,2567.2,1468.3,361
2026-02-23 06:00:00,weekday,place-davis,Davis,Red Line,54.0,4866.6,5296.7,3789.1,361
2026-02-23 06:00:00,weekday,place-dwnxg,Downtown Crossing,"Orange Line, Red Line",49.0,10888.3,12269.6,7428.3,361
2026-02-23 06:00:00,weekday,place-fldcr,Fields Corner,Red Line,33.0,2377.4,2697.5,1575.7,361
2026-02-23 06:00:00,weekday,place-forhl,Forest Hills,Orange Line,155.0,6328.0,7469.5,3468.6,361
2026-02-23 06:00:00,weekday,place-gilmn,Gilman Square,Green Line,1.67,264.1,286.5,207.2,351
2026-02-23 06:00:00,weekday,place-gover,Government Center,"Blue Line, Green Line",9.0,4821.1,5170.1,3947.0,361
2026-02-23 06:00:00,weekday,place-grnst,Green Street,Orange Line,24.0,1799.9,2077.1,1101.4,359
2026-02-23 06:00:00,weekday,place-harsq,Harvard,Red Line,55.0,10860.0,11361.2,9604.7,361
2026-02-23 06:00:00,weekday,place-haecl,Haymarket,"Green Line, Orange Line",84.0,6453.5,6748.3,5715.2,361
2026-02-23 06:00:00,weekday,place-hymnl,Hynes Convention Center,Green Line,30.0,5288.6,5220.1,5460.7,355
2026-02-23 06:00:00,weekday,place-jfk,JFK/UMass,Red Line,43.0,4084.5,4808.4,2173.9,353
2026-02-23 06:00:00,weekday,place-jaksn,Jackson Square,Orange Line,21.0,2846.1,3326.1,1631.9,360
2026-02-23 06:00:00,weekday,place-knncl,Kendall/MIT,Red Line,26.0,8412.3,9925.9,4498.5,355
2026-02-23 06:00:00,weekday,place-kencl,Kenmore,Green Line,35.0,4439.8,4535.1,4203.1,352
2026-02-23 06:00:00,weekday,place-lech,Lechmere,Green Line,2.07,245.6,265.3,196.0,359
2026-02-23 06:00:00,weekday,place-mgngl,Magoun Square,Green Line,1.43,128.3,138.1,103.5,349
2026-02-23 06:00:00,weekday,place-mlmnl,Malden Center,Orange Line,107.0,5719.4,6595.3,3525.2,361
2026-02-23 06:00:00,weekday,place-masta,Massachusetts Avenue,Orange Line,17.0,3184.2,3658.5,1996.0,361
2026-02-23 06:00:00,weekday,place-matt,Mattapan Line,Mattapan Line,48.39,2785.5,3271.4,1568.2,361
2026-02-23 06:00:00,weekday,place-mvbcl,Maverick,Blue Line,165.0,7320.1,8106.1,5351.5,361
2026-02-23 06:00:00,weekday,place-nqncy,North Quincy,Red Line,19.0,2886.8,3386.6,1634.9,361
2026-02-23 06:00:00,weekday,place-north,North Station,"Green Line, Orange Line",143.0,11662.5,13084.0,8031.2,359
2026-02-23 06:00:00,weekday,place-ogmnl,Oak Grove,Orange Line,72.0,3496.9,4070.8,2045.5,360
2026-02-23 06:00:00,weekday,place-orhte,Orient Heights,Blue Line,2.0,3047.0,3426.0,2079.0,359
2026-02-23 06:00:00,weekday,place-pktrm,Park Street,"Green Line, Red Line",30.0,8842.8,9190.0,7973.2,361
2026-02-23 06:00:00,weekday,place-portr,Porter,Red Line,27.0,4190.9,4505.7,3402.5,361
2026-02-23 06:00:00,weekday,place-prmnl,Prudential,Green Line,37.0,2182.0,2137.6,2292.7,353
2026-02-23 06:00:00,weekday,place-qamnl,Quincy Adams,Red Line,19.0,1560.4,1835.5,867.2,359
2026-02-23 06:00:00,weekday,place-qnctr,Quincy Center,Red Line,25.0,3374.7,3868.8,2094.1,352
2026-02-23 06:00:00,weekday,place-rbmnl,Revere Beach,Blue Line,34.0,2267.8,2518.2,1633.2,357
2026-02-23 06:00:00,weekday,place-rcmnl,Roxbury Crossing,Orange Line,19.0,2916.6,3388.0,1712.4,359
2026-02-23 06:00:00,weekday,place-rugg,Ruggles,Orange Line,61.0,5463.2,6671.9,2435.5,361
2026-02-23 06:00:00,weekday,place-shmnl,Savin Hill,Red Line,21.0,1248.0,1417.1,824.3,361
2026-02-23 06:00:00,weekday,place-spmnl,Science Park,Green Line,3.0,733.3,762.6,660.0,361
2026-02-23 06:00:00,weekday,place-smmnl,Shawmut,Red Line,32.0,1085.6,1267.3,630.5,361
2026-02-23 06:00:00,weekday,place-sstat,South Station,"Red Line, Silver Line",69.0,11868.8,13721.2,7126.5,356
2026-02-23 06:00:00,weekday,place-state,State Street,"Blue Line, Orange Line",23.0,7246.9,8717.0,3578.8,360
2026-02-23 06:00:00,weekday,place-sbmnl,Stony Brook,Orange Line,30.0,1897.8,2150.5,1257.4,357
2026-02-23 06:00:00,weekday,place-sull,Sullivan Square,Orange Line,66.0,3949.4,4501.9,2538.3,359
2026-02-23 06:00:00,weekday,place-symcl,Symphony,Green Line,18.0,946.3,920.8,1010.2,327
2026-02-23 06:00:00,weekday,place-tumnl,Tufts Medical Center,Orange Line,24.0,3777.8,4535.5,1880.0,361
2026-02-23 06:00:00,weekday,place-welln,Wellington,Orange Line,66.0,3899.1,4551.5,2215.9,358
2026-02-23 06:00:00,weekday,place-wlsta,Wollaston,Red Line,18.0,1734.5,2020.8,1017.4,361
2026-02-23 06:00:00,weekday,place-wondl,Wonderland,Blue Line,84.0,3759.9,4264.2,2469.0,356
2026-02-23 06:00:00,weekday,place-wimnl,Wood Island,Blue Line,20.0,1318.7,1467.7,932.0,356
2026-02-23 06:00:00,weekday,place-wtcst,World Trade Center,Silver Line,10.0,1200.2,1316.5,909.0,361
2026-02-23 07:00:00,weekday,place-aport,Airport,Blue Line,24.0,6078.3,6569.2,4836.4,360
2026-02-23 07:00:00,weekday,place-alfcl,Alewife,Red Line,55.0,5780.6,6616.4,3687.0,361
2026-02-23 07:00:00,weekday,place-andrw,Andrew,Red Line,61.0,3255.3,3702.9,2134.3,361
2026-02-23 07:00:00,weekday,place-aqucl,Aquarium,Blue Line,21.0,3333.0,3432.4,3084.2,361
2026-02-23 07:00:00,weekday,place-armnl,Arlington,Green Line,18.0,3907.7,3974.4,3739.3,349
2026-02-23 07:00:00,weekday,place-asmnl,Ashmont,Red Line,46.0,3756.3,4380.3,2193.5,361
2026-02-23 07:00:00,weekday,place-astao,Assembly,Orange Line,3.0,2967.9,3119.5,2588.3,361
2026-02-23 07:00:00,weekday,place-bbsta,Back Bay,Orange Line,71.0,10028.9,11471.0,6270.6,357
2026-02-23 07:00:00,weekday,place-bmmnl,Beachmont,Blue Line,19.0,2348.0,2653.2,1560.5,358
2026-02-23 07:00:00,weekday,place-bomnl,Bowdoin,Blue Line,20.0,1406.3,1701.8,666.0,361
2026-02-23 07:00:00,weekday,place-boyls,Boylston,Green Line,8.0,3859.1,3732.2,4181.6,347
2026-02-23 07:00:00,weekday,place-brntn,Braintree,Red Line,6.0,2316.0,2671.8,1416.0,360
2026-02-23 07:00:00,weekday,place-brdwy,Broadway,Red Line,40.0,3513.1,3928.7,2393.2,351
2026-02-23 07:00:00,weekday,place-cntsq,Central,Red Line,41.0,8250.8,8876.6,6683.3,361
2026-02-23 07:00:00,weekday,place-chmnl,Charles/MGH,Red Line,121.0,5543.2,6654.1,2760.4,361
2026-02-23 07:00:00,weekday,place-chncl,Chinatown,Orange Line,20.0,3955.4,4305.4,3078.5,361
2026-02-23 07:00:00,weekday,place-ccmnl,Community College,Orange Line,19.0,2457.6,3023.7,1039.7,361
2026-02-23 07:00:00,weekday,place-coecl,Copley,Green Line,56.0,7980.6,7980.3,7981.3,350
2026-02-23 07:00:00,weekday,place-crtst,Courthouse,Silver Line,18.0,2253.6,2567.2,1468.3,361
2026-02-23 07:00:00,weekday,place-davis,Davis,Red Line,45.0,4866.6,5296.7,3789.1,361
2026-02-23 07:00:00,weekday,place-dwnxg,Downtown Crossing,"Orange Line, Red Line",53.0,10888.3,12269.6,7428.3,361
2026-02-23 07:00:00,weekday,place-esomr,East Somerville,Green Line,2.07,70.5,75.8,56.8,350
2026-02-23 07:00:00,weekday,place-fldcr,Fields Corner,Red Line,26.0,2377.4,2697.5,1575.7,361
2026-02-23 07:00:00,weekday,place-forhl,Forest Hills,Orange Line,84.0,6328.0,7469.5,3468.6,361
2026-02-23 07:00:00,weekday,place-gilmn,Gilman Square,Green Line,1.67,264.1,286.5,207.2,351
2026-02-23 07:00:00,weekday,place-gover,Government Center,"Blue Line, Green Line",24.0,4821.1,5170.1,3947.0,361
2026-02-23 07:00:00,weekday,place-grnst,Green Street,Orange Line,27.0,1799.9,2077.1,1101.4,359
2026-02-23 07:00:00,weekday,place-harsq,Harvard,Red Line,77.0,10860.0,11361.2,9604.7,361
2026-02-23 07:00:00,weekday,place-haecl,Haymarket,"Green Line, Orange Line",53.0,6453.5,6748.3,5715.2,361
2026-02-23 07:00:00,weekday,place-hymnl,Hynes Convention Center,Green Line,26.0,5288.6,5220.1,5460.7,355
2026-02-23 07:00:00,weekday,place-jfk,JFK/UMass,Red Line,19.0,4084.5,4808.4,2173.9,353
2026-02-23 07:00:00,weekday,place-jaksn,Jackson Square,Orange Line,24.0,2846.1,3326.1,1631.9,360
2026-02-23 07:00:00,weekday,place-knncl,Kendall/MIT,Red Line,38.0,8412.3,9925.9,4498.5,355
2026-02-23 07:00:00,weekday,place-kencl,Kenmore,Green Line,43.0,4439.8,4535.1,4203.1,352
2026-02-23 07:00:00,weekday,place-lech,Lechmere,Green Line,2.07,245.6,265.3,196.0,359
2026-02-23 07:00:00,weekday,place-mlmnl,Malden Center,Orange Line,90.0,5719.4,6595.3,3525.2,361
2026-02-23 07:00:00,weekday,place-masta,Massachusetts Avenue,Orange Line,16.0,3184.2,3658.5,1996.0,361
2026-02-23 07:00:00,weekday,place-matt,Mattapan Line,Mattapan Line,38.02,2785.5,3271.4,1568.2,361
2026-02-23 07:00:00,weekday,place-mvbcl,Maverick,Blue Line,147.0,7320.1,8106.1,5351.5,361
2026-02-23 07:00:00,weekday,place-mdftf,Medford/Tufts,Green Line,0.84,181.5,203.0,127.3,349
2026-02-23 07:00:00,weekday,place-nqncy,North Quincy,Red Line,24.0,2886.8,3386.6,1634.9,361
2026-02-23 07:00:00,weekday,place-north,North Station,"Green Line, Orange Line",97.0,11662.5,13084.0,8031.2,359
2026-02-23 07:00:00,weekday,place-ogmnl,Oak Grove,Orange Line,30.0,3496.9,4070.8,2045.5,360
2026-02-23 07:00:00,weekday,place-pktrm,Park Street,"Green Line, Red Line",44.0,8842.8,9190.0,7973.2,361
2026-02-23 07:00:00,weekday,place-portr,Porter,Red Line,37.0,4190.9,4505.7,3402.5,361
2026-02-23 07:00:00,weekday,place-prmnl,Prudential,Green Line,21.0,2182.0,2137.6,2292.7,353
2026-02-23 07:00:00,weekday,place-qamnl,Quincy Adams,Red Line,12.0,1560.4,1835.5,867.2,359
2026-02-23 07:00:00,weekday,place-qnctr,Quincy Center,Red Line,19.0,3374.7,3868.8,2094.1,352
2026-02-23 07:00:00,weekday,place-rbmnl,Revere Beach,Blue Line,17.0,2267.8,2518.2,1633.2,357
2026-02-23 07:00:00,weekday,place-rcmnl,Roxbury Crossing,Orange Line,21.0,2916.6,3388.0,1712.4,359
2026-02-23 07:00:00,weekday,place-rugg,Ruggles,Orange Line,63.0,5463.2,6671.9,2435.5,361
2026-02-23 07:00:00,weekday,place-shmnl,Savin Hill,Red Line,10.0,1248.0,1417.1,824.3,361
2026-02-23 07:00:00,weekday,place-spmnl,Science Park,Green Line,6.0,733.3,762.6,660.0,361
2026-02-23 07:00:00,weekday,place-smmnl,Shawmut,Red Line,18.0,1085.6,1267.3,630.5,361
2026-02-23 07:00:00,weekday,place-sstat,South Station,"Red Line, Silver Line",109.0,11868.8,13721.2,7126.5,356
2026-02-23 07:00:00,weekday,place-state,State Street,"Blue Line, Orange Line",36.0,7246.9,8717.0,3578.8,360
2026-02-23 07:00:00,weekday,place-sbmnl,Stony Brook,Orange Line,26.0,1897.8,2150.5,1257.4,357
2026-02-23 07:00:00,weekday,place-sull,Sullivan Square,Orange Line,59.0,3949.4,4501.9,2538.3,359
2026-02-23 07:00:00,weekday,place-symcl,Symphony,Green Line,15.0,946.3,920.8,1010.2,327
2026-02-23 07:00:00,weekday,place-tumnl,Tufts Medical Center,Orange Line,70.0,3777.8,4535.5,1880.0,361
2026-02-23 07:00:00,weekday,place-welln,Wellington,Orange Line,56.0,3899.1,4551.5,2215.9,358
2026-02-23 07:00:00,weekday,place-wlsta,Wollaston,Red Line,17.0,1734.5,2020.8,1017.4,361
2026-02-23 07:00:00,weekday,place-wondl,Wonderland,Blue Line,34.0,3759.9,4264.2,2469.0,356
2026-02-23 07:00:00,weekday,place-wimnl,Wood Island,Blue Line,1.0,1318.7,1467.7,932.0,356
2026-02-23 07:00:00,weekday,place-wtcst,World Trade Center,Silver Line,11.0,1200.2,1316.5,909.0,361
2026-02-23 08:00:00,weekday,place-aport,Airport,Blue Line,25.0,6078.3,6569.2,4836.4,360
2026-02-23 08:00:00,weekday,place-alfcl,Alewife,Red Line,48.0,5780.6,6616.4,3687.0,361
2026-02-23 08:00:00,weekday,place-andrw,Andrew,Red Line,51.0,3255.3,3702.9,2134.3,361
2026-02-23 08:00:00,weekday,place-aqucl,Aquarium,Blue Line,34.0,3333.0,3432.4,3084.2,361
2026-02-23 08:00:00,weekday,place-armnl,Arlington,Green Line,37.0,3907.7,3974.4,3739.3,349
2026-02-23 08:00:00,weekday,place-asmnl,Ashmont,Red Line,33.0,3756.3,4380.3,2193.5,361
2026-02-23 08:00:00,weekday,place-astao,Assembly,Orange Line,11.0,2967.9,3119.5,2588.3,361
2026-02-23 08:00:00,weekday,place-bbsta,Back Bay,Orange Line,46.0,10028.9,11471.0,6270.6,357
2026-02-23 08:00:00,weekday,place-bmmnl,Beachmont,Blue Line,24.0,2348.0,2653.2,1560.5,358
2026-02-23 08:00:00,weekday,place-bomnl,Bowdoin,Blue Line,7.0,1406.3,1701.8,666.0,361
2026-02-23 08:00:00,weekday,place-boyls,Boylston,Green Line,7.0,3859.1,3732.2,4181.6,347
2026-02-23 08:00:00,weekday,place-brntn,Braintree,Red Line,11.0,2316.0,2671.8,1416.0,360
2026-02-23 08:00:00,weekday,place-brdwy,Broadway,Red Line,41.0,3513.1,3928.7,2393.2,351
2026-02-23 08:00:00,weekday,place-cntsq,Central,Red Line,37.0,8250.8,8876.6,6683.3,361
2026-02-23 08:00:00,weekday,place-chmnl,Charles/MGH,Red Line,41.0,5543.2,6654.1,2760.4,361
2026-02-23 08:00:00,weekday,place-chncl,Chinatown,Orange Line,29.0,3955.4,4305.4,3078.5,361
2026-02-23 08:00:00,weekday,place-ccmnl,Community College,Orange Line,17.0,2457.6,3023.7,1039.7,361
2026-02-23 08:00:00,weekday,place-coecl,Copley,Green Line,23.0,7980.6,7980.3,7981.3,350
2026-02-23 08:00:00,weekday,place-crtst,Courthouse,Silver Line,9.0,2253.6,2567.2,1468.3,361
2026-02-23 08:00:00,weekday,place-davis,Davis,Red Line,27.0,4866.6,5296.7,3789.1,361
2026-02-23 08:00:00,weekday,place-dwnxg,Downtown Crossing,"Orange Line, Red Line",48.0,10888.3,12269.6,7428.3,361
2026-02-23 08:00:00,weekday,place-esomr,East Somerville,Green Line,1.43,70.5,75.8,56.8,350
2026-02-23 08:00:00,weekday,place-fldcr,Fields Corner,Red Line,17.0,2377.4,2697.5,1575.7,361
2026-02-23 08:00:00,weekday,place-forhl,Forest Hills,Orange Line,80.0,6328.0,7469.5,3468.6,361
2026-02-23 08:00:00,weekday,place-gilmn,Gilman Square,Green Line,2.07,264.1,286.5,207.2,351
2026-02-23 08:00:00,weekday,place-gover,Government Center,"Blue Line, Green Line",15.0,4821.1,5170.1,3947.0,361
2026-02-23 08:00:00,weekday,place-grnst,Green Street,Orange Line,17.0,1799.9,2077.1,1101.4,359
2026-02-23 08:00:00,weekday,place-harsq,Harvard,Red Line,50.0,10860.0,11361.2,9604.7,361
2026-02-23 08:00:00,weekday,place-haecl,Haymarket,"Green Line, Orange Line",51.0,6453.5,6748.3,5715.2,361
2026-02-23 08:00:00,weekday,place-hymnl,Hynes Convention Center,Green Line,21.0,5288.6,5220.1,5460.7,355
2026-02-23 08:00:00,weekday,place-jfk,JFK/UMass,Red Line,17.0,4084.5,4808.4,2173.9,353
2026-02-23 08:00:00,weekday,place-jaksn,Jackson Square,Orange Line,23.0,2846.1,3326.1,1631.9,360
2026-02-23 08:00:00,weekday,place-knncl,Kendall/MIT,Red Line,23.0,8412.3,9925.9,4498.5,355
2026-02-23 08:00:00,weekday,place-kencl,Kenmore,Green Line,27.0,4439.8,4535.1,4203.1,352
2026-02-23 08:00:00,weekday,place-lech,Lechmere,Green Line,0.84,245.6,265.3,196.0,359
2026-02-23 08:00:00,weekday,place-mlmnl,Malden Center,Orange Line,48.0,5719.4,6595.3,3525.2,361
2026-02-23 08:00:00,weekday,place-masta,Massachusetts Avenue,Orange Line,20.0,3184.2,3658.5,1996.0,361
2026-02-23 08:00:00,weekday,place-matt,Mattapan Line,Mattapan Line,19.59,2785.5,3271.4,1568.2,361
2026-02-23 08:00:00,weekday,place-mvbcl,Maverick,Blue Line,90.0,7320.1,8106.1,5351.5,361
2026-02-23 08:00:00,weekday,place-mdftf,Medford/Tufts,Green Line,0.84,181.5,203.0,127.3,349
2026-02-23 08:00:00,weekday,place-nqncy,North Quincy,Red Line,13.0,2886.8,3386.6,1634.9,361
2026-02-23 08:00:00,weekday,place-north,North Station,"Green Line, Orange Line",67.0,11662.5,13084.0,8031.2,359
2026-02-23 08:00:00,weekday,place-ogmnl,Oak Grove,Orange Line,26.0,3496.9,4070.8,2045.5,360
2026-02-23 08:00:00,weekday,place-pktrm,Park Street,"Green Line, Red Line",37.0,8842.8,9190.0,7973.2,361
2026-02-23 08:00:00,weekday,place-portr,Porter,Red Line,49.0,4190.9,4505.7,3402.5,361
2026-02-23 08:00:00,weekday,place-prmnl,Prudential,Green Line,13.0,2182.0,2137.6,2292.7,353
2026-02-23 08:00:00,weekday,place-qamnl,Quincy Adams,Red Line,7.0,1560.4,1835.5,867.2,359
2026-02-23 08:00:00,weekday,place-qnctr,Quincy Center,Red Line,19.0,3374.7,3868.8,2094.1,352
2026-02-23 08:00:00,weekday,place-rbmnl,Revere Beach,Blue Line,16.0,2267.8,2518.2,1633.2,357
2026-02-23 08:00:00,weekday,place-rcmnl,Roxbury Crossing,Orange Line,14.0,2916.6,3388.0,1712.4,359
2026-02-23 08:00:00,weekday,place-rugg,Ruggles,Orange Line,42.0,5463.2,6671.9,2435.5,361
2026-02-23 08:00:00,weekday,place-shmnl,Savin Hill,Red Line,10.0,1248.0,1417.1,824.3,361
2026-02-23 08:00:00,weekday,place-spmnl,Science Park,Green Line,3.0,733.3,762.6,660.0,361
2026-02-23 08:00:00,weekday,place-smmnl,Shawmut,Red Line,9.0,1085.6,1267.3,630.5,361
2026-02-23 08:00:00,weekday,place-sstat,South Station,"Red Line, Silver Line",61.0,11868.8,13721.2,7126.5,356
2026-02-23 08:00:00,weekday,place-state,State Street,"Blue Line, Orange Line",29.0,7246.9,8717.0,3578.8,360
2026-02-23 08:00:00,weekday,place-sbmnl,Stony Brook,Orange Line,16.0,1897.8,2150.5,1257.4,357
2026-02-23 08:00:00,weekday,place-sull,Sullivan Square,Orange Line,43.0,3949.4,4501.9,2538.3,359
2026-02-23 08:00:00,weekday,place-symcl,Symphony,Green Line,13.0,946.3,920.8,1010.2,327
2026-02-23 08:00:00,weekday,place-tumnl,Tufts Medical Center,Orange Line,39.0,3777.8,4535.5,1880.0,361
2026-02-23 08:00:00,weekday,place-welln,Wellington,Orange Line,27.0,3899.1,4551.5,2215.9,358
2026-02-23 08:00:00,weekday,place-wlsta,Wollaston,Red Line,15.0,1734.5,2020.8,1017.4,361
2026-02-23 08:00:00,weekday,place-wondl,Wonderland,Blue Line,20.0,3759.9,4264.2,2469.0,356
2026-02-23 08:00:00,weekday,place-wimnl,Wood Island,Blue Line,1.0,1318.7,1467.7,932.0,356
2026-02-23 08:00:00,weekday,place-wtcst,World Trade Center,Silver Line,14.0,1200.2,1316.5,909.0,361
2026-02-23 09:00:00,weekday,place-aport,Airport,Blue Line,18.0,6078.3,6569.2,4836.4,360
2026-02-23 09:00:00,weekday,place-alfcl,Alewife,Red Line,46.0,5780.6,6616.4,3687.0,361
2026-02-23 09:00:00,weekday,place-andrw,Andrew,Red Line,34.0,3255.3,3702.9,2134.3,361
2026-02-23 09:00:00,weekday,place-aqucl,Aquarium,Blue Line,8.0,3333.0,3432.4,3084.2,361
2026-02-23 09:00:00,weekday,place-armnl,Arlington,Green Line,13.0,3907.7,3974.4,3739.3,349
2026-02-23 09:00:00,weekday,place-asmnl,Ashmont,Red Line,32.0,3756.3,4380.3,2193.5,361
2026-02-23 09:00:00,weekday,place-astao,Assembly,Orange Line,9.0,2967.9,3119.5,2588.3,361
2026-02-23 09:00:00,weekday,place-bbsta,Back Bay,Orange Line,34.0,10028.9,11471.0,6270.6,357
2026-02-23 09:00:00,weekday,place-bmmnl,Beachmont,Blue Line,13.0,2348.0,2653.2,1560.5,358
2026-02-23 09:00:00,weekday,place-bomnl,Bowdoin,Blue Line,7.0,1406.3,1701.8,666.0,361
2026-02-23 09:00:00,weekday,place-brntn,Braintree,Red Line,6.0,2316.0,2671.8,1416.0,360
2026-02-23 09:00:00,weekday,place-brdwy,Broadway,Red Line,26.0,3513.1,3928.7,2393.2,351
2026-02-23 09:00:00,weekday,place-cntsq,Central,Red Line,41.0,8250.8,8876.6,6683.3,361
2026-02-23 09:00:00,weekday,place-chmnl,Charles/MGH,Red Line,31.0,5543.2,6654.1,2760.4,361
2026-02-23 09:00:00,weekday,place-chncl,Chinatown,Orange Line,36.0,3955.4,4305.4,3078.5,361
2026-02-23 09:00:00,weekday,place-ccmnl,Community College,Orange Line,12.0,2457.6,3023.7,1039.7,361
2026-02-23 09:00:00,weekday,place-coecl,Copley,Green Line,31.0,7980.6,7980.3,7981.3,350
2026-02-23 09:00:00,weekday,place-crtst,Courthouse,Silver Line,14.0,2253.6,2567.2,1468.3,361
2026-02-23 09:00:00,weekday,place-davis,Davis,Red Line,22.0,4866.6,5296.7,3789.1,361
2026-02-23 09:00:00,weekday,place-dwnxg,Downtown Crossing,"Orange Line, Red Line",55.0,10888.3,12269.6,7428.3,361
2026-02-23 09:00:00,weekday,place-fldcr,Fields Corner,Red Line,12.0,2377.4,2697.5,1575.7,361
2026-02-23 09:00:00,weekday,place-forhl,Forest Hills,Orange Line,47.0,6328.0,7469.5,3468.6,361
2026-02-23 09:00:00,weekday,place-gover,Government Center,"Blue Line, Green Line",11.0,4821.1,5170.1,3947.0,361
2026-02-23 09:00:00,weekday,place-grnst,Green Street,Orange Line,12.0,1799.9,2077.1,1101.4,359
2026-02-23 09:00:00,weekday,place-harsq,Harvard,Red Line,32.0,10860.0,11361.2,9604.7,361
2026-02-23 09:00:00,weekday,place-haecl,Haymarket,"Green Line, Orange Line",29.0,6453.5,6748.3,5715.2,361
2026-02-23 09:00:00,weekday,place-hymnl,Hynes Convention Center,Green Line,9.0,5288.6,5220.1,5460.7,355
2026-02-23 09:00:00,weekday,place-jfk,JFK/UMass,Red Line,5.0,4084.5,4808.4,2173.9,353
2026-02-23 09:00:00,weekday,place-jaksn,Jackson Square,Orange Line,23.0,2846.1,3326.1,1631.9,360
2026-02-23 09:00:00,weekday,place-knncl,Kendall/MIT,Red Line,19.0,8412.3,9925.9,4498.5,355
2026-02-23 09:00:00,weekday,place-kencl,Kenmore,Green Line,24.0,4439.8,4535.1,4203.1,352
2026-02-23 09:00:00,weekday,place-lech,Lechmere,Green Line,0.84,245.6,265.3,196.0,359
2026-02-23 09:00:00,weekday,place-mlmnl,Malden Center,Orange Line,45.0,5719.4,6595.3,3525.2,361
2026-02-23 09:00:00,weekday,place-masta,Massachusetts Avenue,Orange Line,16.0,3184.2,3658.5,1996.0,361
2026-02-23 09:00:00,weekday,place-matt,Mattapan Line,Mattapan Line,14.98,2785.5,3271.4,1568.2,361
2026-02-23 09:00:00,weekday,place-mvbcl,Maverick,Blue Line,54.0,7320.1,8106.1,5351.5,361
2026-02-23 09:00:00,weekday,place-nqncy,North Quincy,Red Line,24.0,2886.8,3386.6,1634.9,361
2026-02-23 09:00:00,weekday,place-north,North Station,"Green Line, Orange Line",54.0,11662.5,13084.0,8031.2,359
2026-02-23 09:00:00,weekday,place-ogmnl,Oak Grove,Orange Line,18.0,3496.9,4070.8,2045.5,360
2026-02-23 09:00:00,weekday,place-orhte,Orient Heights,Blue Line,1.0,3047.0,3426.0,2079.0,359
2026-02-23 09:00:00,weekday,place-pktrm,Park Street,"Green Line, Red Line",40.0,8842.8,9190.0,7973.2,361
2026-02-23 09:00:00,weekday,place-portr,Porter,Red Line,40.0,4190.9,4505.7,3402.5,361
2026-02-23 09:00:00,weekday,place-prmnl,Prudential,Green Line,17.0,2182.0,2137.6,2292.7,353
2026-02-23 09:00:00,weekday,place-qamnl,Quincy Adams,Red Line,4.0,1560.4,1835.5,867.2,359
2026-02-23 09:00:00,weekday,place-qnctr,Quincy Center,Red Line,17.0,3374.7,3868.8,2094.1,352
2026-02-23 09:00:00,weekday,place-rbmnl,Revere Beach,Blue Line,12.0,2267.8,2518.2,1633.2,357
2026-02-23 09:00:00,weekday,place-rcmnl,Roxbury Crossing,Orange Line,7.0,2916.6,3388.0,1712.4,359
2026-02-23 09:00:00,weekday,place-rugg,Ruggles,Orange Line,40.0,5463.2,6671.9,2435.5,361
2026-02-23 09:00:00,weekday,place-shmnl,Savin Hill,Red Line,8.0,1248.0,1417.1,824.3,361
2026-02-23 09:00:00,weekday,place-spmnl,Science Park,Green Line,2.0,733.3,762.6,660.0,361
2026-02-23 09:00:00,weekday,place-smmnl,Shawmut,Red Line,6.0,1085.6,1267.3,630.5,361
2026-02-23 09:00:00,weekday,place-sstat,South Station,"Red Line, Silver Line",58.0,11868.8,13721.2,7126.5,356
2026-02-23 09:00:00,weekday,place-state,State Street,"Blue Line, Orange Line",31.0,7246.9,8717.0,3578.8,360
2026-02-23 09:00:00,weekday,place-sbmnl,Stony Brook,Orange Line,15.0,1897.8,2150.5,1257.4,357
2026-02-23 09:00:00,weekday,place-sull,Sullivan Square,Orange Line,26.0,3949.4,4501.9,2538.3,359
2026-02-23 09:00:00,weekday,place-symcl,Symphony,Green Line,11.0,946.3,920.8,1010.2,327
2026-02-23 09:00:00,weekday,place-tumnl,Tufts Medical Center,Orange Line,25.0,3777.8,4535.5,1880.0,361
2026-02-23 09:00:00,weekday,place-welln,Wellington,Orange Line,27.0,3899.1,4551.5,2215.9,358
2026-02-23 09:00:00,weekday,place-wlsta,Wollaston,Red Line,12.0,1734.5,2020.8,1017.4,361
2026-02-23 09:00:00,weekday,place-wondl,Wonderland,Blue Line,6.0,3759.9,4264.2,2469.0,356
2026-02-23 09:00:00,weekday,place-wtcst,World Trade Center,Silver Line,10.0,1200.2,1316.5,909.0,361
2026-02-23 10:00:00,weekday,place-aport,Airport,Blue Line,14.0,6078.3,6569.2,4836.4,360
2026-02-23 10:00:00,weekday,place-alfcl,Alewife,Red Line,24.0,5780.6,6616.4,3687.0,361
2026-02-23 10:00:00,weekday,place-andrw,Andrew,Red Line,24.0,3255.3,3702.9,2134.3,361
2026-02-23 10:00:00,weekday,place-aqucl,Aquarium,Blue Line,13.0,3333.0,3432.4,3084.2,361
2026-02-23 10:00:00,weekday,place-armnl,Arlington,Green Line,20.0,3907.7,3974.4,3739.3,349
2026-02-23 10:00:00,weekday,place-asmnl,Ashmont,Red Line,26.0,3756.3,4380.3,2193.5,361
2026-02-23 10:00:00,weekday,place-astao,Assembly,Orange Line,5.0,2967.9,3119.5,2588.3,361
2026-02-23 10:00:00,weekday,place-bbsta,Back Bay,Orange Line,25.0,10028.9,11471.0,6270.6,357
2026-02-23 10:00:00,weekday,place-bmmnl,Beachmont,Blue Line,8.0,2348.0,2653.2,1560.5,358
2026-02-23 10:00:00,weekday,place-bomnl,Bowdoin,Blue Line,5.0,1406.3,1701.8,666.0,361
2026-02-23 10:00:00,weekday,place-brntn,Braintree,Red Line,15.0,2316.0,2671.8,1416.0,360
2026-02-23 10:00:00,weekday,place-brdwy,Broadway,Red Line,25.0,3513.1,3928.7,2393.2,351
2026-02-23 10:00:00,weekday,place-cntsq,Central,Red Line,44.0,8250.8,8876.6,6683.3,361
2026-02-23 10:00:00,weekday,place-chmnl,Charles/MGH,Red Line,23.0,5543.2,6654.1,2760.4,361
2026-02-23 10:00:00,weekday,place-chncl,Chinatown,Orange Line,30.0,3955.4,4305.4,3078.5,361
2026-02-23 10:00:00,weekday,place-ccmnl,Community College,Orange Line,8.0,2457.6,3023.7,1039.7,361
2026-02-23 10:00:00,weekday,place-coecl,Copley,Green Line,25.0,7980.6,7980.3,7981.3,350
2026-02-23 10:00:00,weekday,place-crtst,Courthouse,Silver Line,9.0,2253.6,2567.2,1468.3,361
2026-02-23 10:00:00,weekday,place-davis,Davis,Red Line,23.0,4866.6,5296.7,3789.1,361
2026-02-23 10:00:00,weekday,place-dwnxg,Downtown Crossing,"Orange Line, Red Line",45.0,10888.3,12269.6,7428.3,361
2026-02-23 10:00:00,weekday,place-fldcr,Fields Corner,Red Line,6.0,2377.4,2697.5,1575.7,361
2026-02-23 10:00:00,weekday,place-forhl,Forest Hills,Orange Line,38.0,6328.0,7469.5,3468.6,361
2026-02-23 10:00:00,weekday,place-gover,Government Center,"Blue Line, Green Line",12.0,4821.1,5170.1,3947.0,361
2026-02-23 10:00:00,weekday,place-grnst,Green Street,Orange Line,1.0,1799.9,2077.1,1101.4,359
2026-02-23 10:00:00,weekday,place-harsq,Harvard,Red Line,42.0,10860.0,11361.2,9604.7,361
2026-02-23 10:00:00,weekday,place-haecl,Haymarket,"Green Line, Orange Line",30.0,6453.5,6748.3,5715.2,361
2026-02-23 10:00:00,weekday,place-hymnl,Hynes Convention Center,Green Line,20.0,5288.6,5220.1,5460.7,355
2026-02-23 10:00:00,weekday,place-jfk,JFK/UMass,Red Line,23.0,4084.5,4808.4,2173.9,353
2026-02-23 10:00:00,weekday,place-jaksn,Jackson Square,Orange Line,11.0,2846.1,3326.1,1631.9,360
2026-02-23 10:00:00,weekday,place-knncl,Kendall/MIT,Red Line,33.0,8412.3,9925.9,4498.5,355
2026-02-23 10:00:00,weekday,place-kencl,Kenmore,Green Line,23.0,4439.8,4535.1,4203.1,352
2026-02-23 10:00:00,weekday,place-mlmnl,Malden Center,Orange Line,30.0,5719.4,6595.3,3525.2,361
2026-02-23 10:00:00,weekday,place-masta,Massachusetts Avenue,Orange Line,20.0,3184.2,3658.5,1996.0,361
2026-02-23 10:00:00,weekday,place-matt,Mattapan Line,Mattapan Line,18.43,2785.5,3271.4,1568.2,361
2026-02-23 10:00:00,weekday,place-mvbcl,Maverick,Blue Line,48.0,7320.1,8106.1,5351.5,361
2026-02-23 10:00:00,weekday,place-nqncy,North Quincy,Red Line,13.0,2886.8,3386.6,1634.9,361
2026-02-23 10:00:00,weekday,place-north,North Station,"Green Line, Orange Line",67.0,11662.5,13084.0,8031.2,359
2026-02-23 10:00:00,weekday,place-ogmnl,Oak Grove,Orange Line,13.0,3496.9,4070.8,2045.5,360
2026-02-23 10:00:00,weekday,place-pktrm,Park Street,"Green Line, Red Line",23.0,8842.8,9190.0,7973.2,361
2026-02-23 10:00:00,weekday,place-portr,Porter,Red Line,17.0,4190.9,4505.7,3402.5,361
2026-02-23 10:00:00,weekday,place-prmnl,Prudential,Green Line,13.0,2182.0,2137.6,2292.7,353
2026-02-23 10:00:00,weekday,place-qamnl,Quincy Adams,Red Line,3.0,1560.4,1835.5,867.2,359
2026-02-23 10:00:00,weekday,place-qnctr,Quincy Center,Red Line,12.0,3374.7,3868.8,2094.1,352
2026-02-23 10:00:00,weekday,place-rbmnl,Revere Beach,Blue Line,11.0,2267.8,2518.2,1633.2,357
2026-02-23 10:00:00,weekday,place-river,Riverside,Green Line,2.0,899.9,901.1,896.9,360
2026-02-23 10:00:00,weekday,place-rcmnl,Roxbury Crossing,Orange Line,9.0,2916.6,3388.0,1712.4,359
2026-02-23 10:00:00,weekday,place-rugg,Ruggles,Orange Line,18.0,5463.2,6671.9,2435.5,361
2026-02-23 10:00:00,weekday,place-shmnl,Savin Hill,Red Line,2.0,1248.0,1417.1,824.3,361
2026-02-23 10:00:00,weekday,place-spmnl,Science Park,Green Line,4.0,733.3,762.6,660.0,361
2026-02-23 10:00:00,weekday,place-smmnl,Shawmut,Red Line,2.0,1085.6,1267.3,630.5,361
2026-02-23 10:00:00,weekday,place-sstat,South Station,"Red Line, Silver Line",70.0,11868.8,13721.2,7126.5,356
2026-02-23 10:00:00,weekday,place-state,State Street,"Blue Line, Orange Line",32.0,7246.9,8717.0,3578.8,360
2026-02-23 10:00:00,weekday,place-sbmnl,Stony Brook,Orange Line,14.0,1897.8,2150.5,1257.4,357
2026-02-23 10:00:00,weekday,place-sull,Sullivan Square,Orange Line,30.0,3949.4,4501.9,2538.3,359
2026-02-23 10:00:00,weekday,place-symcl,Symphony,Green Line,4.0,946.3,920.8,1010.2,327
2026-02-23 10:00:00,weekday,place-tumnl,Tufts Medical Center,Orange Line,32.0,3777.8,4535.5,1880.0,361
2026-02-23 10:00:00,weekday,place-unsqu,Union Square,Green Line,2.07,135.3,144.6,111.3,347
2026-02-23 10:00:00,weekday,place-welln,Wellington,Orange Line,19.0,3899.1,4551.5,2215.9,358
2026-02-23 10:00:00,weekday,place-wlsta,Wollaston,Red Line,11.0,1734.5,2020.8,1017.4,361
2026-02-23 10:00:00,weekday,place-wondl,Wonderland,Blue Line,1.0,3759.9,4264.2,2469.0,356
2026-02-23 10:00:00,weekday,place-wtcst,World Trade Center,Silver Line,5.0,1200.2,1316.5,909.0,361
2026-02-23 11:00:00,weekday,place-aport,Airport,Blue Line,15.0,6078.3,6569.2,4836.4,360
2026-02-23 11:00:00,weekday,place-alfcl,Alewife,Red Line,32.0,5780.6,6616.4,3687.0,361
2026-02-23 11:00:00,weekday,place-andrw,Andrew,Red Line,34.0,3255.3,3702.9,2134.3,361
2026-02-23 11:00:00,weekday,place-aqucl,Aquarium,Blue Line,11.0,3333.0,3432.4,3084.2,361
2026-02-23 11:00:00,weekday,place-armnl,Arlington,Green Line,17.0,3907.7,3974.4,3739.3,349
2026-02-23 11:00:00,weekday,place-asmnl,Ashmont,Red Line,18.0,3756.3,4380.3,2193.5,361
2026-02-23 11:00:00,weekday,place-astao,Assembly,Orange Line,15.0,2967.9,3119.5,2588.3,361
2026-02-23 11:00:00,weekday,place-bbsta,Back Bay,Orange Line,39.0,10028.9,11471.0,6270.6,357
2026-02-23 11:00:00,weekday,place-bmmnl,Beachmont,Blue Line,12.0,2348.0,2653.2,1560.5,358
2026-02-23 11:00:00,weekday,place-bomnl,Bowdoin,Blue Line,3.0,1406.3,1701.8,666.0,361
2026-02-23 11:00:00,weekday,place-brntn,Braintree,Red Line,14.0,2316.0,2671.8,1416.0,360
2026-02-23 11:00:00,weekday,place-brdwy,Broadway,Red Line,19.0,3513.1,3928.7,2393.2,351
2026-02-23 11:00:00,weekday,place-cntsq,Central,Red Line,28.0,8250.8,8876.6,6683.3,361
2026-02-23 11:00:00,weekday,place-chmnl,Charles/MGH,Red Line,48.0,5543.2,6654.1,2760.4,361
2026-02-23 11:00:00,weekday,place-chncl,Chinatown,Orange Line,25.0,3955.4,4305.4,3078.5,361
2026-02-23 11:00:00,weekday,place-ccmnl,Community College,Orange Line,9.0,2457.6,3023.7,1039.7,361
2026-02-23 11:00:00,weekday,place-coecl,Copley,Green Line,25.0,7980.6,7980.3,7981.3,350
2026-02-23 11:00:00,weekday,place-crtst,Courthouse,Silver Line,8.0,2253.6,2567.2,1468.3,361
2026-02-23 11:00:00,weekday,place-davis,Davis,Red Line,21.0,4866.6,5296.7,3789.1,361
2026-02-23 11:00:00,weekday,place-dwnxg,Downtown Crossing,"Orange Line, Red Line",60.0,10888.3,12269.6,7428.3,361
2026-02-23 11:00:00,weekday,place-fldcr,Fields Corner,Red Line,7.0,2377.4,2697.5,1575.7,361
2026-02-23 11:00:00,weekday,place-forhl,Forest Hills,Orange Line,49.0,6328.0,7469.5,3468.6,361
2026-02-23 11:00:00,weekday,place-gover,Government Center,"Blue Line, Green Line",13.0,4821.1,5170.1,3947.0,361
2026-02-23 11:00:00,weekday,place-grnst,Green Street,Orange Line,7.0,1799.9,2077.1,1101.4,359
2026-02-23 11:00:00,weekday,place-harsq,Harvard,Red Line,38.0,10860.0,11361.2,9604.7,361
2026-02-23 11:00:00,weekday,place-haecl,Haymarket,"Green Line, Orange Line",28.0,6453.5,6748.3,5715.2,361
2026-02-23 11:00:00,weekday,place-hymnl,Hynes Convention Center,Green Line,12.0,5288.6,5220.1,5460.7,355
2026-02-23 11:00:00,weekday,place-jfk,JFK/UMass,Red Line,12.0,4084.5,4808.4,2173.9,353
2026-02-23 11:00:00,weekday,place-jaksn,Jackson Square,Orange Line,19.0,2846.1,3326.1,1631.9,360
2026-02-23 11:00:00,weekday,place-knncl,Kendall/MIT,Red Line,42.0,8412.3,9925.9,4498.5,355
2026-02-23 11:00:00,weekday,place-kencl,Kenmore,Green Line,18.0,4439.8,4535.1,4203.1,352
2026-02-23 11:00:00,weekday,place-lech,Lechmere,Green Line,1.43,245.6,265.3,196.0,359
2026-02-23 11:00:00,weekday,place-mlmnl,Malden Center,Orange Line,22.0,5719.4,6595.3,3525.2,361
2026-02-23 11:00:00,weekday,place-masta,Massachusetts Avenue,Orange Line,11.0,3184.2,3658.5,1996.0,361
2026-02-23 11:00:00,weekday,place-matt,Mattapan Line,Mattapan Line,12.67,2785.5,3271.4,1568.2,361
2026-02-23 11:00:00,weekday,place-mvbcl,Maverick,Blue Line,33.0,7320.1,8106.1,5351.5,361
2026-02-23 11:00:00,weekday,place-nqncy,North Quincy,Red Line,12.0,2886.8,3386.6,1634.9,361
2026-02-23 11:00:00,weekday,place-north,North Station,"Green Line, Orange Line",54.0,11662.5,13084.0,8031.2,359
2026-02-23 11:00:00,weekday,place-ogmnl,Oak Grove,Orange Line,10.0,3496.9,4070.8,2045.5,360
2026-02-23 11:00:00,weekday,place-pktrm,Park Street,"Green Line, Red Line",36.0,8842.8,9190.0,7973.2,361
2026-02-23 11:00:00,weekday,place-portr,Porter,Red Line,12.0,4190.9,4505.7,3402.5,361
2026-02-23 11:00:00,weekday,place-prmnl,Prudential,Green Line,18.0,2182.0,2137.6,2292.7,353
2026-02-23 11:00:00,weekday,place-qamnl,Quincy Adams,Red Line,3.0,1560.4,1835.5,867.2,359
2026-02-23 11:00:00,weekday,place-qnctr,Quincy Center,Red Line,6.0,3374.7,3868.8,2094.1,352
2026-02-23 11:00:00,weekday,place-rbmnl,Revere Beach,Blue Line,13.0,2267.8,2518.2,1633.2,357
2026-02-23 11:00:00,weekday,place-rcmnl,Roxbury Crossing,Orange Line,17.0,2916.6,3388.0,1712.4,359
2026-02-23 11:00:00,weekday,place-rugg,Ruggles,Orange Line,40.0,5463.2,6671.9,2435.5,361
2026-02-23 11:00:00,weekday,place-spmnl,Science Park,Green Line,10.0,733.3,762.6,660.0,361
2026-02-23 11:00:00,weekday,place-smmnl,Shawmut,Red Line,3.0,1085.6,1267.3,630.5,361
2026-02-23 11:00:00,weekday,place-sstat,South Station,"Red Line, Silver Line",57.0,11868.8,13721.2,7126.5,356
2026-02-23 11:00:00,weekday,place-state,State Street,"Blue Line, Orange Line",34.0,7246.9,8717.0,3578.8,360
2026-02-23 11:00:00,weekday,place-sbmnl,Stony Brook,Orange Line,17.0,1897.8,2150.5,1257.4,357
2026-02-23 11:00:00,weekday,place-sull,Sullivan Square,Orange Line,25.0,3949.4,4501.9,2538.3,359
2026-02-23 11:00:00,weekday,place-symcl,Symphony,Green Line,7.0,946.3,920.8,1010.2,327
2026-02-23 11:00:00,weekday,place-tumnl,Tufts Medical Center,Orange Line,29.0,3777.8,4535.5,1880.0,361
2026-02-23 11:00:00,weekday,place-welln,Wellington,Orange Line,15.0,3899.1,4551.5,2215.9,358
2026-02-23 11:00:00,weekday,place-wlsta,Wollaston,Red Line,5.0,1734.5,2020.8,1017.4,361
2026-02-23 11:00:00,weekday,place-wondl,Wonderland,Blue Line,1.0,3759.9,4264.2,2469.0,356
2026-02-23 11:00:00,weekday,place-wtcst,World Trade Center,Silver Line,5.0,1200.2,1316.5,909.0,361
2026-02-23 12:00:00,weekday,place-aport,Airport,Blue Line,21.0,6078.3,6569.2,4836.4,360
2026-02-23 12:00:00,weekday,place-alfcl,Alewife,Red Line,23.0,5780.6,6616.4,3687.0,361
2026-02-23 12:00:00,weekday,place-andrw,Andrew,Red Line,20.0,3255.3,3702.9,2134.3,361
2026-02-23 12:00:00,weekday,place-aqucl,Aquarium,Blue Line,12.0,3333.0,3432.4,3084.2,361
2026-02-23 12:00:00,weekday,place-armnl,Arlington,Green Line,13.0,3907.7,3974.4,3739.3,349
2026-02-23 12:00:00,weekday,place-asmnl,Ashmont,Red Line,20.0,3756.3,4380.3,2193.5,361
2026-02-23 12:00:00,weekday,place-astao,Assembly,Orange Line,7.0,2967.9,3119.5,2588.3,361
2026-02-23 12:00:00,weekday,place-bbsta,Back Bay,Orange Line,51.0,10028.9,11471.0,6270.6,357
2026-02-23 12:00:00,weekday,place-bmmnl,Beachmont,Blue Line,9.0,2348.0,2653.2,1560.5,358
2026-02-23 12:00:00,weekday,place-bomnl,Bowdoin,Blue Line,9.0,1406.3,1701.8,666.0,361
2026-02-23 12:00:00,weekday,place-brntn,Braintree,Red Line,11.0,2316.0,2671.8,1416.0,360
2026-02-23 12:00:00,weekday,place-brdwy,Broadway,Red Line,19.0,3513.1,3928.7,2393.2,351
2026-02-23 12:00:00,weekday,place-cntsq,Central,Red Line,45.0,8250.8,8876.6,6683.3,361
2026-02-23 12:00:00,weekday,place-chmnl,Charles/MGH,Red Line,44.0,5543.2,6654.1,2760.4,361
2026-02-23 12:00:00,weekday,place-chncl,Chinatown,Orange Line,47.0,3955.4,4305.4,3078.5,361
2026-02-23 12:00:00,weekday,place-ccmnl,Community College,Orange Line,17.0,2457.6,3023.7,1039.7,361
2026-02-23 12:00:00,weekday,place-coecl,Copley,Green Line,44.0,7980.6,7980.3,7981.3,350
2026-02-23 12:00:00,weekday,place-crtst,Courthouse,Silver Line,13.0,2253.6,2567.2,1468.3,361
2026-02-23 12:00:00,weekday,place-davis,Davis,Red Line,29.0,4866.6,5296.7,3789.1,361
2026-02-23 12:00:00,weekday,place-dwnxg,Downtown Crossing,"Orange Line, Red Line",54.0,10888.3,12269.6,7428.3,361
2026-02-23 12:00:00,weekday,place-fldcr,Fields Corner,Red Line,6.0,2377.4,2697.5,1575.7,361
2026-02-23 12:00:00,weekday,place-forhl,Forest Hills,Orange Line,43.0,6328.0,7469.5,3468.6,361
2026-02-23 12:00:00,weekday,place-gover,Government Center,"Blue Line, Green Line",13.0,4821.1,5170.1,3947.0,361
2026-02-23 12:00:00,weekday,place-grnst,Green Street,Orange Line,7.0,1799.9,2077.1,1101.4,359
2026-02-23 12:00:00,weekday,place-harsq,Harvard,Red Line,41.0,10860.0,11361.2,9604.7,361
2026-02-23 12:00:00,weekday,place-haecl,Haymarket,"Green Line, Orange Line",28.0,6453.5,6748.3,5715.2,361
2026-02-23 12:00:00,weekday,place-hymnl,Hynes Convention Center,Green Line,22.0,5288.6,5220.1,5460.7,355
2026-02-23 12:00:00,weekday,place-jfk,JFK/UMass,Red Line,10.0,4084.5,4808.4,2173.9,353
2026-02-23 12:00:00,weekday,place-jaksn,Jackson Square,Orange Line,14.0,2846.1,3326.1,1631.9,360
2026-02-23 12:00:00,weekday,place-knncl,Kendall/MIT,Red Line,27.0,8412.3,9925.9,4498.5,355
2026-02-23 12:00:00,weekday,place-kencl,Kenmore,Green Line,32.0,4439.8,4535.1,4203.1,352
2026-02-23 12:00:00,weekday,place-mlmnl,Malden Center,Orange Line,27.0,5719.4,6595.3,3525.2,361
2026-02-23 12:00:00,weekday,place-masta,Massachusetts Avenue,Orange Line,22.0,3184.2,3658.5,1996.0,361
2026-02-23 12:00:00,weekday,place-matt,Mattapan Line,Mattapan Line,14.98,2785.5,3271.4,1568.2,361
2026-02-23 12:00:00,weekday,place-mvbcl,Maverick,Blue Line,54.0,7320.1,8106.1,5351.5,361
2026-02-23 12:00:00,weekday,place-nqncy,North Quincy,Red Line,13.0,2886.8,3386.6,1634.9,361
2026-02-23 12:00:00,weekday,place-north,North Station,"Green Line, Orange Line",81.0,11662.5,13084.0,8031.2,359
2026-02-23 12:00:00,weekday,place-ogmnl,Oak Grove,Orange Line,13.0,3496.9,4070.8,2045.5,360
2026-02-23 12:00:00,weekday,place-pktrm,Park Street,"Green Line, Red Line",38.0,8842.8,9190.0,7973.2,361
2026-02-23 12:00:00,weekday,place-portr,Porter,Red Line,17.0,4190.9,4505.7,3402.5,361
2026-02-23 12:00:00,weekday,place-prmnl,Prudential,Green Line,14.0,2182.0,2137.6,2292.7,353
2026-02-23 12:00:00,weekday,place-qamnl,Quincy Adams,Red Line,7.0,1560.4,1835.5,867.2,359
2026-02-23 12:00:00,weekday,place-qnctr,Quincy Center,Red Line,8.0,3374.7,3868.8,2094.1,352
2026-02-23 12:00:00,weekday,place-rbmnl,Revere Beach,Blue Line,10.0,2267.8,2518.2,1633.2,357
2026-02-23 12:00:00,weekday,place-rcmnl,Roxbury Crossing,Orange Line,12.0,2916.6,3388.0,1712.4,359
2026-02-23 12:00:00,weekday,place-rugg,Ruggles,Orange Line,58.0,5463.2,6671.9,2435.5,361
2026-02-23 12:00:00,weekday,place-shmnl,Savin Hill,Red Line,4.0,1248.0,1417.1,824.3,361
2026-02-23 12:00:00,weekday,place-spmnl,Science Park,Green Line,3.0,733.3,762.6,660.0,361
2026-02-23 12:00:00,weekday,place-smmnl,Shawmut,Red Line,8.0,1085.6,1267.3,630.5,361
2026-02-23 12:00:00,weekday,place-sstat,South Station,"Red Line, Silver Line",38.0,11868.8,13721.2,7126.5,356
2026-02-23 12:00:00,weekday,place-state,State Street,"Blue Line, Orange Line",56.0,7246.9,8717.0,3578.8,360
2026-02-23 12:00:00,weekday,place-sbmnl,Stony Brook,Orange Line,10.0,1897.8,2150.5,1257.4,357
2026-02-23 12:00:00,weekday,place-sull,Sullivan Square,Orange Line,14.0,3949.4,4501.9,2538.3,359
2026-02-23 12:00:00,weekday,place-symcl,Symphony,Green Line,10.0,946.3,920.8,1010.2,327
2026-02-23 12:00:00,weekday,place-tumnl,Tufts Medical Center,Orange Line,30.0,3777.8,4535.5,1880.0,361
2026-02-23 12:00:00,weekday,place-welln,Wellington,Orange Line,16.0,3899.1,4551.5,2215.9,358
2026-02-23 12:00:00,weekday,place-wlsta,Wollaston,Red Line,12.0,1734.5,2020.8,1017.4,361
2026-02-23 12:00:00,weekday,place-wondl,Wonderland,Blue Line,2.0,3759.9,4264.2,2469.0,356
2026-02-23 12:00:00,weekday,place-wtcst,World Trade Center,Silver Line,13.0,1200.2,1316.5,909.0,361
2026-02-23 13:00:00,weekday,place-aport,Airport,Blue Line,26.0,6078.3,6569.2,4836.4,360
2026-02-23 13:00:00,weekday,place-alfcl,Alewife,Red Line,35.0,5780.6,6616.4,3687.0,361
2026-02-23 13:00:00,weekday,place-andrw,Andrew,Red Line,32.0,3255.3,3702.9,2134.3,361
2026-02-23 13:00:00,weekday,place-aqucl,Aquarium,Blue Line,21.0,3333.0,3432.4,3084.2,361
2026-02-23 13:00:00,weekday,place-armnl,Arlington,Green Line,29.0,3907.7,3974.4,3739.3,349
2026-02-23 13:00:00,weekday,place-asmnl,Ashmont,Red Line,37.0,3756.3,4380.3,2193.5,361
2026-02-23 13:00:00,weekday,place-astao,Assembly,Orange Line,21.0,2967.9,3119.5,2588.3,361
2026-02-23 13:00:00,weekday,place-bbsta,Back Bay,Orange Line,53.0,10028.9,11471.0,6270.6,357
2026-02-23 13:00:00,weekday,place-bmmnl,Beachmont,Blue Line,26.0,2348.0,2653.2,1560.5,358
2026-02-23 13:00:00,weekday,place-bomnl,Bowdoin,Blue Line,13.0,1406.3,1701.8,666.0,361
2026-02-23 13:00:00,weekday,place-boyls,Boylston,Green Line,1.0,3859.1,3732.2,4181.6,347
2026-02-23 13:00:00,weekday,place-brntn,Braintree,Red Line,14.0,2316.0,2671.8,1416.0,360
2026-02-23 13:00:00,weekday,place-brdwy,Broadway,Red Line,42.0,3513.1,3928.7,2393.2,351
2026-02-23 13:00:00,weekday,place-cntsq,Central,Red Line,42.0,8250.8,8876.6,6683.3,361
2026-02-23 13:00:00,weekday,place-chmnl,Charles/MGH,Red Line,51.0,5543.2,6654.1,2760.4,361
2026-02-23 13:00:00,weekday,place-chncl,Chinatown,Orange Line,49.0,3955.4,4305.4,3078.5,361
2026-02-23 13:00:00,weekday,place-ccmnl,Community College,Orange Line,16.0,2457.6,3023.7,1039.7,361
2026-02-23 13:00:00,weekday,place-coecl,Copley,Green Line,40.0,7980.6,7980.3,7981.3,350
2026-02-23 13:00:00,weekday,place-crtst,Courthouse,Silver Line,16.0,2253.6,2567.2,1468.3,361
2026-02-23 13:00:00,weekday,place-davis,Davis,Red Line,20.0,4866.6,5296.7,3789.1,361
2026-02-23 13:00:00,weekday,place-dwnxg,Downtown Crossing,"Orange Line, Red Line",76.0,10888.3,12269.6,7428.3,361
2026-02-23 13:00:00,weekday,place-fldcr,Fields Corner,Red Line,12.0,2377.4,2697.5,1575.7,361
2026-02-23 13:00:00,weekday,place-forhl,Forest Hills,Orange Line,37.0,6328.0,7469.5,3468.6,361
2026-02-23 13:00:00,weekday,place-gover,Government Center,"Blue Line, Green Line",15.0,4821.1,5170.1,3947.0,361
2026-02-23 13:00:00,weekday,place-grnst,Green Street,Orange Line,10.0,1799.9,2077.1,1101.4,359
2026-02-23 13:00:00,weekday,place-harsq,Harvard,Red Line,54.0,10860.0,11361.2,9604.7,361
2026-02-23 13:00:00,weekday,place-haecl,Haymarket,"Green Line, Orange Line",43.0,6453.5,6748.3,5715.2,361
2026-02-23 13:00:00,weekday,place-hymnl,Hynes Convention Center,Green Line,31.0,5288.6,5220.1,5460.7,355
2026-02-23 13:00:00,weekday,place-jfk,JFK/UMass,Red Line,21.0,4084.5,4808.4,2173.9,353
2026-02-23 13:00:00,weekday,place-jaksn,Jackson Square,Orange Line,30.0,2846.1,3326.1,1631.9,360
2026-02-23 13:00:00,weekday,place-knncl,Kendall/MIT,Red Line,36.0,8412.3,9925.9,4498.5,355
2026-02-23 13:00:00,weekday,place-kencl,Kenmore,Green Line,32.0,4439.8,4535.1,4203.1,352
2026-02-23 13:00:00,weekday,place-mlmnl,Malden Center,Orange Line,42.0,5719.4,6595.3,3525.2,361
2026-02-23 13:00:00,weekday,place-masta,Massachusetts Avenue,Orange Line,27.0,3184.2,3658.5,1996.0,361
2026-02-23 13:00:00,weekday,place-matt,Mattapan Line,Mattapan Line,29.96,2785.5,3271.4,1568.2,361
2026-02-23 13:00:00,weekday,place-mvbcl,Maverick,Blue Line,46.0,7320.1,8106.1,5351.5,361
2026-02-23 13:00:00,weekday,place-nqncy,North Quincy,Red Line,9.0,2886.8,3386.6,1634.9,361
2026-02-23 13:00:00,weekday,place-north,North Station,"Green Line, Orange Line",67.0,11662.5,13084.0,8031.2,359
2026-02-23 13:00:00,weekday,place-ogmnl,Oak Grove,Orange Line,14.0,3496.9,4070.8,2045.5,360
2026-02-23 13:00:00,weekday,place-pktrm,Park Street,"Green Line, Red Line",49.0,8842.8,9190.0,7973.2,361
2026-02-23 13:00:00,weekday,place-portr,Porter,Red Line,26.0,4190.9,4505.7,3402.5,361
2026-02-23 13:00:00,weekday,place-prmnl,Prudential,Green Line,27.0,2182.0,2137.6,2292.7,353
2026-02-23 13:00:00,weekday,place-qamnl,Quincy Adams,Red Line,4.0,1560.4,1835.5,867.2,359
2026-02-23 13:00:00,weekday,place-qnctr,Quincy Center,Red Line,9.0,3374.7,3868.8,2094.1,352
2026-02-23 13:00:00,weekday,place-rbmnl,Revere Beach,Blue Line,12.0,2267.8,2518.2,1633.2,357
2026-02-23 13:00:00,weekday,place-river,Riverside,Green Line,2.0,899.9,901.1,896.9,360
2026-02-23 13:00:00,weekday,place-rcmnl,Roxbury Crossing,Orange Line,14.0,2916.6,3388.0,1712.4,359
2026-02-23 13:00:00,weekday,place-rugg,Ruggles,Orange Line,39.0,5463.2,6671.9,2435.5,361
2026-02-23 13:00:00,weekday,place-shmnl,Savin Hill,Red Line,13.0,1248.0,1417.1,824.3,361
2026-02-23 13:00:00,weekday,place-spmnl,Science Park,Green Line,4.0,733.3,762.6,660.0,361
2026-02-23 13:00:00,weekday,place-smmnl,Shawmut,Red Line,8.0,1085.6,1267.3,630.5,361
2026-02-23 13:00:00,weekday,place-sstat,South Station,"Red Line, Silver Line",80.0,11868.8,13721.2,7126.5,356
2026-02-23 13:00:00,weekday,place-state,State Street,"Blue Line, Orange Line",63.0,7246.9,8717.0,3578.8,360
2026-02-23 13:00:00,weekday,place-sbmnl,Stony Brook,Orange Line,15.0,1897.8,2150.5,1257.4,357
2026-02-23 13:00:00,weekday,place-sull,Sullivan Square,Orange Line,28.0,3949.4,4501.9,2538.3,359
2026-02-23 13:00:00,weekday,place-symcl,Symphony,Green Line,8.0,946.3,920.8,1010.2,327
2026-02-23 13:00:00,weekday,place-tumnl,Tufts Medical Center,Orange Line,48.0,3777.8,4535.5,1880.0,361
2026-02-23 13:00:00,weekday,place-welln,Wellington,Orange Line,21.0,3899.1,4551.5,2215.9,358
2026-02-23 13:00:00,weekday,place-wlsta,Wollaston,Red Line,2.0,1734.5,2020.8,1017.4,361
2026-02-23 13:00:00,weekday,place-wtcst,World Trade Center,Silver Line,7.0,1200.2,1316.5,909.0,361
2026-02-23 14:00:00,weekday,place-aport,Airport,Blue Line,26.0,6078.3,6569.2,4836.4,360
2026-02-23 14:00:00,weekday,place-alfcl,Alewife,Red Line,30.0,5780.6,6616.4,3687.0,361
2026-02-23 14:00:00,weekday,place-andrw,Andrew,Red Line,35.0,3255.3,3702.9,2134.3,361
2026-02-23 14:00:00,weekday,place-aqucl,Aquarium,Blue Line,15.0,3333.0,3432.4,3084.2,361
2026-02-23 14:00:00,weekday,place-armnl,Arlington,Green Line,40.0,3907.7,3974.4,3739.3,349
2026-02-23 14:00:00,weekday,place-asmnl,Ashmont,Red Line,35.0,3756.3,4380.3,2193.5,361
2026-02-23 14:00:00,weekday,place-astao,Assembly,Orange Line,22.0,2967.9,3119.5,2588.3,361
2026-02-23 14:00:00,weekday,place-bbsta,Back Bay,Orange Line,75.0,10028.9,11471.0,6270.6,357
2026-02-23 14:00:00,weekday,place-bmmnl,Beachmont,Blue Line,19.0,2348.0,2653.2,1560.5,358
2026-02-23 14:00:00,weekday,place-bomnl,Bowdoin,Blue Line,22.0,1406.3,1701.8,666.0,361
2026-02-23 14:00:00,weekday,place-brntn,Braintree,Red Line,8.0,2316.0,2671.8,1416.0,360
2026-02-23 14:00:00,weekday,place-brdwy,Broadway,Red Line,48.0,3513.1,3928.7,2393.2,351
2026-02-23 14:00:00,weekday,place-cntsq,Central,Red Line,40.0,8250.8,8876.6,6683.3,361
2026-02-23 14:00:00,weekday,place-chmnl,Charles/MGH,Red Line,96.0,5543.2,6654.1,2760.4,361
2026-02-23 14:00:00,weekday,place-chncl,Chinatown,Orange Line,49.0,3955.4,4305.4,3078.5,361
2026-02-23 14:00:00,weekday,place-ccmnl,Community College,Orange Line,20.0,2457.6,3023.7,1039.7,361
2026-02-23 14:00:00,weekday,place-coecl,Copley,Green Line,62.0,7980.6,7980.3,7981.3,350
2026-02-23 14:00:00,weekday,place-crtst,Courthouse,Silver Line,15.0,2253.6,2567.2,1468.3,361
2026-02-23 14:00:00,weekday,place-davis,Davis,Red Line,18.0,4866.6,5296.7,3789.1,361
2026-02-23 14:00:00,weekday,place-dwnxg,Downtown Crossing,"Orange Line, Red Line",109.0,10888.3,12269.6,7428.3,361
2026-02-23 14:00:00,weekday,place-fldcr,Fields Corner,Red Line,12.0,2377.4,2697.5,1575.7,361
2026-02-23 14:00:00,weekday,place-forhl,Forest Hills,Orange Line,48.0,6328.0,7469.5,3468.6,361
2026-02-23 14:00:00,weekday,place-gover,Government Center,"Blue Line, Green Line",23.0,4821.1,5170.1,3947.0,361
2026-02-23 14:00:00,weekday,place-grnst,Green Street,Orange Line,10.0,1799.9,2077.1,1101.4,359
2026-02-23 14:00:00,weekday,place-harsq,Harvard,Red Line,69.0,10860.0,11361.2,9604.7,361
2026-02-23 14:00:00,weekday,place-haecl,Haymarket,"Green Line, Orange Line",69.0,6453.5,6748.3,5715.2,361
2026-02-23 14:00:00,weekday,place-hymnl,Hynes Convention Center,Green Line,26.0,5288.6,5220.1,5460.7,355
2026-02-23 14:00:00,weekday,place-jfk,JFK/UMass,Red Line,29.0,4084.5,4808.4,2173.9,353
2026-02-23 14:00:00,weekday,place-jaksn,Jackson Square,Orange Line,31.0,2846.1,3326.1,1631.9,360
2026-02-23 14:00:00,weekday,place-knncl,Kendall/MIT,Red Line,38.0,8412.3,9925.9,4498.5,355
2026-02-23 14:00:00,weekday,place-kencl,Kenmore,Green Line,47.0,4439.8,4535.1,4203.1,352
2026-02-23 14:00:00,weekday,place-mgngl,Magoun Square,Green Line,1.43,128.3,138.1,103.5,349
2026-02-23 14:00:00,weekday,place-mlmnl,Malden Center,Orange Line,39.0,5719.4,6595.3,3525.2,361
2026-02-23 14:00:00,weekday,place-masta,Massachusetts Avenue,Orange Line,35.0,3184.2,3658.5,1996.0,361
2026-02-23 14:00:00,weekday,place-matt,Mattapan Line,Mattapan Line,19.59,2785.5,3271.4,1568.2,361
2026-02-23 14:00:00,weekday,place-mvbcl,Maverick,Blue Line,72.0,7320.1,8106.1,5351.5,361
2026-02-23 14:00:00,weekday,place-nqncy,North Quincy,Red Line,12.0,2886.8,3386.6,1634.9,361
2026-02-23 14:00:00,weekday,place-north,North Station,"Green Line, Orange Line",77.0,11662.5,13084.0,8031.2,359
2026-02-23 14:00:00,weekday,place-ogmnl,Oak Grove,Orange Line,11.0,3496.9,4070.8,2045.5,360
2026-02-23 14:00:00,weekday,place-pktrm,Park Street,"Green Line, Red Line",45.0,8842.8,9190.0,7973.2,361
2026-02-23 14:00:00,weekday,place-portr,Porter,Red Line,18.0,4190.9,4505.7,3402.5,361
2026-02-23 14:00:00,weekday,place-prmnl,Prudential,Green Line,31.0,2182.0,2137.6,2292.7,353
2026-02-23 14:00:00,weekday,place-qamnl,Quincy Adams,Red Line,3.0,1560.4,1835.5,867.2,359
2026-02-23 14:00:00,weekday,place-qnctr,Quincy Center,Red Line,14.0,3374.7,3868.8,2094.1,352
2026-02-23 14:00:00,weekday,place-rbmnl,Revere Beach,Blue Line,22.0,2267.8,2518.2,1633.2,357
2026-02-23 14:00:00,weekday,place-river,Riverside,Green Line,1.0,899.9,901.1,896.9,360
2026-02-23 14:00:00,weekday,place-rcmnl,Roxbury Crossing,Orange Line,20.0,2916.6,3388.0,1712.4,359
2026-02-23 14:00:00,weekday,place-rugg,Ruggles,Orange Line,60.0,5463.2,6671.9,2435.5,361
2026-02-23 14:00:00,weekday,place-shmnl,Savin Hill,Red Line,9.0,1248.0,1417.1,824.3,361
2026-02-23 14:00:00,weekday,place-spmnl,Science Park,Green Line,12.0,733.3,762.6,660.0,361
2026-02-23 14:00:00,weekday,place-smmnl,Shawmut,Red Line,7.0,1085.6,1267.3,630.5,361
2026-02-23 14:00:00,weekday,place-sstat,South Station,"Red Line, Silver Line",76.0,11868.8,13721.2,7126.5,356
2026-02-23 14:00:00,weekday,place-state,State Street,"Blue Line, Orange Line",66.0,7246.9,8717.0,3578.8,360
2026-02-23 14:00:00,weekday,place-sbmnl,Stony Brook,Orange Line,5.0,1897.8,2150.5,1257.4,357
2026-02-23 14:00:00,weekday,place-sull,Sullivan Square,Orange Line,44.0,3949.4,4501.9,2538.3,359
2026-02-23 14:00:00,weekday,place-symcl,Symphony,Green Line,10.0,946.3,920.8,1010.2,327
2026-02-23 14:00:00,weekday,place-tumnl,Tufts Medical Center,Orange Line,58.0,3777.8,4535.5,1880.0,361
2026-02-23 14:00:00,weekday,place-unsqu,Union Square,Green Line,1.43,135.3,144.6,111.3,347
2026-02-23 14:00:00,weekday,place-welln,Wellington,Orange Line,29.0,3899.1,4551.5,2215.9,358
2026-02-23 14:00:00,weekday,place-wlsta,Wollaston,Red Line,6.0,1734.5,2020.8,1017.4,361
2026-02-23 14:00:00,weekday,place-wimnl,Wood Island,Blue Line,1.0,1318.7,1467.7,932.0,356
2026-02-23 14:00:00,weekday,place-wtcst,World Trade Center,Silver Line,23.0,1200.2,1316.5,909.0,361
2026-02-23 15:00:00,weekday,place-aport,Airport,Blue Line,60.0,6078.3,6569.2,4836.4,360
2026-02-23 15:00:00,weekday,place-alfcl,Alewife,Red Line,30.0,5780.6,6616.4,3687.0,361
2026-02-23 15:00:00,weekday,place-andrw,Andrew,Red Line,39.0,3255.3,3702.9,2134.3,361
2026-02-23 15:00:00,weekday,place-aqucl,Aquarium,Blue Line,20.0,3333.0,3432.4,3084.2,361
2026-02-23 15:00:00,weekday,place-armnl,Arlington,Green Line,31.0,3907.7,3974.4,3739.3,349
2026-02-23 15:00:00,weekday,place-asmnl,Ashmont,Red Line,26.0,3756.3,4380.3,2193.5,361
2026-02-23 15:00:00,weekday,place-astao,Assembly,Orange Line,15.0,2967.9,3119.5,2588.3,361
2026-02-23 15:00:00,weekday,place-bbsta,Back Bay,Orange Line,95.0,10028.9,11471.0,6270.6,357
2026-02-23 15:00:00,weekday,place-bmmnl,Beachmont,Blue Line,22.0,2348.0,2653.2,1560.5,358
2026-02-23 15:00:00,weekday,place-bomnl,Bowdoin,Blue Line,41.0,1406.3,1701.8,666.0,361
2026-02-23 15:00:00,weekday,place-brntn,Braintree,Red Line,4.0,2316.0,2671.8,1416.0,360
2026-02-23 15:00:00,weekday,place-brdwy,Broadway,Red Line,40.0,3513.1,3928.7,2393.2,351
2026-02-23 15:00:00,weekday,place-cntsq,Central,Red Line,42.0,8250.8,8876.6,6683.3,361
2026-02-23 15:00:00,weekday,place-chmnl,Charles/MGH,Red Line,217.0,5543.2,6654.1,2760.4,361
2026-02-23 15:00:00,weekday,place-chncl,Chinatown,Orange Line,51.0,3955.4,4305.4,3078.5,361
2026-02-23 15:00:00,weekday,place-ccmnl,Community College,Orange Line,12.0,2457.6,3023.7,1039.7,361
2026-02-23 15:00:00,weekday,place-coecl,Copley,Green Line,60.0,7980.6,7980.3,7981.3,350
2026-02-23 15:00:00,weekday,place-crtst,Courthouse,Silver Line,31.0,2253.6,2567.2,1468.3,361
2026-02-23 15:00:00,weekday,place-davis,Davis,Red Line,33.0,4866.6,5296.7,3789.1,361
2026-02-23 15:00:00,weekday,place-dwnxg,Downtown Crossing,"Orange Line, Red Line",148.0,10888.3,12269.6,7428.3,361
2026-02-23 15:00:00,weekday,place-fldcr,Fields Corner,Red Line,15.0,2377.4,2697.5,1575.7,361
2026-02-23 15:00:00,weekday,place-forhl,Forest Hills,Orange Line,62.0,6328.0,7469.5,3468.6,361
2026-02-23 15:00:00,weekday,place-gover,Government Center,"Blue Line, Green Line",28.0,4821.1,5170.1,3947.0,361
2026-02-23 15:00:00,weekday,place-grnst,Green Street,Orange Line,12.0,1799.9,2077.1,1101.4,359
2026-02-23 15:00:00,weekday,place-harsq,Harvard,Red Line,104.0,10860.0,11361.2,9604.7,361
2026-02-23 15:00:00,weekday,place-haecl,Haymarket,"Green Line, Orange Line",57.0,6453.5,6748.3,5715.2,361
2026-02-23 15:00:00,weekday,place-hymnl,Hynes Convention Center,Green Line,37.0,5288.6,5220.1,5460.7,355
2026-02-23 15:00:00,weekday,place-jfk,JFK/UMass,Red Line,25.0,4084.5,4808.4,2173.9,353
2026-02-23 15:00:00,weekday,place-jaksn,Jackson Square,Orange Line,32.0,2846.1,3326.1,1631.9,360
2026-02-23 15:00:00,weekday,place-knncl,Kendall/MIT,Red Line,60.0,8412.3,9925.9,4498.5,355
2026-02-23 15:00:00,weekday,place-kencl,Kenmore,Green Line,61.0,4439.8,4535.1,4203.1,352
2026-02-23 15:00:00,weekday,place-lech,Lechmere,Green Line,2.86,245.6,265.3,196.0,359
2026-02-23 15:00:00,weekday,place-mlmnl,Malden Center,Orange Line,32.0,5719.4,6595.3,3525.2,361
2026-02-23 15:00:00,weekday,place-masta,Massachusetts Avenue,Orange Line,49.0,3184.2,3658.5,1996.0,361
2026-02-23 15:00:00,weekday,place-matt,Mattapan Line,Mattapan Line,20.73,2785.5,3271.4,1568.2,361
2026-02-23 15:00:00,weekday,place-mvbcl,Maverick,Blue Line,72.0,7320.1,8106.1,5351.5,361
2026-02-23 15:00:00,weekday,place-nqncy,North Quincy,Red Line,13.0,2886.8,3386.6,1634.9,361
2026-02-23 15:00:00,weekday,place-north,North Station,"Green Line, Orange Line",118.0,11662.5,13084.0,8031.2,359
2026-02-23 15:00:00,weekday,place-ogmnl,Oak Grove,Orange Line,17.0,3496.9,4070.8,2045.5,360
2026-02-23 15:00:00,weekday,place-orhte,Orient Heights,Blue Line,1.0,3047.0,3426.0,2079.0,359
2026-02-23 15:00:00,weekday,place-pktrm,Park Street,"Green Line, Red Line",59.0,8842.8,9190.0,7973.2,361
2026-02-23 15:00:00,weekday,place-portr,Porter,Red Line,24.0,4190.9,4505.7,3402.5,361
2026-02-23 15:00:00,weekday,place-prmnl,Prudential,Green Line,39.0,2182.0,2137.6,2292.7,353
2026-02-23 15:00:00,weekday,place-qamnl,Quincy Adams,Red Line,12.0,1560.4,1835.5,867.2,359
2026-02-23 15:00:00,weekday,place-qnctr,Quincy Center,Red Line,15.0,3374.7,3868.8,2094.1,352
2026-02-23 15:00:00,weekday,place-rbmnl,Revere Beach,Blue Line,23.0,2267.8,2518.2,1633.2,357
2026-02-23 15:00:00,weekday,place-river,Riverside,Green Line,1.0,899.9,901.1,896.9,360
2026-02-23 15:00:00,weekday,place-rcmnl,Roxbury Crossing,Orange Line,25.0,2916.6,3388.0,1712.4,359
2026-02-23 15:00:00,weekday,place-rugg,Ruggles,Orange Line,95.0,5463.2,6671.9,2435.5,361
2026-02-23 15:00:00,weekday,place-shmnl,Savin Hill,Red Line,10.0,1248.0,1417.1,824.3,361
2026-02-23 15:00:00,weekday,place-spmnl,Science Park,Green Line,20.0,733.3,762.6,660.0,361
2026-02-23 15:00:00,weekday,place-smmnl,Shawmut,Red Line,3.0,1085.6,1267.3,630.5,361
2026-02-23 15:00:00,weekday,place-sstat,South Station,"Red Line, Silver Line",104.0,11868.8,13721.2,7126.5,356
2026-02-23 15:00:00,weekday,place-state,State Street,"Blue Line, Orange Line",94.0,7246.9,8717.0,3578.8,360
2026-02-23 15:00:00,weekday,place-sbmnl,Stony Brook,Orange Line,15.0,1897.8,2150.5,1257.4,357
2026-02-23 15:00:00,weekday,place-sull,Sullivan Square,Orange Line,42.0,3949.4,4501.9,2538.3,359
2026-02-23 15:00:00,weekday,place-symcl,Symphony,Green Line,8.0,946.3,920.8,1010.2,327
2026-02-23 15:00:00,weekday,place-tumnl,Tufts Medical Center,Orange Line,105.0,3777.8,4535.5,1880.0,361
2026-02-23 15:00:00,weekday,place-welln,Wellington,Orange Line,26.0,3899.1,4551.5,2215.9,358
2026-02-23 15:00:00,weekday,place-wlsta,Wollaston,Red Line,4.0,1734.5,2020.8,1017.4,361
2026-02-23 15:00:00,weekday,place-wondl,Wonderland,Blue Line,2.0,3759.9,4264.2,2469.0,356
2026-02-23 15:00:00,weekday,place-wimnl,Wood Island,Blue Line,2.0,1318.7,1467.7,932.0,356
2026-02-23 15:00:00,weekday,place-wtcst,World Trade Center,Silver Line,19.0,1200.2,1316.5,909.0,361
2026-02-23 16:00:00,weekday,place-aport,Airport,Blue Line,31.0,6078.3,6569.2,4836.4,360
2026-02-23 16:00:00,weekday,place-alfcl,Alewife,Red Line,24.0,5780.6,6616.4,3687.0,361
2026-02-23 16:00:00,weekday,place-andrw,Andrew,Red Line,32.0,3255.3,3702.9,2134.3,361
2026-02-23 16:00:00,weekday,place-aqucl,Aquarium,Blue Line,32.0,3333.0,3432.4,3084.2,361
2026-02-23 16:00:00,weekday,place-armnl,Arlington,Green Line,44.0,3907.7,3974.4,3739.3,349
2026-02-23 16:00:00,weekday,place-asmnl,Ashmont,Red Line,40.0,3756.3,4380.3,2193.5,361
2026-02-23 16:00:00,weekday,place-astao,Assembly,Orange Line,14.0,2967.9,3119.5,2588.3,361
2026-02-23 16:00:00,weekday,place-bbsta,Back Bay,Orange Line,123.0,10028.9,11471.0,6270.6,357
2026-02-23 16:00:00,weekday,place-bmmnl,Beachmont,Blue Line,13.0,2348.0,2653.2,1560.5,358
2026-02-23 16:00:00,weekday,place-bomnl,Bowdoin,Blue Line,22.0,1406.3,1701.8,666.0,361
2026-02-23 16:00:00,weekday,place-brntn,Braintree,Red Line,9.0,2316.0,2671.8,1416.0,360
2026-02-23 16:00:00,weekday,place-brdwy,Broadway,Red Line,39.0,3513.1,3928.7,2393.2,351
2026-02-23 16:00:00,weekday,place-cntsq,Central,Red Line,51.0,8250.8,8876.6,6683.3,361
2026-02-23 16:00:00,weekday,place-chmnl,Charles/MGH,Red Line,166.0,5543.2,6654.1,2760.4,361
2026-02-23 16:00:00,weekday,place-chncl,Chinatown,Orange Line,54.0,3955.4,4305.4,3078.5,361
2026-02-23 16:00:00,weekday,place-ccmnl,Community College,Orange Line,14.0,2457.6,3023.7,1039.7,361
2026-02-23 16:00:00,weekday,place-coecl,Copley,Green Line,65.0,7980.6,7980.3,7981.3,350
2026-02-23 16:00:00,weekday,place-crtst,Courthouse,Silver Line,14.0,2253.6,2567.2,1468.3,361
2026-02-23 16:00:00,weekday,place-davis,Davis,Red Line,40.0,4866.6,5296.7,3789.1,361
2026-02-23 16:00:00,weekday,place-dwnxg,Downtown Crossing,"Orange Line, Red Line",127.0,10888.3,12269.6,7428.3,361
2026-02-23 16:00:00,weekday,place-fldcr,Fields Corner,Red Line,11.0,2377.4,2697.5,1575.7,361
2026-02-23 16:00:00,weekday,place-forhl,Forest Hills,Orange Line,65.0,6328.0,7469.5,3468.6,361
2026-02-23 16:00:00,weekday,place-gilmn,Gilman Square,Green Line,0.84,264.1,286.5,207.2,351
2026-02-23 16:00:00,weekday,place-gover,Government Center,"Blue Line, Green Line",23.0,4821.1,5170.1,3947.0,361
2026-02-23 16:00:00,weekday,place-grnst,Green Street,Orange Line,8.0,1799.9,2077.1,1101.4,359
2026-02-23 16:00:00,weekday,place-harsq,Harvard,Red Line,90.0,10860.0,11361.2,9604.7,361
2026-02-23 16:00:00,weekday,place-haecl,Haymarket,"Green Line, Orange Line",61.0,6453.5,6748.3,5715.2,361
2026-02-23 16:00:00,weekday,place-hymnl,Hynes Convention Center,Green Line,45.0,5288.6,5220.1,5460.7,355
2026-02-23 16:00:00,weekday,place-jfk,JFK/UMass,Red Line,22.0,4084.5,4808.4,2173.9,353
2026-02-23 16:00:00,weekday,place-jaksn,Jackson Square,Orange Line,33.0,2846.1,3326.1,1631.9,360
2026-02-23 16:00:00,weekday,place-knncl,Kendall/MIT,Red Line,76.0,8412.3,9925.9,4498.5,355
2026-02-23 16:00:00,weekday,place-kencl,Kenmore,Green Line,83.0,4439.8,4535.1,4203.1,352
2026-02-23 16:00:00,weekday,place-mlmnl,Malden Center,Orange Line,35.0,5719.4,6595.3,3525.2,361
2026-02-23 16:00:00,weekday,place-masta,Massachusetts Avenue,Orange Line,44.0,3184.2,3658.5,1996.0,361
2026-02-23 16:00:00,weekday,place-matt,Mattapan Line,Mattapan Line,26.5,2785.5,3271.4,1568.2,361
2026-02-23 16:00:00,weekday,place-mvbcl,Maverick,Blue Line,58.0,7320.1,8106.1,5351.5,361
2026-02-23 16:00:00,weekday,place-nqncy,North Quincy,Red Line,23.0,2886.8,3386.6,1634.9,361
2026-02-23 16:00:00,weekday,place-north,North Station,"Green Line, Orange Line",128.0,11662.5,13084.0,8031.2,359
2026-02-23 16:00:00,weekday,place-ogmnl,Oak Grove,Orange Line,14.0,3496.9,4070.8,2045.5,360
2026-02-23 16:00:00,weekday,place-orhte,Orient Heights,Blue Line,4.0,3047.0,3426.0,2079.0,359
2026-02-23 16:00:00,weekday,place-pktrm,Park Street,"Green Line, Red Line",49.0,8842.8,9190.0,7973.2,361
2026-02-23 16:00:00,weekday,place-portr,Porter,Red Line,26.0,4190.9,4505.7,3402.5,361
2026-02-23 16:00:00,weekday,place-prmnl,Prudential,Green Line,30.0,2182.0,2137.6,2292.7,353
2026-02-23 16:00:00,weekday,place-qamnl,Quincy Adams,Red Line,8.0,1560.4,1835.5,867.2,359
2026-02-23 16:00:00,weekday,place-qnctr,Quincy Center,Red Line,7.0,3374.7,3868.8,2094.1,352
2026-02-23 16:00:00,weekday,place-rbmnl,Revere Beach,Blue Line,10.0,2267.8,2518.2,1633.2,357
2026-02-23 16:00:00,weekday,place-river,Riverside,Green Line,1.0,899.9,901.1,896.9,360
2026-02-23 16:00:00,weekday,place-rcmnl,Roxbury Crossing,Orange Line,36.0,2916.6,3388.0,1712.4,359
2026-02-23 16:00:00,weekday,place-rugg,Ruggles,Orange Line,106.0,5463.2,6671.9,2435.5,361
2026-02-23 16:00:00,weekday,place-shmnl,Savin Hill,Red Line,10.0,1248.0,1417.1,824.3,361
2026-02-23 16:00:00,weekday,place-spmnl,Science Park,Green Line,19.0,733.3,762.6,660.0,361
2026-02-23 16:00:00,weekday,place-smmnl,Shawmut,Red Line,4.0,1085.6,1267.3,630.5,361
2026-02-23 16:00:00,weekday,place-sstat,South Station,"Red Line, Silver Line",92.0,11868.8,13721.2,7126.5,356
2026-02-23 16:00:00,weekday,place-state,State Street,"Blue Line, Orange Line",99.0,7246.9,8717.0,3578.8,360
2026-02-23 16:00:00,weekday,place-sbmnl,Stony Brook,Orange Line,22.0,1897.8,2150.5,1257.4,357
2026-02-23 16:00:00,weekday,place-sull,Sullivan Square,Orange Line,41.0,3949.4,4501.9,2538.3,359
2026-02-23 16:00:00,weekday,place-symcl,Symphony,Green Line,14.0,946.3,920.8,1010.2,327
2026-02-23 16:00:00,weekday,place-tumnl,Tufts Medical Center,Orange Line,80.0,3777.8,4535.5,1880.0,361
2026-02-23 16:00:00,weekday,place-welln,Wellington,Orange Line,24.0,3899.1,4551.5,2215.9,358
2026-02-23 16:00:00,weekday,place-wlsta,Wollaston,Red Line,1.0,1734.5,2020.8,1017.4,361
2026-02-23 16:00:00,weekday,place-wondl,Wonderland,Blue Line,18.0,3759.9,4264.2,2469.0,356
2026-02-23 16:00:00,weekday,place-wimnl,Wood Island,Blue Line,3.0,1318.7,1467.7,932.0,356
2026-02-23 16:00:00,weekday,place-wtcst,World Trade Center,Silver Line,18.0,1200.2,1316.5,909.0,361
2026-02-23 17:00:00,weekday,place-aport,Airport,Blue Line,25.0,6078.3,6569.2,4836.4,360
2026-02-23 17:00:00,weekday,place-alfcl,Alewife,Red Line,31.0,5780.6,6616.4,3687.0,361
2026-02-23 17:00:00,weekday,place-andrw,Andrew,Red Line,42.0,3255.3,3702.9,2134.3,361
2026-02-23 17:00:00,weekday,place-aqucl,Aquarium,Blue Line,37.0,3333.0,3432.4,3084.2,361
2026-02-23 17:00:00,weekday,place-armnl,Arlington,Green Line,52.0,3907.7,3974.4,3739.3,349
2026-02-23 17:00:00,weekday,place-asmnl,Ashmont,Red Line,24.0,3756.3,4380.3,2193.5,361
2026-02-23 17:00:00,weekday,place-astao,Assembly,Orange Line,17.0,2967.9,3119.5,2588.3,361
2026-02-23 17:00:00,weekday,place-bbsta,Back Bay,Orange Line,111.0,10028.9,11471.0,6270.6,357
2026-02-23 17:00:00,weekday,place-bmmnl,Beachmont,Blue Line,14.0,2348.0,2653.2,1560.5,358
2026-02-23 17:00:00,weekday,place-bomnl,Bowdoin,Blue Line,23.0,1406.3,1701.8,666.0,361
2026-02-23 17:00:00,weekday,place-boyls,Boylston,Green Line,1.0,3859.1,3732.2,4181.6,347
2026-02-23 17:00:00,weekday,place-brntn,Braintree,Red Line,11.0,2316.0,2671.8,1416.0,360
2026-02-23 17:00:00,weekday,place-brdwy,Broadway,Red Line,36.0,3513.1,3928.7,2393.2,351
2026-02-23 17:00:00,weekday,place-cntsq,Central,Red Line,72.0,8250.8,8876.6,6683.3,361
2026-02-23 17:00:00,weekday,place-chmnl,Charles/MGH,Red Line,132.0,5543.2,6654.1,2760.4,361
2026-02-23 17:00:00,weekday,place-chncl,Chinatown,Orange Line,55.0,3955.4,4305.4,3078.5,361
2026-02-23 17:00:00,weekday,place-ccmnl,Community College,Orange Line,23.0,2457.6,3023.7,1039.7,361
2026-02-23 17:00:00,weekday,place-coecl,Copley,Green Line,74.0,7980.6,7980.3,7981.3,350
2026-02-23 17:00:00,weekday,place-crtst,Courthouse,Silver Line,22.0,2253.6,2567.2,1468.3,361
2026-02-23 17:00:00,weekday,place-davis,Davis,Red Line,53.0,4866.6,5296.7,3789.1,361
2026-02-23 17:00:00,weekday,place-dwnxg,Downtown Crossing,"Orange Line, Red Line",125.0,10888.3,12269.6,7428.3,361
2026-02-23 17:00:00,weekday,place-fldcr,Fields Corner,Red Line,9.0,2377.4,2697.5,1575.7,361
2026-02-23 17:00:00,weekday,place-forhl,Forest Hills,Orange Line,45.0,6328.0,7469.5,3468.6,361
2026-02-23 17:00:00,weekday,place-gover,Government Center,"Blue Line, Green Line",24.0,4821.1,5170.1,3947.0,361
2026-02-23 17:00:00,weekday,place-grnst,Green Street,Orange Line,14.0,1799.9,2077.1,1101.4,359
2026-02-23 17:00:00,weekday,place-harsq,Harvard,Red Line,74.0,10860.0,11361.2,9604.7,361
2026-02-23 17:00:00,weekday,place-haecl,Haymarket,"Green Line, Orange Line",55.0,6453.5,6748.3,5715.2,361
2026-02-23 17:00:00,weekday,place-hymnl,Hynes Convention Center,Green Line,47.0,5288.6,5220.1,5460.7,355
2026-02-23 17:00:00,weekday,place-jfk,JFK/UMass,Red Line,33.0,4084.5,4808.4,2173.9,353
2026-02-23 17:00:00,weekday,place-jaksn,Jackson Square,Orange Line,23.0,2846.1,3326.1,1631.9,360
2026-02-23 17:00:00,weekday,place-knncl,Kendall/MIT,Red Line,86.0,8412.3,9925.9,4498.5,355
2026-02-23 17:00:00,weekday,place-kencl,Kenmore,Green Line,40.0,4439.8,4535.1,4203.1,352
2026-02-23 17:00:00,weekday,place-mgngl,Magoun Square,Green Line,0.84,128.3,138.1,103.5,349
2026-02-23 17:00:00,weekday,place-mlmnl,Malden Center,Orange Line,33.0,5719.4,6595.3,3525.2,361
2026-02-23 17:00:00,weekday,place-masta,Massachusetts Avenue,Orange Line,62.0,3184.2,3658.5,1996.0,361
2026-02-23 17:00:00,weekday,place-matt,Mattapan Line,Mattapan Line,14.97,2785.5,3271.4,1568.2,361
2026-02-23 17:00:00,weekday,place-mvbcl,Maverick,Blue Line,62.0,7320.1,8106.1,5351.5,361
2026-02-23 17:00:00,weekday,place-nqncy,North Quincy,Red Line,12.0,2886.8,3386.6,1634.9,361
2026-02-23 17:00:00,weekday,place-north,North Station,"Green Line, Orange Line",159.0,11662.5,13084.0,8031.2,359
2026-02-23 17:00:00,weekday,place-ogmnl,Oak Grove,Orange Line,19.0,3496.9,4070.8,2045.5,360
2026-02-23 17:00:00,weekday,place-orhte,Orient Heights,Blue Line,7.0,3047.0,3426.0,2079.0,359
2026-02-23 17:00:00,weekday,place-pktrm,Park Street,"Green Line, Red Line",101.0,8842.8,9190.0,7973.2,361
2026-02-23 17:00:00,weekday,place-portr,Porter,Red Line,40.0,4190.9,4505.7,3402.5,361
2026-02-23 17:00:00,weekday,place-prmnl,Prudential,Green Line,37.0,2182.0,2137.6,2292.7,353
2026-02-23 17:00:00,weekday,place-qamnl,Quincy Adams,Red Line,10.0,1560.4,1835.5,867.2,359
2026-02-23 17:00:00,weekday,place-qnctr,Quincy Center,Red Line,21.0,3374.7,3868.8,2094.1,352
2026-02-23 17:00:00,weekday,place-rbmnl,Revere Beach,Blue Line,11.0,2267.8,2518.2,1633.2,357
2026-02-23 17:00:00,weekday,place-river,Riverside,Green Line,1.0,899.9,901.1,896.9,360
2026-02-23 17:00:00,weekday,place-rcmnl,Roxbury Crossing,Orange Line,29.0,2916.6,3388.0,1712.4,359
2026-02-23 17:00:00,weekday,place-rugg,Ruggles,Orange Line,95.0,5463.2,6671.9,2435.5,361
2026-02-23 17:00:00,weekday,place-shmnl,Savin Hill,Red Line,7.0,1248.0,1417.1,824.3,361
2026-02-23 17:00:00,weekday,place-spmnl,Science Park,Green Line,12.0,733.3,762.6,660.0,361
2026-02-23 17:00:00,weekday,place-smmnl,Shawmut,Red Line,8.0,1085.6,1267.3,630.5,361
2026-02-23 17:00:00,weekday,place-sstat,South Station,"Red Line, Silver Line",120.0,11868.8,13721.2,7126.5,356
2026-02-23 17:00:00,weekday,place-state,State Street,"Blue Line, Orange Line",87.0,7246.9,8717.0,3578.8,360
2026-02-23 17:00:00,weekday,place-sbmnl,Stony Brook,Orange Line,13.0,1897.8,2150.5,1257.4,357
2026-02-23 17:00:00,weekday,place-sull,Sullivan Square,Orange Line,35.0,3949.4,4501.9,2538.3,359
2026-02-23 17:00:00,weekday,place-symcl,Symphony,Green Line,19.0,946.3,920.8,1010.2,327
2026-02-23 17:00:00,weekday,place-tumnl,Tufts Medical Center,Orange Line,78.0,3777.8,4535.5,1880.0,361
2026-02-23 17:00:00,weekday,place-welln,Wellington,Orange Line,24.0,3899.1,4551.5,2215.9,358
2026-02-23 17:00:00,weekday,place-wlsta,Wollaston,Red Line,8.0,1734.5,2020.8,1017.4,361
2026-02-23 17:00:00,weekday,place-wondl,Wonderland,Blue Line,27.0,3759.9,4264.2,2469.0,356
2026-02-23 17:00:00,weekday,place-wtcst,World Trade Center,Silver Line,15.0,1200.2,1316.5,909.0,361
2026-02-23 18:00:00,weekday,place-aport,Airport,Blue Line,27.0,6078.3,6569.2,4836.4,360
2026-02-23 18:00:00,weekday,place-alfcl,Alewife,Red Line,30.0,5780.6,6616.4,3687.0,361
2026-02-23 18:00:00,weekday,place-andrw,Andrew,Red Line,34.0,3255.3,3702.9,2134.3,361
2026-02-23 18:00:00,weekday,place-aqucl,Aquarium,Blue Line,25.0,3333.0,3432.4,3084.2,361
2026-02-23 18:00:00,weekday,place-armnl,Arlington,Green Line,61.0,3907.7,3974.4,3739.3,349
2026-02-23 18:00:00,weekday,place-asmnl,Ashmont,Red Line,28.0,3756.3,4380.3,2193.5,361
2026-02-23 18:00:00,weekday,place-astao,Assembly,Orange Line,19.0,2967.9,3119.5,2588.3,361
2026-02-23 18:00:00,weekday,place-bbsta,Back Bay,Orange Line,86.0,10028.9,11471.0,6270.6,357
2026-02-23 18:00:00,weekday,place-bmmnl,Beachmont,Blue Line,16.0,2348.0,2653.2,1560.5,358
2026-02-23 18:00:00,weekday,place-bomnl,Bowdoin,Blue Line,20.0,1406.3,1701.8,666.0,361
2026-02-23 18:00:00,weekday,place-brntn,Braintree,Red Line,6.0,2316.0,2671.8,1416.0,360
2026-02-23 18:00:00,weekday,place-brdwy,Broadway,Red Line,47.0,3513.1,3928.7,2393.2,351
2026-02-23 18:00:00,weekday,place-cntsq,Central,Red Line,65.0,8250.8,8876.6,6683.3,361
2026-02-23 18:00:00,weekday,place-chmnl,Charles/MGH,Red Line,108.0,5543.2,6654.1,2760.4,361
2026-02-23 18:00:00,weekday,place-chncl,Chinatown,Orange Line,53.0,3955.4,4305.4,3078.5,361
2026-02-23 18:00:00,weekday,place-ccmnl,Community College,Orange Line,22.0,2457.6,3023.7,1039.7,361
2026-02-23 18:00:00,weekday,place-coecl,Copley,Green Line,63.0,7980.6,7980.3,7981.3,350
2026-02-23 18:00:00,weekday,place-crtst,Courthouse,Silver Line,21.0,2253.6,2567.2,1468.3,361
2026-02-23 18:00:00,weekday,place-davis,Davis,Red Line,33.0,4866.6,5296.7,3789.1,361
2026-02-23 18:00:00,weekday,place-dwnxg,Downtown Crossing,"Orange Line, Red Line",124.0,10888.3,12269.6,7428.3,361
2026-02-23 18:00:00,weekday,place-fldcr,Fields Corner,Red Line,9.0,2377.4,2697.5,1575.7,361
2026-02-23 18:00:00,weekday,place-forhl,Forest Hills,Orange Line,37.0,6328.0,7469.5,3468.6,361
2026-02-23 18:00:00,weekday,place-gilmn,Gilman Square,Green Line,2.07,264.1,286.5,207.2,351
2026-02-23 18:00:00,weekday,place-gover,Government Center,"Blue Line, Green Line",23.0,4821.1,5170.1,3947.0,361
2026-02-23 18:00:00,weekday,place-grnst,Green Street,Orange Line,14.0,1799.9,2077.1,1101.4,359
2026-02-23 18:00:00,weekday,place-harsq,Harvard,Red Line,97.0,10860.0,11361.2,9604.7,361
2026-02-23 18:00:00,weekday,place-haecl,Haymarket,"Green Line, Orange Line",52.0,6453.5,6748.3,5715.2,361
2026-02-23 18:00:00,weekday,place-hymnl,Hynes Convention Center,Green Line,65.0,5288.6,5220.1,5460.7,355
2026-02-23 18:00:00,weekday,place-jfk,JFK/UMass,Red Line,23.0,4084.5,4808.4,2173.9,353
2026-02-23 18:00:00,weekday,place-jaksn,Jackson Square,Orange Line,25.0,2846.1,3326.1,1631.9,360
2026-02-23 18:00:00,weekday,place-knncl,Kendall/MIT,Red Line,85.0,8412.3,9925.9,4498.5,355
2026-02-23 18:00:00,weekday,place-kencl,Kenmore,Green Line,49.0,4439.8,4535.1,4203.1,352
2026-02-23 18:00:00,weekday,place-mlmnl,Malden Center,Orange Line,24.0,5719.4,6595.3,3525.2,361
2026-02-23 18:00:00,weekday,place-masta,Massachusetts Avenue,Orange Line,53.0,3184.2,3658.5,1996.0,361
2026-02-23 18:00:00,weekday,place-matt,Mattapan Line,Mattapan Line,24.2,2785.5,3271.4,1568.2,361
2026-02-23 18:00:00,weekday,place-mvbcl,Maverick,Blue Line,47.0,7320.1,8106.1,5351.5,361
2026-02-23 18:00:00,weekday,place-mdftf,Medford/Tufts,Green Line,1.67,181.5,203.0,127.3,349
2026-02-23 18:00:00,weekday,place-nqncy,North Quincy,Red Line,11.0,2886.8,3386.6,1634.9,361
2026-02-23 18:00:00,weekday,place-north,North Station,"Green Line, Orange Line",121.0,11662.5,13084.0,8031.2,359
2026-02-23 18:00:00,weekday,place-ogmnl,Oak Grove,Orange Line,10.0,3496.9,4070.8,2045.5,360
2026-02-23 18:00:00,weekday,place-orhte,Orient Heights,Blue Line,15.0,3047.0,3426.0,2079.0,359
2026-02-23 18:00:00,weekday,place-pktrm,Park Street,"Green Line, Red Line",79.0,8842.8,9190.0,7973.2,361
2026-02-23 18:00:00,weekday,place-portr,Porter,Red Line,49.0,4190.9,4505.7,3402.5,361
2026-02-23 18:00:00,weekday,place-prmnl,Prudential,Green Line,47.0,2182.0,2137.6,2292.7,353
2026-02-23 18:00:00,weekday,place-qamnl,Quincy Adams,Red Line,5.0,1560.4,1835.5,867.2,359
2026-02-23 18:00:00,weekday,place-qnctr,Quincy Center,Red Line,14.0,3374.7,3868.8,2094.1,352
2026-02-23 18:00:00,weekday,place-rbmnl,Revere Beach,Blue Line,12.0,2267.8,2518.2,1633.2,357
2026-02-23 18:00:00,weekday,place-river,Riverside,Green Line,1.0,899.9,901.1,896.9,360
2026-02-23 18:00:00,weekday,place-rcmnl,Roxbury Crossing,Orange Line,38.0,2916.6,3388.0,1712.4,359
2026-02-23 18:00:00,weekday,place-rugg,Ruggles,Orange Line,73.0,5463.2,6671.9,2435.5,361
2026-02-23 18:00:00,weekday,place-shmnl,Savin Hill,Red Line,12.0,1248.0,1417.1,824.3,361
2026-02-23 18:00:00,weekday,place-spmnl,Science Park,Green Line,11.0,733.3,762.6,660.0,361
2026-02-23 18:00:00,weekday,place-sstat,South Station,"Red Line, Silver Line",72.0,11868.8,13721.2,7126.5,356
2026-02-23 18:00:00,weekday,place-state,State Street,"Blue Line, Orange Line",65.0,7246.9,8717.0,3578.8,360
2026-02-23 18:00:00,weekday,place-sbmnl,Stony Brook,Orange Line,19.0,1897.8,2150.5,1257.4,357
2026-02-23 18:00:00,weekday,place-sull,Sullivan Square,Orange Line,34.0,3949.4,4501.9,2538.3,359
2026-02-23 18:00:00,weekday,place-symcl,Symphony,Green Line,18.0,946.3,920.8,1010.2,327
2026-02-23 18:00:00,weekday,place-tumnl,Tufts Medical Center,Orange Line,34.0,3777.8,4535.5,1880.0,361
2026-02-23 18:00:00,weekday,place-welln,Wellington,Orange Line,16.0,3899.1,4551.5,2215.9,358
2026-02-23 18:00:00,weekday,place-wlsta,Wollaston,Red Line,9.0,1734.5,2020.8,1017.4,361
2026-02-23 18:00:00,weekday,place-wondl,Wonderland,Blue Line,22.0,3759.9,4264.2,2469.0,356
2026-02-23 18:00:00,weekday,place-wimnl,Wood Island,Blue Line,3.0,1318.7,1467.7,932.0,356
2026-02-23 18:00:00,weekday,place-wtcst,World Trade Center,Silver Line,15.0,1200.2,1316.5,909.0,361
2026-02-23 19:00:00,weekday,place-aport,Airport,Blue Line,31.0,6078.3,6569.2,4836.4,360
2026-02-23 19:00:00,weekday,place-alfcl,Alewife,Red Line,16.0,5780.6,6616.4,3687.0,361
2026-02-23 19:00:00,weekday,place-andrw,Andrew,Red Line,19.0,3255.3,3702.9,2134.3,361
2026-02-23 19:00:00,weekday,place-aqucl,Aquarium,Blue Line,14.0,3333.0,3432.4,3084.2,361
2026-02-23 19:00:00,weekday,place-armnl,Arlington,Green Line,42.0,3907.7,3974.4,3739.3,349
2026-02-23 19:00:00,weekday,place-asmnl,Ashmont,Red Line,22.0,3756.3,4380.3,2193.5,361
2026-02-23 19:00:00,weekday,place-astao,Assembly,Orange Line,9.0,2967.9,3119.5,2588.3,361
2026-02-23 19:00:00,weekday,place-bbsta,Back Bay,Orange Line,53.0,10028.9,11471.0,6270.6,357
2026-02-23 19:00:00,weekday,place-bmmnl,Beachmont,Blue Line,8.0,2348.0,2653.2,1560.5,358
2026-02-23 19:00:00,weekday,place-bomnl,Bowdoin,Blue Line,25.0,1406.3,1701.8,666.0,361
2026-02-23 19:00:00,weekday,place-boyls,Boylston,Green Line,0.0,3859.1,3732.2,4181.6,347
2026-02-23 19:00:00,weekday,place-brntn,Braintree,Red Line,8.0,2316.0,2671.8,1416.0,360
2026-02-23 19:00:00,weekday,place-brdwy,Broadway,Red Line,25.0,3513.1,3928.7,2393.2,351
2026-02-23 19:00:00,weekday,place-cntsq,Central,Red Line,64.0,8250.8,8876.6,6683.3,361
2026-02-23 19:00:00,weekday,place-chmnl,Charles/MGH,Red Line,194.0,5543.2,6654.1,2760.4,361
2026-02-23 19:00:00,weekday,place-chncl,Chinatown,Orange Line,36.0,3955.4,4305.4,3078.5,361
2026-02-23 19:00:00,weekday,place-ccmnl,Community College,Orange Line,11.0,2457.6,3023.7,1039.7,361
2026-02-23 19:00:00,weekday,place-coecl,Copley,Green Line,58.0,7980.6,7980.3,7981.3,350
2026-02-23 19:00:00,weekday,place-crtst,Courthouse,Silver Line,10.0,2253.6,2567.2,1468.3,361
2026-02-23 19:00:00,weekday,place-davis,Davis,Red Line,32.0,4866.6,5296.7,3789.1,361
2026-02-23 19:00:00,weekday,place-dwnxg,Downtown Crossing,"Orange Line, Red Line",112.0,10888.3,12269.6,7428.3,361
2026-02-23 19:00:00,weekday,place-fldcr,Fields Corner,Red Line,5.0,2377.4,2697.5,1575.7,361
2026-02-23 19:00:00,weekday,place-forhl,Forest Hills,Orange Line,31.0,6328.0,7469.5,3468.6,361
2026-02-23 19:00:00,weekday,place-gover,Government Center,"Blue Line, Green Line",19.0,4821.1,5170.1,3947.0,361
2026-02-23 19:00:00,weekday,place-grnst,Green Street,Orange Line,5.0,1799.9,2077.1,1101.4,359
2026-02-23 19:00:00,weekday,place-harsq,Harvard,Red Line,66.0,10860.0,11361.2,9604.7,361
2026-02-23 19:00:00,weekday,place-haecl,Haymarket,"Green Line, Orange Line",35.0,6453.5,6748.3,5715.2,361
2026-02-23 19:00:00,weekday,place-hymnl,Hynes Convention Center,Green Line,42.0,5288.6,5220.1,5460.7,355
2026-02-23 19:00:00,weekday,place-jfk,JFK/UMass,Red Line,19.0,4084.5,4808.4,2173.9,353
2026-02-23 19:00:00,weekday,place-jaksn,Jackson Square,Orange Line,20.0,2846.1,3326.1,1631.9,360
2026-02-23 19:00:00,weekday,place-knncl,Kendall/MIT,Red Line,76.0,8412.3,9925.9,4498.5,355
2026-02-23 19:00:00,weekday,place-kencl,Kenmore,Green Line,34.0,4439.8,4535.1,4203.1,352
2026-02-23 19:00:00,weekday,place-mlmnl,Malden Center,Orange Line,26.0,5719.4,6595.3,3525.2,361
2026-02-23 19:00:00,weekday,place-masta,Massachusetts Avenue,Orange Line,35.0,3184.2,3658.5,1996.0,361
2026-02-23 19:00:00,weekday,place-matt,Mattapan Line,Mattapan Line,17.28,2785.5,3271.4,1568.2,361
2026-02-23 19:00:00,weekday,place-mvbcl,Maverick,Blue Line,41.0,7320.1,8106.1,5351.5,361
2026-02-23 19:00:00,weekday,place-nqncy,North Quincy,Red Line,12.0,2886.8,3386.6,1634.9,361
2026-02-23 19:00:00,weekday,place-north,North Station,"Green Line, Orange Line",85.0,11662.5,13084.0,8031.2,359
2026-02-23 19:00:00,weekday,place-ogmnl,Oak Grove,Orange Line,8.0,3496.9,4070.8,2045.5,360
2026-02-23 19:00:00,weekday,place-orhte,Orient Heights,Blue Line,4.0,3047.0,3426.0,2079.0,359
2026-02-23 19:00:00,weekday,place-pktrm,Park Street,"Green Line, Red Line",83.0,8842.8,9190.0,7973.2,361
2026-02-23 19:00:00,weekday,place-portr,Porter,Red Line,34.0,4190.9,4505.7,3402.5,361
2026-02-23 19:00:00,weekday,place-prmnl,Prudential,Green Line,37.0,2182.0,2137.6,2292.7,353
2026-02-23 19:00:00,weekday,place-qamnl,Quincy Adams,Red Line,8.0,1560.4,1835.5,867.2,359
2026-02-23 19:00:00,weekday,place-qnctr,Quincy Center,Red Line,8.0,3374.7,3868.8,2094.1,352
2026-02-23 19:00:00,weekday,place-rbmnl,Revere Beach,Blue Line,7.0,2267.8,2518.2,1633.2,357
2026-02-23 19:00:00,weekday,place-river,Riverside,Green Line,3.0,899.9,901.1,896.9,360
2026-02-23 19:00:00,weekday,place-rcmnl,Roxbury Crossing,Orange Line,23.0,2916.6,3388.0,1712.4,359
2026-02-23 19:00:00,weekday,place-rugg,Ruggles,Orange Line,56.0,5463.2,6671.9,2435.5,361
2026-02-23 19:00:00,weekday,place-shmnl,Savin Hill,Red Line,3.0,1248.0,1417.1,824.3,361
2026-02-23 19:00:00,weekday,place-spmnl,Science Park,Green Line,20.0,733.3,762.6,660.0,361
2026-02-23 19:00:00,weekday,place-smmnl,Shawmut,Red Line,3.0,1085.6,1267.3,630.5,361
2026-02-23 19:00:00,weekday,place-sstat,South Station,"Red Line, Silver Line",67.0,11868.8,13721.2,7126.5,356
2026-02-23 19:00:00,weekday,place-state,State Street,"Blue Line, Orange Line",61.0,7246.9,8717.0,3578.8,360
2026-02-23 19:00:00,weekday,place-sbmnl,Stony Brook,Orange Line,5.0,1897.8,2150.5,1257.4,357
2026-02-23 19:00:00,weekday,place-sdmnl,Suffolk Downs,Blue Line,2.0,501.1,568.7,323.9,355
2026-02-23 19:00:00,weekday,place-sull,Sullivan Square,Orange Line,34.0,3949.4,4501.9,2538.3,359
2026-02-23 19:00:00,weekday,place-symcl,Symphony,Green Line,13.0,946.3,920.8,1010.2,327
2026-02-23 19:00:00,weekday,place-tumnl,Tufts Medical Center,Orange Line,80.0,3777.8,4535.5,1880.0,361
2026-02-23 19:00:00,weekday,place-unsqu,Union Square,Green Line,4.28,135.3,144.6,111.3,347
2026-02-23 19:00:00,weekday,place-welln,Wellington,Orange Line,14.0,3899.1,4551.5,2215.9,358
2026-02-23 19:00:00,weekday,place-wlsta,Wollaston,Red Line,1.0,1734.5,2020.8,1017.4,361
2026-02-23 19:00:00,weekday,place-wondl,Wonderland,Blue Line,22.0,3759.9,4264.2,2469.0,356
2026-02-23 19:00:00,weekday,place-wimnl,Wood Island,Blue Line,3.0,1318.7,1467.7,932.0,356
2026-02-23 19:00:00,weekday,place-wtcst,World Trade Center,Silver Line,5.0,1200.2,1316.5,909.0,361
2026-02-23 20:00:00,weekday,place-aport,Airport,Blue Line,15.0,6078.3,6569.2,4836.4,360
2026-02-23 20:00:00,weekday,place-alfcl,Alewife,Red Line,17.0,5780.6,6616.4,3687.0,361
2026-02-23 20:00:00,weekday,place-andrw,Andrew,Red Line,25.0,3255.3,3702.9,2134.3,361
2026-02-23 20:00:00,weekday,place-aqucl,Aquarium,Blue Line,17.0,3333.0,3432.4,3084.2,361
2026-02-23 20:00:00,weekday,place-armnl,Arlington,Green Line,19.0,3907.7,3974.4,3739.3,349
2026-02-23 20:00:00,weekday,place-asmnl,Ashmont,Red Line,22.0,3756.3,4380.3,2193.5,361
2026-02-23 20:00:00,weekday,place-astao,Assembly,Orange Line,7.0,2967.9,3119.5,2588.3,361
2026-02-23 20:00:00,weekday,place-bbsta,Back Bay,Orange Line,67.0,10028.9,11471.0,6270.6,357
2026-02-23 20:00:00,weekday,place-bmmnl,Beachmont,Blue Line,7.0,2348.0,2653.2,1560.5,358
2026-02-23 20:00:00,weekday,place-bomnl,Bowdoin,Blue Line,18.0,1406.3,1701.8,666.0,361
2026-02-23 20:00:00,weekday,place-boyls,Boylston,Green Line,1.0,3859.1,3732.2,4181.6,347
2026-02-23 20:00:00,weekday,place-brntn,Braintree,Red Line,3.0,2316.0,2671.8,1416.0,360
2026-02-23 20:00:00,weekday,place-brdwy,Broadway,Red Line,24.0,3513.1,3928.7,2393.2,351
2026-02-23 20:00:00,weekday,place-cntsq,Central,Red Line,33.0,8250.8,8876.6,6683.3,361
2026-02-23 20:00:00,weekday,place-chmnl,Charles/MGH,Red Line,64.0,5543.2,6654.1,2760.4,361
2026-02-23 20:00:00,weekday,place-chncl,Chinatown,Orange Line,43.0,3955.4,4305.4,3078.5,361
2026-02-23 20:00:00,weekday,place-ccmnl,Community College,Orange Line,6.0,2457.6,3023.7,1039.7,361
2026-02-23 20:00:00,weekday,place-coecl,Copley,Green Line,36.0,7980.6,7980.3,7981.3,350
2026-02-23 20:00:00,weekday,place-crtst,Courthouse,Silver Line,8.0,2253.6,2567.2,1468.3,361
2026-02-23 20:00:00,weekday,place-davis,Davis,Red Line,22.0,4866.6,5296.7,3789.1,361
2026-02-23 20:00:00,weekday,place-dwnxg,Downtown Crossing,"Orange Line, Red Line",93.0,10888.3,12269.6,7428.3,361
2026-02-23 20:00:00,weekday,place-fldcr,Fields Corner,Red Line,6.0,2377.4,2697.5,1575.7,361
2026-02-23 20:00:00,weekday,place-forhl,Forest Hills,Orange Line,33.0,6328.0,7469.5,3468.6,361
2026-02-23 20:00:00,weekday,place-gover,Government Center,"Blue Line, Green Line",16.0,4821.1,5170.1,3947.0,361
2026-02-23 20:00:00,weekday,place-grnst,Green Street,Orange Line,6.0,1799.9,2077.1,1101.4,359
2026-02-23 20:00:00,weekday,place-harsq,Harvard,Red Line,88.0,10860.0,11361.2,9604.7,361
2026-02-23 20:00:00,weekday,place-haecl,Haymarket,"Green Line, Orange Line",37.0,6453.5,6748.3,5715.2,361
2026-02-23 20:00:00,weekday,place-hymnl,Hynes Convention Center,Green Line,43.0,5288.6,5220.1,5460.7,355
2026-02-23 20:00:00,weekday,place-jfk,JFK/UMass,Red Line,20.0,4084.5,4808.4,2173.9,353
2026-02-23 20:00:00,weekday,place-jaksn,Jackson Square,Orange Line,19.0,2846.1,3326.1,1631.9,360
2026-02-23 20:00:00,weekday,place-knncl,Kendall/MIT,Red Line,48.0,8412.3,9925.9,4498.5,355
2026-02-23 20:00:00,weekday,place-kencl,Kenmore,Green Line,40.0,4439.8,4535.1,4203.1,352
2026-02-23 20:00:00,weekday,place-mlmnl,Malden Center,Orange Line,31.0,5719.4,6595.3,3525.2,361
2026-02-23 20:00:00,weekday,place-masta,Massachusetts Avenue,Orange Line,19.0,3184.2,3658.5,1996.0,361
2026-02-23 20:00:00,weekday,place-matt,Mattapan Line,Mattapan Line,18.43,2785.5,3271.4,1568.2,361
2026-02-23 20:00:00,weekday,place-mvbcl,Maverick,Blue Line,34.0,7320.1,8106.1,5351.5,361
2026-02-23 20:00:00,weekday,place-nqncy,North Quincy,Red Line,7.0,2886.8,3386.6,1634.9,361
2026-02-23 20:00:00,weekday,place-north,North Station,"Green Line, Orange Line",90.0,11662.5,13084.0,8031.2,359
2026-02-23 20:00:00,weekday,place-ogmnl,Oak Grove,Orange Line,8.0,3496.9,4070.8,2045.5,360
2026-02-23 20:00:00,weekday,place-orhte,Orient Heights,Blue Line,7.0,3047.0,3426.0,2079.0,359
2026-02-23 20:00:00,weekday,place-pktrm,Park Street,"Green Line, Red Line",52.0,8842.8,9190.0,7973.2,361
2026-02-23 20:00:00,weekday,place-portr,Porter,Red Line,24.0,4190.9,4505.7,3402.5,361
2026-02-23 20:00:00,weekday,place-prmnl,Prudential,Green Line,29.0,2182.0,2137.6,2292.7,353
2026-02-23 20:00:00,weekday,place-qamnl,Quincy Adams,Red Line,6.0,1560.4,1835.5,867.2,359
2026-02-23 20:00:00,weekday,place-qnctr,Quincy Center,Red Line,4.0,3374.7,3868.8,2094.1,352
2026-02-23 20:00:00,weekday,place-rbmnl,Revere Beach,Blue Line,7.0,2267.8,2518.2,1633.2,357
2026-02-23 20:00:00,weekday,place-river,Riverside,Green Line,2.0,899.9,901.1,896.9,360
2026-02-23 20:00:00,weekday,place-rcmnl,Roxbury Crossing,Orange Line,41.0,2916.6,3388.0,1712.4,359
2026-02-23 20:00:00,weekday,place-rugg,Ruggles,Orange Line,64.0,5463.2,6671.9,2435.5,361
2026-02-23 20:00:00,weekday,place-shmnl,Savin Hill,Red Line,4.0,1248.0,1417.1,824.3,361
2026-02-23 20:00:00,weekday,place-spmnl,Science Park,Green Line,13.0,733.3,762.6,660.0,361
2026-02-23 20:00:00,weekday,place-smmnl,Shawmut,Red Line,7.0,1085.6,1267.3,630.5,361
2026-02-23 20:00:00,weekday,place-sstat,South Station,"Red Line, Silver Line",63.0,11868.8,13721.2,7126.5,356
2026-02-23 20:00:00,weekday,place-state,State Street,"Blue Line, Orange Line",56.0,7246.9,8717.0,3578.8,360
2026-02-23 20:00:00,weekday,place-sbmnl,Stony Brook,Orange Line,3.0,1897.8,2150.5,1257.4,357
2026-02-23 20:00:00,weekday,place-sdmnl,Suffolk Downs,Blue Line,1.0,501.1,568.7,323.9,355
2026-02-23 20:00:00,weekday,place-sull,Sullivan Square,Orange Line,40.0,3949.4,4501.9,2538.3,359
2026-02-23 20:00:00,weekday,place-symcl,Symphony,Green Line,9.0,946.3,920.8,1010.2,327
2026-02-23 20:00:00,weekday,place-tumnl,Tufts Medical Center,Orange Line,33.0,3777.8,4535.5,1880.0,361
2026-02-23 20:00:00,weekday,place-welln,Wellington,Orange Line,11.0,3899.1,4551.5,2215.9,358
2026-02-23 20:00:00,weekday,place-wlsta,Wollaston,Red Line,4.0,1734.5,2020.8,1017.4,361
2026-02-23 20:00:00,weekday,place-wondl,Wonderland,Blue Line,6.0,3759.9,4264.2,2469.0,356
2026-02-23 20:00:00,weekday,place-wtcst,World Trade Center,Silver Line,7.0,1200.2,1316.5,909.0,361
2026-02-23 21:00:00,weekday,place-aport,Airport,Blue Line,21.0,6078.3,6569.2,4836.4,360
2026-02-23 21:00:00,weekday,place-alfcl,Alewife,Red Line,22.0,5780.6,6616.4,3687.0,361
2026-02-23 21:00:00,weekday,place-andrw,Andrew,Red Line,9.0,3255.3,3702.9,2134.3,361
2026-02-23 21:00:00,weekday,place-aqucl,Aquarium,Blue Line,10.0,3333.0,3432.4,3084.2,361
2026-02-23 21:00:00,weekday,place-armnl,Arlington,Green Line,22.0,3907.7,3974.4,3739.3,349
2026-02-23 21:00:00,weekday,place-asmnl,Ashmont,Red Line,19.0,3756.3,4380.3,2193.5,361
2026-02-23 21:00:00,weekday,place-astao,Assembly,Orange Line,5.0,2967.9,3119.5,2588.3,361
2026-02-23 21:00:00,weekday,place-bbsta,Back Bay,Orange Line,42.0,10028.9,11471.0,6270.6,357
2026-02-23 21:00:00,weekday,place-bmmnl,Beachmont,Blue Line,11.0,2348.0,2653.2,1560.5,358
2026-02-23 21:00:00,weekday,place-bomnl,Bowdoin,Blue Line,11.0,1406.3,1701.8,666.0,361
2026-02-23 21:00:00,weekday,place-brntn,Braintree,Red Line,3.0,2316.0,2671.8,1416.0,360
2026-02-23 21:00:00,weekday,place-brdwy,Broadway,Red Line,15.0,3513.1,3928.7,2393.2,351
2026-02-23 21:00:00,weekday,place-cntsq,Central,Red Line,37.0,8250.8,8876.6,6683.3,361
2026-02-23 21:00:00,weekday,place-chmnl,Charles/MGH,Red Line,48.0,5543.2,6654.1,2760.4,361
2026-02-23 21:00:00,weekday,place-chncl,Chinatown,Orange Line,44.0,3955.4,4305.4,3078.5,361
2026-02-23 21:00:00,weekday,place-ccmnl,Community College,Orange Line,10.0,2457.6,3023.7,1039.7,361
2026-02-23 21:00:00,weekday,place-coecl,Copley,Green Line,53.0,7980.6,7980.3,7981.3,350
2026-02-23 21:00:00,weekday,place-crtst,Courthouse,Silver Line,2.0,2253.6,2567.2,1468.3,361
2026-02-23 21:00:00,weekday,place-davis,Davis,Red Line,21.0,4866.6,5296.7,3789.1,361
2026-02-23 21:00:00,weekday,place-dwnxg,Downtown Crossing,"Orange Line, Red Line",48.0,10888.3,12269.6,7428.3,361
2026-02-23 21:00:00,weekday,place-fldcr,Fields Corner,Red Line,12.0,2377.4,2697.5,1575.7,361
2026-02-23 21:00:00,weekday,place-forhl,Forest Hills,Orange Line,34.0,6328.0,7469.5,3468.6,361
2026-02-23 21:00:00,weekday,place-gover,Government Center,"Blue Line, Green Line",11.0,4821.1,5170.1,3947.0,361
2026-02-23 21:00:00,weekday,place-grnst,Green Street,Orange Line,7.0,1799.9,2077.1,1101.4,359
2026-02-23 21:00:00,weekday,place-harsq,Harvard,Red Line,62.0,10860.0,11361.2,9604.7,361
2026-02-23 21:00:00,weekday,place-haecl,Haymarket,"Green Line, Orange Line",39.0,6453.5,6748.3,5715.2,361
2026-02-23 21:00:00,weekday,place-hymnl,Hynes Convention Center,Green Line,23.0,5288.6,5220.1,5460.7,355
2026-02-23 21:00:00,weekday,place-jfk,JFK/UMass,Red Line,9.0,4084.5,4808.4,2173.9,353
2026-02-23 21:00:00,weekday,place-jaksn,Jackson Square,Orange Line,14.0,2846.1,3326.1,1631.9,360
2026-02-23 21:00:00,weekday,place-knncl,Kendall/MIT,Red Line,48.0,8412.3,9925.9,4498.5,355
2026-02-23 21:00:00,weekday,place-kencl,Kenmore,Green Line,20.0,4439.8,4535.1,4203.1,352
2026-02-23 21:00:00,weekday,place-mlmnl,Malden Center,Orange Line,27.0,5719.4,6595.3,3525.2,361
2026-02-23 21:00:00,weekday,place-masta,Massachusetts Avenue,Orange Line,17.0,3184.2,3658.5,1996.0,361
2026-02-23 21:00:00,weekday,place-matt,Mattapan Line,Mattapan Line,14.98,2785.5,3271.4,1568.2,361
2026-02-23 21:00:00,weekday,place-mvbcl,Maverick,Blue Line,42.0,7320.1,8106.1,5351.5,361
2026-02-23 21:00:00,weekday,place-nqncy,North Quincy,Red Line,9.0,2886.8,3386.6,1634.9,361
2026-02-23 21:00:00,weekday,place-north,North Station,"Green Line, Orange Line",55.0,11662.5,13084.0,8031.2,359
2026-02-23 21:00:00,weekday,place-ogmnl,Oak Grove,Orange Line,7.0,3496.9,4070.8,2045.5,360
2026-02-23 21:00:00,weekday,place-orhte,Orient Heights,Blue Line,13.0,3047.0,3426.0,2079.0,359
2026-02-23 21:00:00,weekday,place-pktrm,Park Street,"Green Line, Red Line",51.0,8842.8,9190.0,7973.2,361
2026-02-23 21:00:00,weekday,place-portr,Porter,Red Line,16.0,4190.9,4505.7,3402.5,361
2026-02-23 21:00:00,weekday,place-prmnl,Prudential,Green Line,19.0,2182.0,2137.6,2292.7,353
2026-02-23 21:00:00,weekday,place-qamnl,Quincy Adams,Red Line,6.0,1560.4,1835.5,867.2,359
2026-02-23 21:00:00,weekday,place-qnctr,Quincy Center,Red Line,15.0,3374.7,3868.8,2094.1,352
2026-02-23 21:00:00,weekday,place-rbmnl,Revere Beach,Blue Line,10.0,2267.8,2518.2,1633.2,357
2026-02-23 21:00:00,weekday,place-rcmnl,Roxbury Crossing,Orange Line,20.0,2916.6,3388.0,1712.4,359
2026-02-23 21:00:00,weekday,place-rugg,Ruggles,Orange Line,50.0,5463.2,6671.9,2435.5,361
2026-02-23 21:00:00,weekday,place-shmnl,Savin Hill,Red Line,7.0,1248.0,1417.1,824.3,361
2026-02-23 21:00:00,weekday,place-spmnl,Science Park,Green Line,1.0,733.3,762.6,660.0,361
2026-02-23 21:00:00,weekday,place-smmnl,Shawmut,Red Line,7.0,1085.6,1267.3,630.5,361
2026-02-23 21:00:00,weekday,place-sstat,South Station,"Red Line, Silver Line",49.0,11868.8,13721.2,7126.5,356
2026-02-23 21:00:00,weekday,place-state,State Street,"Blue Line, Orange Line",18.0,7246.9,8717.0,3578.8,360
2026-02-23 21:00:00,weekday,place-sbmnl,Stony Brook,Orange Line,5.0,1897.8,2150.5,1257.4,357
2026-02-23 21:00:00,weekday,place-sdmnl,Suffolk Downs,Blue Line,1.0,501.1,568.7,323.9,355
2026-02-23 21:00:00,weekday,place-sull,Sullivan Square,Orange Line,34.0,3949.4,4501.9,2538.3,359
2026-02-23 21:00:00,weekday,place-symcl,Symphony,Green Line,10.0,946.3,920.8,1010.2,327
2026-02-23 21:00:00,weekday,place-tumnl,Tufts Medical Center,Orange Line,26.0,3777.8,4535.5,1880.0,361
2026-02-23 21:00:00,weekday,place-welln,Wellington,Orange Line,8.0,3899.1,4551.5,2215.9,358
2026-02-23 21:00:00,weekday,place-wlsta,Wollaston,Red Line,1.0,1734.5,2020.8,1017.4,361
2026-02-23 21:00:00,weekday,place-wondl,Wonderland,Blue Line,24.0,3759.9,4264.2,2469.0,356
2026-02-23 21:00:00,weekday,place-wtcst,World Trade Center,Silver Line,4.0,1200.2,1316.5,909.0,361
2026-02-23 22:00:00,weekday,place-aport,Airport,Blue Line,21.0,6078.3,6569.2,4836.4,360
2026-02-23 22:00:00,weekday,place-alfcl,Alewife,Red Line,12.0,5780.6,6616.4,3687.0,361
2026-02-23 22:00:00,weekday,place-andrw,Andrew,Red Line,17.0,3255.3,3702.9,2134.3,361
2026-02-23 22:00:00,weekday,place-aqucl,Aquarium,Blue Line,8.0,3333.0,3432.4,3084.2,361
2026-02-23 22:00:00,weekday,place-armnl,Arlington,Green Line,20.0,3907.7,3974.4,3739.3,349
2026-02-23 22:00:00,weekday,place-asmnl,Ashmont,Red Line,20.0,3756.3,4380.3,2193.5,361
2026-02-23 22:00:00,weekday,place-astao,Assembly,Orange Line,6.0,2967.9,3119.5,2588.3,361
2026-02-23 22:00:00,weekday,place-bbsta,Back Bay,Orange Line,40.0,10028.9,11471.0,6270.6,357
2026-02-23 22:00:00,weekday,place-bmmnl,Beachmont,Blue Line,3.0,2348.0,2653.2,1560.5,358
2026-02-23 22:00:00,weekday,place-bomnl,Bowdoin,Blue Line,15.0,1406.3,1701.8,666.0,361
2026-02-23 22:00:00,weekday,place-brntn,Braintree,Red Line,5.0,2316.0,2671.8,1416.0,360
2026-02-23 22:00:00,weekday,place-brdwy,Broadway,Red Line,25.0,3513.1,3928.7,2393.2,351
2026-02-23 22:00:00,weekday,place-cntsq,Central,Red Line,24.0,8250.8,8876.6,6683.3,361
2026-02-23 22:00:00,weekday,place-chmnl,Charles/MGH,Red Line,67.0,5543.2,6654.1,2760.4,361
2026-02-23 22:00:00,weekday,place-chncl,Chinatown,Orange Line,37.0,3955.4,4305.4,3078.5,361
2026-02-23 22:00:00,weekday,place-ccmnl,Community College,Orange Line,12.0,2457.6,3023.7,1039.7,361
2026-02-23 22:00:00,weekday,place-coecl,Copley,Green Line,40.0,7980.6,7980.3,7981.3,350
2026-02-23 22:00:00,weekday,place-crtst,Courthouse,Silver Line,19.0,2253.6,2567.2,1468.3,361
2026-02-23 22:00:00,weekday,place-davis,Davis,Red Line,30.0,4866.6,5296.7,3789.1,361
2026-02-23 22:00:00,weekday,place-dwnxg,Downtown Crossing,"Orange Line, Red Line",47.0,10888.3,12269.6,7428.3,361
2026-02-23 22:00:00,weekday,place-fldcr,Fields Corner,Red Line,8.0,2377.4,2697.5,1575.7,361
2026-02-23 22:00:00,weekday,place-forhl,Forest Hills,Orange Line,29.0,6328.0,7469.5,3468.6,361
2026-02-23 22:00:00,weekday,place-gover,Government Center,"Blue Line, Green Line",17.0,4821.1,5170.1,3947.0,361
2026-02-23 22:00:00,weekday,place-grnst,Green Street,Orange Line,7.0,1799.9,2077.1,1101.4,359
2026-02-23 22:00:00,weekday,place-harsq,Harvard,Red Line,34.0,10860.0,11361.2,9604.7,361
2026-02-23 22:00:00,weekday,place-haecl,Haymarket,"Green Line, Orange Line",32.0,6453.5,6748.3,5715.2,361
2026-02-23 22:00:00,weekday,place-hymnl,Hynes Convention Center,Green Line,25.0,5288.6,5220.1,5460.7,355
2026-02-23 22:00:00,weekday,place-jfk,JFK/UMass,Red Line,6.0,4084.5,4808.4,2173.9,353
2026-02-23 22:00:00,weekday,place-jaksn,Jackson Square,Orange Line,19.0,2846.1,3326.1,1631.9,360
2026-02-23 22:00:00,weekday,place-knncl,Kendall/MIT,Red Line,32.0,8412.3,9925.9,4498.5,355
2026-02-23 22:00:00,weekday,place-kencl,Kenmore,Green Line,32.0,4439.8,4535.1,4203.1,352
2026-02-23 22:00:00,weekday,place-mlmnl,Malden Center,Orange Line,24.0,5719.4,6595.3,3525.2,361
2026-02-23 22:00:00,weekday,place-masta,Massachusetts Avenue,Orange Line,13.0,3184.2,3658.5,1996.0,361
2026-02-23 22:00:00,weekday,place-matt,Mattapan Line,Mattapan Line,17.28,2785.5,3271.4,1568.2,361
2026-02-23 22:00:00,weekday,place-mvbcl,Maverick,Blue Line,29.0,7320.1,8106.1,5351.5,361
2026-02-23 22:00:00,weekday,place-nqncy,North Quincy,Red Line,5.0,2886.8,3386.6,1634.9,361
2026-02-23 22:00:00,weekday,place-north,North Station,"Green Line, Orange Line",52.0,11662.5,13084.0,8031.2,359
2026-02-23 22:00:00,weekday,place-ogmnl,Oak Grove,Orange Line,6.0,3496.9,4070.8,2045.5,360
2026-02-23 22:00:00,weekday,place-orhte,Orient Heights,Blue Line,8.0,3047.0,3426.0,2079.0,359
2026-02-23 22:00:00,weekday,place-pktrm,Park Street,"Green Line, Red Line",31.0,8842.8,9190.0,7973.2,361
2026-02-23 22:00:00,weekday,place-portr,Porter,Red Line,29.0,4190.9,4505.7,3402.5,361
2026-02-23 22:00:00,weekday,place-prmnl,Prudential,Green Line,16.0,2182.0,2137.6,2292.7,353
2026-02-23 22:00:00,weekday,place-qamnl,Quincy Adams,Red Line,5.0,1560.4,1835.5,867.2,359
2026-02-23 22:00:00,weekday,place-qnctr,Quincy Center,Red Line,7.0,3374.7,3868.8,2094.1,352
2026-02-23 22:00:00,weekday,place-rbmnl,Revere Beach,Blue Line,9.0,2267.8,2518.2,1633.2,357
2026-02-23 22:00:00,weekday,place-river,Riverside,Green Line,3.0,899.9,901.1,896.9,360
2026-02-23 22:00:00,weekday,place-rcmnl,Roxbury Crossing,Orange Line,16.0,2916.6,3388.0,1712.4,359
2026-02-23 22:00:00,weekday,place-rugg,Ruggles,Orange Line,40.0,5463.2,6671.9,2435.5,361
2026-02-23 22:00:00,weekday,place-shmnl,Savin Hill,Red Line,4.0,1248.0,1417.1,824.3,361
2026-02-23 22:00:00,weekday,place-spmnl,Science Park,Green Line,4.0,733.3,762.6,660.0,361
2026-02-23 22:00:00,weekday,place-smmnl,Shawmut,Red Line,3.0,1085.6,1267.3,630.5,361
2026-02-23 22:00:00,weekday,place-sstat,South Station,"Red Line, Silver Line",38.0,11868.8,13721.2,7126.5,356
2026-02-23 22:00:00,weekday,place-state,State Street,"Blue Line, Orange Line",36.0,7246.9,8717.0,3578.8,360
2026-02-23 22:00:00,weekday,place-sbmnl,Stony Brook,Orange Line,3.0,1897.8,2150.5,1257.4,357
2026-02-23 22:00:00,weekday,place-sdmnl,Suffolk Downs,Blue Line,1.0,501.1,568.7,323.9,355
2026-02-23 22:00:00,weekday,place-sull,Sullivan Square,Orange Line,15.0,3949.4,4501.9,2538.3,359
2026-02-23 22:00:00,weekday,place-symcl,Symphony,Green Line,5.0,946.3,920.8,1010.2,327
2026-02-23 22:00:00,weekday,place-tumnl,Tufts Medical Center,Orange Line,18.0,3777.8,4535.5,1880.0,361
2026-02-23 22:00:00,weekday,place-welln,Wellington,Orange Line,12.0,3899.1,4551.5,2215.9,358
2026-02-23 22:00:00,weekday,place-wlsta,Wollaston,Red Line,4.0,1734.5,2020.8,1017.4,361
2026-02-23 22:00:00,weekday,place-wondl,Wonderland,Blue Line,21.0,3759.9,4264.2,2469.0,356
2026-02-23 22:00:00,weekday,place-wtcst,World Trade Center,Silver Line,9.0,1200.2,1316.5,909.0,361
2026-02-23 23:00:00,weekday,place-aport,Airport,Blue Line,16.0,6078.3,6569.2,4836.4,360
2026-02-23 23:00:00,weekday,place-alfcl,Alewife,Red Line,6.0,5780.6,6616.4,3687.0,361
2026-02-23 23:00:00,weekday,place-andrw,Andrew,Red Line,10.0,3255.3,3702.9,2134.3,361
2026-02-23 23:00:00,weekday,place-aqucl,Aquarium,Blue Line,20.0,3333.0,3432.4,3084.2,361
2026-02-23 23:00:00,weekday,place-armnl,Arlington,Green Line,19.0,3907.7,3974.4,3739.3,349
2026-02-23 23:00:00,weekday,place-asmnl,Ashmont,Red Line,19.0,3756.3,4380.3,2193.5,361
2026-02-23 23:00:00,weekday,place-astao,Assembly,Orange Line,5.0,2967.9,3119.5,2588.3,361
2026-02-23 23:00:00,weekday,place-bbsta,Back Bay,Orange Line,57.0,10028.9,11471.0,6270.6,357
2026-02-23 23:00:00,weekday,place-bmmnl,Beachmont,Blue Line,6.0,2348.0,2653.2,1560.5,358
2026-02-23 23:00:00,weekday,place-bomnl,Bowdoin,Blue Line,23.0,1406.3,1701.8,666.0,361
2026-02-23 23:00:00,weekday,place-brntn,Braintree,Red Line,3.0,2316.0,2671.8,1416.0,360
2026-02-23 23:00:00,weekday,place-brdwy,Broadway,Red Line,17.0,3513.1,3928.7,2393.2,351
2026-02-23 23:00:00,weekday,place-cntsq,Central,Red Line,23.0,8250.8,8876.6,6683.3,361
2026-02-23 23:00:00,weekday,place-chmnl,Charles/MGH,Red Line,62.0,5543.2,6654.1,2760.4,361
2026-02-23 23:00:00,weekday,place-chncl,Chinatown,Orange Line,28.0,3955.4,4305.4,3078.5,361
2026-02-23 23:00:00,weekday,place-ccmnl,Community College,Orange Line,10.0,2457.6,3023.7,1039.7,361
2026-02-23 23:00:00,weekday,place-coecl,Copley,Green Line,32.0,7980.6,7980.3,7981.3,350
2026-02-23 23:00:00,weekday,place-crtst,Courthouse,Silver Line,13.0,2253.6,2567.2,1468.3,361
2026-02-23 23:00:00,weekday,place-davis,Davis,Red Line,10.0,4866.6,5296.7,3789.1,361
2026-02-23 23:00:00,weekday,place-dwnxg,Downtown Crossing,"Orange Line, Red Line",45.0,10888.3,12269.6,7428.3,361
2026-02-23 23:00:00,weekday,place-fldcr,Fields Corner,Red Line,3.0,2377.4,2697.5,1575.7,361
2026-02-23 23:00:00,weekday,place-forhl,Forest Hills,Orange Line,18.0,6328.0,7469.5,3468.6,361
2026-02-23 23:00:00,weekday,place-gover,Government Center,"Blue Line, Green Line",7.0,4821.1,5170.1,3947.0,361
2026-02-23 23:00:00,weekday,place-grnst,Green Street,Orange Line,5.0,1799.9,2077.1,1101.4,359
2026-02-23 23:00:00,weekday,place-harsq,Harvard,Red Line,36.0,10860.0,11361.2,9604.7,361
2026-02-23 23:00:00,weekday,place-haecl,Haymarket,"Green Line, Orange Line",33.0,6453.5,6748.3,5715.2,361
2026-02-23 23:00:00,weekday,place-hymnl,Hynes Convention Center,Green Line,22.0,5288.6,5220.1,5460.7,355
2026-02-23 23:00:00,weekday,place-jfk,JFK/UMass,Red Line,8.0,4084.5,4808.4,2173.9,353
2026-02-23 23:00:00,weekday,place-jaksn,Jackson Square,Orange Line,5.0,2846.1,3326.1,1631.9,360
2026-02-23 23:00:00,weekday,place-knncl,Kendall/MIT,Red Line,26.0,8412.3,9925.9,4498.5,355
2026-02-23 23:00:00,weekday,place-kencl,Kenmore,Green Line,24.0,4439.8,4535.1,4203.1,352
2026-02-23 23:00:00,weekday,place-mlmnl,Malden Center,Orange Line,8.0,5719.4,6595.3,3525.2,361
2026-02-23 23:00:00,weekday,place-masta,Massachusetts Avenue,Orange Line,25.0,3184.2,3658.5,1996.0,361
2026-02-23 23:00:00,weekday,place-matt,Mattapan Line,Mattapan Line,19.58,2785.5,3271.4,1568.2,361
2026-02-23 23:00:00,weekday,place-mvbcl,Maverick,Blue Line,17.0,7320.1,8106.1,5351.5,361
2026-02-23 23:00:00,weekday,place-nqncy,North Quincy,Red Line,11.0,2886.8,3386.6,1634.9,361
2026-02-23 23:00:00,weekday,place-north,North Station,"Green Line, Orange Line",62.0,11662.5,13084.0,8031.2,359
2026-02-23 23:00:00,weekday,place-ogmnl,Oak Grove,Orange Line,2.0,3496.9,4070.8,2045.5,360
2026-02-23 23:00:00,weekday,place-pktrm,Park Street,"Green Line, Red Line",36.0,8842.8,9190.0,7973.2,361
2026-02-23 23:00:00,weekday,place-portr,Porter,Red Line,9.0,4190.9,4505.7,3402.5,361
2026-02-23 23:00:00,weekday,place-prmnl,Prudential,Green Line,18.0,2182.0,2137.6,2292.7,353
2026-02-23 23:00:00,weekday,place-qamnl,Quincy Adams,Red Line,5.0,1560.4,1835.5,867.2,359
2026-02-23 23:00:00,weekday,place-qnctr,Quincy Center,Red Line,6.0,3374.7,3868.8,2094.1,352
2026-02-23 23:00:00,weekday,place-rbmnl,Revere Beach,Blue Line,4.0,2267.8,2518.2,1633.2,357
2026-02-23 23:00:00,weekday,place-rcmnl,Roxbury Crossing,Orange Line,20.0,2916.6,3388.0,1712.4,359
2026-02-23 23:00:00,weekday,place-rugg,Ruggles,Orange Line,33.0,5463.2,6671.9,2435.5,361
2026-02-23 23:00:00,weekday,place-shmnl,Savin Hill,Red Line,2.0,1248.0,1417.1,824.3,361
2026-02-23 23:00:00,weekday,place-spmnl,Science Park,Green Line,9.0,733.3,762.6,660.0,361
2026-02-23 23:00:00,weekday,place-smmnl,Shawmut,Red Line,2.0,1085.6,1267.3,630.5,361
2026-02-23 23:00:00,weekday,place-sstat,South Station,"Red Line, Silver Line",49.0,11868.8,13721.2,7126.5,356
2026-02-23 23:00:00,weekday,place-state,State Street,"Blue Line, Orange Line",40.0,7246.9,8717.0,3578.8,360
2026-02-23 23:00:00,weekday,place-sbmnl,Stony Brook,Orange Line,2.0,1897.8,2150.5,1257.4,357
2026-02-23 23:00:00,weekday,place-sdmnl,Suffolk Downs,Blue Line,3.0,501.1,568.7,323.9,355
2026-02-23 23:00:00,weekday,place-sull,Sullivan Square,Orange Line,25.0,3949.4,4501.9,2538.3,359
2026-02-23 23:00:00,weekday,place-tumnl,Tufts Medical Center,Orange Line,38.0,3777.8,4535.5,1880.0,361
2026-02-23 23:00:00,weekday,place-welln,Wellington,Orange Line,11.0,3899.1,4551.5,2215.9,358
2026-02-23 23:00:00,weekday,place-wlsta,Wollaston,Red Line,3.0,1734.5,2020.8,1017.4,361
2026-02-23 23:00:00,weekday,place-wondl,Wonderland,Blue Line,10.0,3759.9,4264.2,2469.0,356
2026-02-23 23:00:00,weekday,place-wtcst,World Trade Center,Silver Line,12.0,1200.2,1316.5,909.0,361
